,게임,스토리,번역,캐릭터,과금,업데이트,플레이,생각,문제,정도,재미,가챠,이벤트,오역,시간,운영,시작,로딩,오류,확률,사람,돈,진행,최고,부족,처음,재화,전투,자체,접속,디펜스,필요,스타,모바일,다운로드,부분,붕괴,시스템,난이도,단점,스테이지,수정,개선,이성,추천,기대,해결,광고,계정,추가,화면,수준,이해,느낌,초반,이상,출시,지금,보상,전략,이번,오픈,삭제,리뷰,레벨,버스,감사,매력,이후,요소,그래픽,유도,장점,메인,제가,설치,버전,스킵,육성,최적화,만족,로그인,회사,디자인,머리,부탁,마음,이건,자동,지능,별점,불편,복귀,하루,조작,사용,이랑,신경,몰입,한국
게임,0.0,1257.0,653.0,929.0,639.0,377.0,557.0,570.0,453.0,504.0,321.0,309.0,379.0,269.0,393.0,326.0,339.0,207.0,200.0,219.0,310.0,273.0,279.0,204.0,253.0,275.0,221.0,184.0,329.0,158.0,286.0,216.0,172.0,268.0,135.0,207.0,139.0,197.0,180.0,213.0,179.0,133.0,145.0,132.0,233.0,166.0,160.0,117.0,70.0,126.0,129.0,158.0,166.0,186.0,163.0,172.0,167.0,193.0,129.0,176.0,135.0,175.0,103.0,144.0,111.0,115.0,124.0,165.0,124.0,150.0,141.0,151.0,159.0,124.0,142.0,90.0,89.0,97.0,121.0,110.0,131.0,64.0,124.0,121.0,140.0,102.0,116.0,120.0,106.0,137.0,87.0,117.0,73.0,108.0,101.0,99.0,97.0,99.0,119.0,101.0
스토리,1257.0,0.0,406.0,693.0,259.0,153.0,241.0,292.0,201.0,264.0,175.0,135.0,236.0,201.0,158.0,86.0,116.0,51.0,47.0,74.0,143.0,94.0,194.0,47.0,156.0,102.0,115.0,125.0,123.0,21.0,52.0,78.0,82.0,68.0,18.0,126.0,98.0,84.0,112.0,151.0,74.0,61.0,77.0,28.0,90.0,96.0,51.0,26.0,11.0,76.0,36.0,106.0,162.0,105.0,108.0,77.0,80.0,81.0,70.0,50.0,81.0,76.0,35.0,44.0,73.0,58.0,43.0,117.0,57.0,86.0,86.0,61.0,101.0,168.0,47.0,14.0,79.0,95.0,75.0,40.0,74.0,7.0,53.0,93.0,47.0,32.0,63.0,63.0,49.0,21.0,28.0,58.0,36.0,44.0,47.0,25.0,53.0,53.0,119.0,43.0
번역,653.0,406.0,0.0,208.0,44.0,103.0,97.0,114.0,279.0,154.0,21.0,20.0,76.0,228.0,50.0,82.0,37.0,2.0,116.0,10.0,55.0,83.0,53.0,12.0,64.0,35.0,20.0,18.0,70.0,2.0,13.0,27.0,50.0,13.0,3.0,62.0,34.0,20.0,8.0,21.0,16.0,99.0,95.0,3.0,23.0,48.0,66.0,19.0,4.0,29.0,1.0,125.0,121.0,31.0,18.0,32.0,23.0,48.0,11.0,10.0,33.0,43.0,6.0,24.0,6.0,41.0,21.0,27.0,23.0,16.0,18.0,14.0,29.0,38.0,15.0,2.0,47.0,4.0,19.0,9.0,22.0,1.0,52.0,24.0,8.0,25.0,18.0,19.0,5.0,5.0,40.0,25.0,4.0,17.0,7.0,15.0,27.0,70.0,63.0,56.0
캐릭터,929.0,693.0,208.0,0.0,208.0,109.0,218.0,230.0,149.0,198.0,125.0,150.0,167.0,117.0,111.0,69.0,107.0,32.0,40.0,85.0,111.0,66.0,107.0,46.0,104.0,86.0,112.0,118.0,92.0,16.0,78.0,93.0,62.0,52.0,13.0,99.0,71.0,87.0,100.0,118.0,71.0,38.0,57.0,34.0,73.0,66.0,37.0,24.0,14.0,55.0,27.0,74.0,79.0,88.0,71.0,70.0,69.0,58.0,50.0,80.0,42.0,63.0,26.0,41.0,60.0,52.0,34.0,161.0,38.0,69.0,58.0,63.0,90.0,74.0,43.0,15.0,46.0,31.0,100.0,26.0,60.0,7.0,27.0,128.0,48.0,25.0,71.0,41.0,44.0,31.0,20.0,39.0,26.0,22.0,36.0,36.0,44.0,40.0,59.0,33.0
과금,639.0,259.0,44.0,208.0,0.0,52.0,125.0,143.0,67.0,132.0,77.0,127.0,102.0,25.0,107.0,71.0,64.0,31.0,18.0,71.0,77.0,70.0,77.0,32.0,62.0,47.0,85.0,37.0,49.0,16.0,55.0,65.0,18.0,49.0,6.0,52.0,18.0,67.0,52.0,69.0,59.0,17.0,26.0,37.0,52.0,26.0,21.0,13.0,14.0,25.0,9.0,31.0,26.0,38.0,38.0,57.0,31.0,30.0,40.0,43.0,21.0,44.0,12.0,33.0,48.0,10.0,16.0,41.0,31.0,74.0,17.0,137.0,53.0,34.0,16.0,10.0,16.0,13.0,38.0,15.0,38.0,1.0,10.0,23.0,49.0,9.0,20.0,24.0,17.0,40.0,6.0,20.0,19.0,25.0,20.0,24.0,21.0,21.0,18.0,16.0
업데이트,377.0,153.0,103.0,109.0,52.0,0.0,128.0,56.0,83.0,51.0,20.0,30.0,73.0,47.0,42.0,35.0,43.0,44.0,51.0,15.0,35.0,29.0,41.0,9.0,25.0,24.0,24.0,24.0,29.0,68.0,12.0,37.0,25.0,23.0,63.0,29.0,16.0,20.0,18.0,21.0,20.0,37.0,38.0,7.0,13.0,28.0,41.0,8.0,14.0,34.0,41.0,32.0,17.0,20.0,13.0,22.0,24.0,35.0,19.0,11.0,74.0,19.0,33.0,21.0,9.0,12.0,22.0,14.0,100.0,18.0,14.0,16.0,20.0,27.0,20.0,46.0,52.0,6.0,13.0,11.0,19.0,16.0,12.0,17.0,7.0,30.0,15.0,10.0,11.0,4.0,10.0,25.0,12.0,20.0,2.0,23.0,14.0,14.0,12.0,13.0
플레이,557.0,241.0,97.0,218.0,125.0,128.0,0.0,131.0,101.0,118.0,60.0,54.0,94.0,43.0,101.0,52.0,68.0,44.0,44.0,39.0,68.0,31.0,57.0,27.0,49.0,45.0,50.0,42.0,55.0,45.0,48.0,49.0,37.0,45.0,29.0,48.0,35.0,43.0,40.0,54.0,41.0,29.0,22.0,34.0,42.0,40.0,28.0,17.0,19.0,30.0,26.0,28.0,37.0,47.0,32.0,36.0,40.0,52.0,39.0,51.0,34.0,30.0,25.0,31.0,20.0,20.0,28.0,50.0,19.0,36.0,26.0,27.0,44.0,25.0,33.0,25.0,29.0,19.0,25.0,24.0,35.0,12.0,11.0,29.0,29.0,33.0,34.0,24.0,31.0,24.0,13.0,31.0,14.0,24.0,17.0,33.0,11.0,29.0,26.0,23.0
생각,570.0,292.0,114.0,230.0,143.0,56.0,131.0,0.0,117.0,143.0,78.0,80.0,93.0,57.0,85.0,75.0,73.0,25.0,27.0,48.0,88.0,58.0,68.0,25.0,63.0,61.0,62.0,44.0,61.0,22.0,54.0,44.0,43.0,40.0,11.0,68.0,35.0,56.0,44.0,57.0,47.0,39.0,41.0,30.0,42.0,44.0,29.0,21.0,15.0,33.0,20.0,32.0,49.0,54.0,45.0,42.0,46.0,54.0,36.0,40.0,46.0,47.0,19.0,32.0,27.0,30.0,20.0,51.0,24.0,32.0,23.0,42.0,43.0,36.0,32.0,7.0,21.0,18.0,35.0,9.0,33.0,6.0,20.0,29.0,37.0,19.0,27.0,29.0,19.0,16.0,21.0,26.0,18.0,26.0,15.0,23.0,25.0,27.0,27.0,16.0
문제,453.0,201.0,279.0,149.0,67.0,83.0,101.0,117.0,0.0,110.0,29.0,38.0,72.0,103.0,68.0,71.0,59.0,34.0,50.0,28.0,57.0,30.0,56.0,18.0,56.0,21.0,42.0,28.0,63.0,37.0,14.0,37.0,34.0,23.0,25.0,53.0,24.0,34.0,20.0,33.0,27.0,36.0,48.0,16.0,19.0,25.0,114.0,17.0,17.0,28.0,24.0,41.0,52.0,33.0,29.0,38.0,30.0,49.0,18.0,10.0,33.0,33.0,18.0,24.0,16.0,15.0,20.0,20.0,30.0,25.0,19.0,17.0,30.0,23.0,17.0,20.0,26.0,6.0,25.0,35.0,22.0,20.0,20.0,14.0,12.0,27.0,17.0,22.0,12.0,9.0,29.0,20.0,16.0,17.0,14.0,25.0,14.0,28.0,21.0,24.0
정도,504.0,264.0,154.0,198.0,132.0,51.0,118.0,143.0,110.0,0.0,58.0,76.0,96.0,70.0,74.0,53.0,68.0,28.0,28.0,51.0,72.0,54.0,72.0,16.0,69.0,52.0,69.0,41.0,63.0,23.0,32.0,50.0,33.0,32.0,9.0,59.0,28.0,39.0,56.0,65.0,50.0,32.0,36.0,33.0,40.0,32.0,30.0,16.0,14.0,26.0,13.0,55.0,73.0,42.0,42.0,48.0,44.0,42.0,37.0,24.0,41.0,43.0,19.0,30.0,39.0,30.0,14.0,39.0,30.0,28.0,14.0,31.0,37.0,41.0,30.0,9.0,27.0,12.0,33.0,19.0,22.0,10.0,23.0,30.0,31.0,13.0,18.0,34.0,17.0,14.0,13.0,22.0,20.0,34.0,18.0,25.0,19.0,23.0,34.0,17.0
재미,321.0,175.0,21.0,125.0,77.0,20.0,60.0,78.0,29.0,58.0,0.0,46.0,51.0,6.0,34.0,15.0,33.0,16.0,9.0,29.0,32.0,22.0,28.0,10.0,31.0,26.0,19.0,37.0,38.0,6.0,42.0,26.0,13.0,21.0,6.0,29.0,19.0,19.0,28.0,31.0,25.0,11.0,13.0,10.0,25.0,15.0,7.0,8.0,8.0,16.0,8.0,8.0,10.0,26.0,33.0,28.0,17.0,19.0,10.0,32.0,10.0,19.0,15.0,12.0,22.0,9.0,13.0,20.0,6.0,30.0,19.0,10.0,19.0,19.0,14.0,2.0,7.0,16.0,20.0,12.0,18.0,3.0,5.0,15.0,22.0,7.0,10.0,10.0,14.0,13.0,6.0,13.0,10.0,13.0,9.0,4.0,14.0,12.0,23.0,5.0
가챠,309.0,135.0,20.0,150.0,127.0,30.0,54.0,80.0,38.0,76.0,46.0,0.0,78.0,5.0,49.0,19.0,49.0,26.0,16.0,167.0,37.0,51.0,40.0,14.0,35.0,32.0,83.0,33.0,34.0,7.0,14.0,35.0,12.0,16.0,7.0,24.0,17.0,39.0,35.0,32.0,27.0,9.0,15.0,10.0,27.0,15.0,10.0,21.0,11.0,14.0,20.0,13.0,12.0,25.0,33.0,28.0,23.0,21.0,29.0,12.0,25.0,25.0,14.0,23.0,30.0,10.0,17.0,14.0,13.0,16.0,20.0,17.0,24.0,21.0,20.0,3.0,9.0,11.0,19.0,8.0,14.0,3.0,13.0,10.0,14.0,7.0,17.0,20.0,8.0,10.0,7.0,13.0,12.0,8.0,20.0,14.0,17.0,13.0,9.0,8.0
이벤트,379.0,236.0,76.0,167.0,102.0,73.0,94.0,93.0,72.0,96.0,51.0,78.0,0.0,26.0,74.0,43.0,65.0,27.0,30.0,38.0,38.0,34.0,67.0,19.0,50.0,37.0,61.0,26.0,35.0,14.0,23.0,31.0,18.0,29.0,5.0,36.0,9.0,29.0,53.0,39.0,47.0,28.0,25.0,27.0,25.0,31.0,30.0,9.0,7.0,36.0,15.0,20.0,18.0,29.0,32.0,33.0,41.0,39.0,57.0,21.0,37.0,33.0,16.0,14.0,24.0,3.0,21.0,24.0,28.0,23.0,11.0,23.0,32.0,48.0,25.0,6.0,20.0,15.0,30.0,11.0,23.0,6.0,15.0,15.0,27.0,17.0,20.0,18.0,13.0,20.0,10.0,20.0,19.0,16.0,14.0,9.0,22.0,24.0,12.0,13.0
오역,269.0,201.0,228.0,117.0,25.0,47.0,43.0,57.0,103.0,70.0,6.0,5.0,26.0,0.0,18.0,19.0,19.0,0.0,14.0,4.0,23.0,22.0,20.0,3.0,27.0,14.0,10.0,5.0,38.0,1.0,0.0,14.0,28.0,4.0,2.0,27.0,19.0,8.0,4.0,18.0,7.0,53.0,32.0,0.0,9.0,19.0,24.0,6.0,1.0,10.0,0.0,53.0,67.0,21.0,12.0,15.0,11.0,19.0,2.0,3.0,23.0,18.0,3.0,11.0,2.0,25.0,9.0,12.0,13.0,11.0,10.0,6.0,15.0,23.0,9.0,1.0,22.0,0.0,11.0,3.0,11.0,1.0,25.0,11.0,3.0,12.0,9.0,12.0,4.0,2.0,23.0,9.0,4.0,5.0,1.0,4.0,12.0,19.0,38.0,24.0
시간,393.0,158.0,50.0,111.0,107.0,42.0,101.0,85.0,68.0,74.0,34.0,49.0,74.0,18.0,0.0,33.0,46.0,73.0,32.0,28.0,50.0,41.0,47.0,15.0,41.0,30.0,42.0,40.0,31.0,25.0,27.0,43.0,14.0,28.0,17.0,25.0,10.0,44.0,23.0,42.0,33.0,12.0,30.0,33.0,24.0,12.0,16.0,10.0,11.0,22.0,28.0,18.0,17.0,27.0,27.0,45.0,27.0,29.0,32.0,18.0,16.0,23.0,22.0,22.0,24.0,6.0,10.0,11.0,19.0,20.0,22.0,24.0,38.0,30.0,18.0,18.0,14.0,28.0,26.0,16.0,17.0,11.0,9.0,13.0,17.0,11.0,17.0,17.0,28.0,15.0,5.0,17.0,12.0,33.0,11.0,10.0,13.0,11.0,14.0,4.0
운영,326.0,86.0,82.0,69.0,71.0,35.0,52.0,75.0,71.0,53.0,15.0,19.0,43.0,19.0,33.0,0.0,23.0,13.0,27.0,15.0,26.0,37.0,23.0,9.0,19.0,20.0,22.0,6.0,36.0,9.0,18.0,23.0,22.0,19.0,5.0,24.0,4.0,20.0,13.0,11.0,15.0,27.0,20.0,8.0,15.0,19.0,15.0,17.0,6.0,14.0,2.0,13.0,14.0,15.0,17.0,24.0,20.0,30.0,16.0,15.0,17.0,19.0,6.0,19.0,7.0,10.0,11.0,13.0,14.0,12.0,0.0,13.0,7.0,2.0,13.0,3.0,4.0,2.0,8.0,7.0,13.0,4.0,25.0,10.0,8.0,11.0,20.0,15.0,7.0,6.0,18.0,8.0,6.0,12.0,14.0,7.0,10.0,19.0,4.0,19.0
시작,339.0,116.0,37.0,107.0,64.0,43.0,68.0,73.0,59.0,68.0,33.0,49.0,65.0,19.0,46.0,23.0,0.0,33.0,31.0,26.0,45.0,21.0,37.0,13.0,18.0,67.0,36.0,27.0,17.0,17.0,22.0,22.0,21.0,32.0,25.0,29.0,19.0,30.0,29.0,27.0,29.0,15.0,22.0,6.0,41.0,24.0,20.0,16.0,19.0,16.0,28.0,9.0,14.0,27.0,21.0,29.0,29.0,39.0,23.0,14.0,19.0,41.0,25.0,22.0,17.0,9.0,17.0,19.0,18.0,9.0,11.0,18.0,22.0,18.0,22.0,13.0,14.0,12.0,25.0,13.0,11.0,18.0,8.0,17.0,18.0,15.0,14.0,15.0,11.0,9.0,8.0,16.0,16.0,14.0,10.0,15.0,5.0,9.0,11.0,5.0
로딩,207.0,51.0,2.0,32.0,31.0,44.0,44.0,25.0,34.0,28.0,16.0,26.0,27.0,0.0,73.0,13.0,33.0,0.0,29.0,15.0,11.0,9.0,22.0,1.0,6.0,16.0,13.0,26.0,16.0,28.0,2.0,9.0,2.0,10.0,16.0,14.0,2.0,17.0,6.0,18.0,9.0,10.0,22.0,0.0,6.0,4.0,22.0,6.0,7.0,5.0,65.0,4.0,2.0,8.0,7.0,9.0,10.0,11.0,9.0,3.0,12.0,4.0,20.0,14.0,6.0,1.0,6.0,6.0,24.0,7.0,5.0,6.0,9.0,12.0,5.0,27.0,5.0,6.0,2.0,29.0,4.0,21.0,2.0,3.0,2.0,11.0,5.0,7.0,5.0,0.0,1.0,13.0,10.0,8.0,12.0,5.0,7.0,7.0,1.0,1.0
오류,200.0,47.0,116.0,40.0,18.0,51.0,44.0,27.0,50.0,28.0,9.0,16.0,30.0,14.0,32.0,27.0,31.0,29.0,0.0,14.0,15.0,20.0,28.0,5.0,4.0,18.0,7.0,5.0,20.0,53.0,3.0,8.0,16.0,11.0,18.0,24.0,6.0,44.0,5.0,7.0,14.0,42.0,18.0,3.0,12.0,8.0,46.0,9.0,6.0,11.0,28.0,12.0,15.0,5.0,4.0,15.0,10.0,14.0,20.0,2.0,14.0,12.0,11.0,8.0,8.0,4.0,12.0,5.0,22.0,7.0,10.0,3.0,7.0,4.0,13.0,12.0,5.0,4.0,3.0,10.0,6.0,64.0,6.0,7.0,3.0,18.0,7.0,5.0,6.0,3.0,6.0,8.0,4.0,11.0,8.0,13.0,1.0,7.0,5.0,8.0
확률,219.0,74.0,10.0,85.0,71.0,15.0,39.0,48.0,28.0,51.0,29.0,167.0,38.0,4.0,28.0,15.0,26.0,15.0,14.0,0.0,26.0,37.0,33.0,8.0,17.0,18.0,47.0,19.0,19.0,5.0,11.0,20.0,3.0,10.0,3.0,13.0,10.0,26.0,26.0,29.0,12.0,9.0,14.0,10.0,17.0,4.0,4.0,8.0,9.0,10.0,9.0,9.0,8.0,19.0,11.0,23.0,14.0,21.0,15.0,10.0,16.0,14.0,8.0,11.0,17.0,4.0,7.0,8.0,10.0,8.0,13.0,17.0,19.0,8.0,13.0,2.0,4.0,10.0,15.0,5.0,10.0,3.0,10.0,9.0,9.0,6.0,8.0,9.0,15.0,5.0,2.0,7.0,7.0,5.0,59.0,6.0,13.0,8.0,8.0,4.0
사람,310.0,143.0,55.0,111.0,77.0,35.0,68.0,88.0,57.0,72.0,32.0,37.0,38.0,23.0,50.0,26.0,45.0,11.0,15.0,26.0,0.0,37.0,25.0,7.0,21.0,25.0,26.0,32.0,28.0,14.0,26.0,20.0,25.0,19.0,13.0,39.0,28.0,28.0,26.0,31.0,24.0,11.0,12.0,12.0,41.0,15.0,13.0,15.0,9.0,9.0,7.0,18.0,24.0,29.0,21.0,22.0,30.0,29.0,20.0,20.0,15.0,33.0,15.0,23.0,16.0,18.0,12.0,23.0,16.0,22.0,22.0,13.0,24.0,17.0,10.0,12.0,14.0,25.0,22.0,15.0,18.0,5.0,10.0,14.0,23.0,8.0,12.0,18.0,10.0,13.0,6.0,16.0,4.0,13.0,9.0,12.0,19.0,13.0,13.0,12.0
돈,273.0,94.0,83.0,66.0,70.0,29.0,31.0,58.0,30.0,54.0,22.0,51.0,34.0,22.0,41.0,37.0,21.0,9.0,20.0,37.0,37.0,0.0,27.0,6.0,20.0,24.0,26.0,15.0,29.0,8.0,8.0,15.0,12.0,18.0,3.0,16.0,9.0,25.0,14.0,15.0,6.0,15.0,11.0,4.0,14.0,12.0,12.0,13.0,13.0,11.0,0.0,19.0,16.0,15.0,12.0,26.0,19.0,18.0,25.0,9.0,17.0,21.0,10.0,17.0,12.0,13.0,6.0,3.0,14.0,14.0,9.0,13.0,11.0,13.0,14.0,5.0,15.0,2.0,8.0,3.0,5.0,1.0,25.0,10.0,8.0,5.0,10.0,17.0,4.0,9.0,5.0,5.0,4.0,13.0,15.0,5.0,13.0,14.0,7.0,12.0
진행,279.0,194.0,53.0,107.0,77.0,41.0,57.0,68.0,56.0,72.0,28.0,40.0,67.0,20.0,47.0,23.0,37.0,22.0,28.0,33.0,25.0,27.0,0.0,8.0,34.0,30.0,41.0,33.0,22.0,17.0,18.0,29.0,16.0,19.0,7.0,33.0,14.0,30.0,30.0,33.0,34.0,12.0,23.0,9.0,13.0,19.0,24.0,5.0,9.0,19.0,16.0,23.0,25.0,21.0,27.0,28.0,21.0,22.0,22.0,19.0,19.0,20.0,17.0,10.0,30.0,3.0,9.0,22.0,24.0,22.0,17.0,26.0,21.0,29.0,7.0,6.0,14.0,17.0,12.0,5.0,16.0,8.0,13.0,14.0,17.0,9.0,12.0,13.0,12.0,7.0,5.0,14.0,13.0,8.0,17.0,18.0,8.0,13.0,19.0,10.0
최고,204.0,47.0,12.0,46.0,32.0,9.0,27.0,25.0,18.0,16.0,10.0,14.0,19.0,3.0,15.0,9.0,13.0,1.0,5.0,8.0,7.0,6.0,8.0,0.0,12.0,11.0,7.0,9.0,7.0,1.0,24.0,11.0,9.0,25.0,3.0,4.0,7.0,9.0,8.0,11.0,8.0,2.0,4.0,3.0,4.0,5.0,2.0,2.0,1.0,9.0,3.0,6.0,5.0,4.0,7.0,12.0,3.0,14.0,4.0,18.0,4.0,7.0,1.0,4.0,8.0,8.0,13.0,9.0,2.0,9.0,5.0,10.0,13.0,6.0,7.0,1.0,4.0,1.0,7.0,2.0,4.0,2.0,4.0,8.0,6.0,5.0,5.0,2.0,5.0,6.0,2.0,0.0,0.0,1.0,1.0,2.0,2.0,5.0,6.0,4.0
부족,253.0,156.0,64.0,104.0,62.0,25.0,49.0,63.0,56.0,69.0,31.0,35.0,50.0,27.0,41.0,19.0,18.0,6.0,4.0,17.0,21.0,20.0,34.0,12.0,0.0,18.0,55.0,20.0,28.0,4.0,20.0,39.0,9.0,19.0,8.0,29.0,10.0,28.0,24.0,40.0,27.0,9.0,26.0,68.0,17.0,12.0,12.0,8.0,2.0,23.0,7.0,24.0,28.0,34.0,22.0,26.0,17.0,15.0,22.0,27.0,16.0,16.0,4.0,13.0,18.0,9.0,14.0,13.0,13.0,19.0,22.0,14.0,27.0,29.0,11.0,5.0,19.0,3.0,30.0,15.0,19.0,1.0,9.0,21.0,18.0,5.0,14.0,8.0,9.0,18.0,10.0,9.0,5.0,15.0,8.0,14.0,9.0,9.0,10.0,9.0
처음,275.0,102.0,35.0,86.0,47.0,24.0,45.0,61.0,21.0,52.0,26.0,32.0,37.0,14.0,30.0,20.0,67.0,16.0,18.0,18.0,25.0,24.0,30.0,11.0,18.0,0.0,19.0,25.0,11.0,16.0,23.0,15.0,17.0,21.0,15.0,14.0,17.0,14.0,21.0,15.0,15.0,12.0,9.0,5.0,25.0,20.0,7.0,13.0,7.0,15.0,16.0,10.0,12.0,20.0,20.0,13.0,26.0,27.0,10.0,12.0,12.0,18.0,10.0,14.0,16.0,4.0,14.0,16.0,19.0,11.0,10.0,11.0,9.0,6.0,21.0,13.0,3.0,13.0,9.0,7.0,13.0,10.0,10.0,7.0,12.0,9.0,15.0,7.0,13.0,10.0,9.0,15.0,11.0,7.0,9.0,2.0,4.0,10.0,12.0,8.0
재화,221.0,115.0,20.0,112.0,85.0,24.0,50.0,62.0,42.0,69.0,19.0,83.0,61.0,10.0,42.0,22.0,36.0,13.0,7.0,47.0,26.0,26.0,41.0,7.0,55.0,19.0,0.0,32.0,25.0,9.0,11.0,40.0,7.0,9.0,4.0,22.0,19.0,31.0,39.0,35.0,27.0,14.0,14.0,16.0,15.0,10.0,10.0,8.0,7.0,15.0,3.0,15.0,11.0,26.0,21.0,22.0,17.0,16.0,20.0,15.0,15.0,15.0,5.0,13.0,25.0,6.0,10.0,18.0,11.0,24.0,10.0,19.0,24.0,17.0,12.0,0.0,12.0,5.0,44.0,4.0,15.0,1.0,11.0,15.0,18.0,1.0,13.0,9.0,19.0,10.0,6.0,9.0,9.0,6.0,8.0,13.0,7.0,13.0,10.0,4.0
전투,184.0,125.0,18.0,118.0,37.0,24.0,42.0,44.0,28.0,41.0,37.0,33.0,26.0,5.0,40.0,6.0,27.0,26.0,5.0,19.0,32.0,15.0,33.0,9.0,20.0,25.0,32.0,0.0,13.0,5.0,8.0,18.0,14.0,16.0,3.0,27.0,24.0,46.0,16.0,30.0,17.0,8.0,16.0,5.0,15.0,15.0,5.0,8.0,2.0,15.0,27.0,13.0,11.0,27.0,26.0,16.0,15.0,5.0,13.0,17.0,9.0,19.0,11.0,7.0,22.0,12.0,6.0,25.0,8.0,21.0,23.0,6.0,26.0,20.0,6.0,7.0,10.0,21.0,15.0,14.0,14.0,5.0,9.0,13.0,6.0,8.0,9.0,9.0,55.0,3.0,2.0,20.0,3.0,7.0,12.0,10.0,11.0,4.0,10.0,1.0
자체,329.0,123.0,70.0,92.0,49.0,29.0,55.0,61.0,63.0,63.0,38.0,34.0,35.0,38.0,31.0,36.0,17.0,16.0,20.0,19.0,28.0,29.0,22.0,7.0,28.0,11.0,25.0,13.0,0.0,18.0,19.0,25.0,9.0,15.0,11.0,31.0,9.0,24.0,19.0,23.0,10.0,10.0,14.0,11.0,18.0,13.0,18.0,5.0,10.0,8.0,11.0,24.0,32.0,16.0,14.0,18.0,15.0,15.0,11.0,9.0,9.0,13.0,14.0,15.0,14.0,18.0,8.0,10.0,12.0,15.0,13.0,7.0,15.0,15.0,14.0,2.0,8.0,4.0,9.0,9.0,12.0,11.0,11.0,15.0,11.0,11.0,9.0,11.0,5.0,9.0,8.0,12.0,5.0,11.0,8.0,13.0,13.0,15.0,17.0,10.0
접속,158.0,21.0,2.0,16.0,16.0,68.0,45.0,22.0,37.0,23.0,6.0,7.0,14.0,1.0,25.0,9.0,17.0,28.0,53.0,5.0,14.0,8.0,17.0,1.0,4.0,16.0,9.0,5.0,18.0,0.0,6.0,8.0,4.0,14.0,21.0,12.0,2.0,14.0,7.0,6.0,5.0,8.0,8.0,5.0,4.0,4.0,35.0,7.0,19.0,9.0,26.0,3.0,2.0,7.0,7.0,22.0,10.0,8.0,12.0,6.0,13.0,12.0,22.0,10.0,6.0,0.0,5.0,5.0,29.0,7.0,0.0,5.0,6.0,6.0,8.0,21.0,4.0,5.0,4.0,5.0,1.0,27.0,3.0,2.0,2.0,13.0,6.0,4.0,3.0,2.0,1.0,4.0,8.0,17.0,3.0,8.0,3.0,5.0,1.0,4.0
디펜스,286.0,52.0,13.0,78.0,55.0,12.0,48.0,54.0,14.0,32.0,42.0,14.0,23.0,0.0,27.0,18.0,22.0,2.0,3.0,11.0,26.0,8.0,18.0,24.0,20.0,23.0,11.0,8.0,19.0,6.0,0.0,28.0,4.0,20.0,3.0,19.0,2.0,15.0,23.0,19.0,22.0,4.0,2.0,18.0,33.0,5.0,2.0,5.0,2.0,8.0,5.0,9.0,5.0,15.0,9.0,12.0,6.0,12.0,4.0,48.0,1.0,14.0,1.0,8.0,10.0,0.0,8.0,18.0,11.0,22.0,6.0,15.0,12.0,3.0,16.0,2.0,0.0,6.0,24.0,2.0,10.0,2.0,1.0,11.0,24.0,5.0,7.0,9.0,10.0,22.0,4.0,6.0,0.0,5.0,2.0,4.0,3.0,5.0,5.0,6.0
필요,216.0,78.0,27.0,93.0,65.0,37.0,49.0,44.0,37.0,50.0,26.0,35.0,31.0,14.0,43.0,23.0,22.0,9.0,8.0,20.0,20.0,15.0,29.0,11.0,39.0,15.0,40.0,18.0,25.0,8.0,28.0,0.0,8.0,11.0,7.0,15.0,10.0,35.0,26.0,18.0,25.0,12.0,26.0,23.0,17.0,8.0,15.0,4.0,5.0,18.0,5.0,14.0,12.0,18.0,18.0,29.0,13.0,13.0,17.0,22.0,11.0,13.0,7.0,8.0,20.0,6.0,8.0,11.0,10.0,12.0,7.0,12.0,15.0,15.0,11.0,3.0,5.0,9.0,20.0,8.0,7.0,2.0,3.0,8.0,14.0,5.0,15.0,8.0,18.0,12.0,7.0,9.0,2.0,10.0,15.0,14.0,8.0,12.0,4.0,4.0
스타,172.0,82.0,50.0,62.0,18.0,25.0,37.0,43.0,34.0,33.0,13.0,12.0,18.0,28.0,14.0,22.0,21.0,2.0,16.0,3.0,25.0,12.0,16.0,9.0,9.0,17.0,7.0,14.0,9.0,4.0,4.0,8.0,0.0,13.0,9.0,19.0,99.0,7.0,7.0,8.0,5.0,3.0,4.0,0.0,13.0,26.0,8.0,6.0,5.0,8.0,6.0,15.0,17.0,15.0,11.0,21.0,13.0,11.0,6.0,3.0,20.0,17.0,4.0,8.0,12.0,21.0,13.0,14.0,6.0,7.0,12.0,4.0,11.0,11.0,13.0,3.0,17.0,3.0,8.0,9.0,15.0,5.0,7.0,9.0,1.0,5.0,8.0,9.0,2.0,0.0,8.0,7.0,4.0,5.0,3.0,5.0,12.0,9.0,10.0,18.0
모바일,268.0,68.0,13.0,52.0,49.0,23.0,45.0,40.0,23.0,32.0,21.0,16.0,29.0,4.0,28.0,19.0,32.0,10.0,11.0,10.0,19.0,18.0,19.0,25.0,19.0,21.0,9.0,16.0,15.0,14.0,20.0,11.0,13.0,0.0,9.0,19.0,15.0,15.0,11.0,15.0,14.0,9.0,12.0,6.0,20.0,11.0,13.0,9.0,3.0,9.0,6.0,18.0,9.0,15.0,10.0,11.0,17.0,22.0,7.0,15.0,8.0,20.0,3.0,8.0,9.0,6.0,7.0,13.0,9.0,19.0,14.0,10.0,11.0,7.0,18.0,5.0,10.0,3.0,7.0,19.0,10.0,6.0,6.0,12.0,8.0,11.0,10.0,10.0,7.0,5.0,4.0,7.0,8.0,7.0,8.0,8.0,3.0,11.0,9.0,14.0
다운로드,135.0,18.0,3.0,13.0,6.0,63.0,29.0,11.0,25.0,9.0,6.0,7.0,5.0,2.0,17.0,5.0,25.0,16.0,18.0,3.0,13.0,3.0,7.0,3.0,8.0,15.0,4.0,3.0,11.0,21.0,3.0,7.0,9.0,9.0,0.0,7.0,2.0,9.0,3.0,3.0,0.0,5.0,6.0,0.0,9.0,5.0,11.0,9.0,3.0,24.0,20.0,5.0,6.0,6.0,2.0,12.0,3.0,5.0,3.0,5.0,7.0,3.0,23.0,6.0,4.0,2.0,9.0,3.0,10.0,7.0,5.0,2.0,1.0,2.0,3.0,25.0,11.0,6.0,2.0,9.0,1.0,5.0,4.0,1.0,6.0,4.0,2.0,5.0,0.0,0.0,2.0,7.0,8.0,7.0,2.0,7.0,2.0,0.0,1.0,2.0
부분,207.0,126.0,62.0,99.0,52.0,29.0,48.0,68.0,53.0,59.0,29.0,24.0,36.0,27.0,25.0,24.0,29.0,14.0,24.0,13.0,39.0,16.0,33.0,4.0,29.0,14.0,22.0,27.0,31.0,12.0,19.0,15.0,19.0,19.0,7.0,0.0,18.0,25.0,16.0,24.0,12.0,22.0,42.0,6.0,16.0,19.0,12.0,4.0,2.0,12.0,20.0,14.0,31.0,25.0,26.0,15.0,15.0,16.0,10.0,17.0,12.0,19.0,2.0,12.0,18.0,11.0,12.0,22.0,11.0,22.0,14.0,10.0,16.0,22.0,7.0,1.0,9.0,4.0,18.0,17.0,21.0,1.0,7.0,16.0,9.0,8.0,9.0,13.0,9.0,6.0,5.0,9.0,11.0,7.0,10.0,8.0,10.0,13.0,18.0,10.0
붕괴,139.0,98.0,34.0,71.0,18.0,16.0,35.0,35.0,24.0,28.0,19.0,17.0,9.0,19.0,10.0,4.0,19.0,2.0,6.0,10.0,28.0,9.0,14.0,7.0,10.0,17.0,19.0,24.0,9.0,2.0,2.0,10.0,99.0,15.0,2.0,18.0,0.0,8.0,6.0,23.0,3.0,4.0,5.0,1.0,16.0,24.0,9.0,7.0,4.0,9.0,4.0,11.0,21.0,26.0,19.0,8.0,10.0,4.0,6.0,9.0,14.0,17.0,6.0,6.0,8.0,19.0,8.0,13.0,3.0,9.0,17.0,6.0,12.0,10.0,12.0,3.0,4.0,3.0,9.0,9.0,16.0,4.0,4.0,13.0,3.0,4.0,12.0,8.0,6.0,1.0,4.0,11.0,4.0,7.0,7.0,1.0,13.0,9.0,15.0,6.0
시스템,197.0,84.0,20.0,87.0,67.0,20.0,43.0,56.0,34.0,39.0,19.0,39.0,29.0,8.0,44.0,20.0,30.0,17.0,44.0,26.0,28.0,25.0,30.0,9.0,28.0,14.0,31.0,46.0,24.0,14.0,15.0,35.0,7.0,15.0,9.0,25.0,8.0,0.0,22.0,22.0,25.0,7.0,14.0,13.0,9.0,15.0,10.0,4.0,4.0,21.0,7.0,10.0,11.0,14.0,17.0,19.0,16.0,15.0,14.0,9.0,4.0,20.0,8.0,21.0,20.0,4.0,12.0,17.0,11.0,19.0,12.0,14.0,18.0,13.0,10.0,4.0,8.0,15.0,23.0,7.0,8.0,2.0,7.0,17.0,10.0,7.0,11.0,8.0,22.0,6.0,4.0,18.0,5.0,8.0,12.0,12.0,6.0,9.0,9.0,3.0
난이도,180.0,112.0,8.0,100.0,52.0,18.0,40.0,44.0,20.0,56.0,28.0,35.0,53.0,4.0,23.0,13.0,29.0,6.0,5.0,26.0,26.0,14.0,30.0,8.0,24.0,21.0,39.0,16.0,19.0,7.0,23.0,26.0,7.0,11.0,3.0,16.0,6.0,22.0,0.0,35.0,34.0,8.0,7.0,12.0,21.0,8.0,10.0,3.0,1.0,13.0,2.0,9.0,10.0,14.0,24.0,20.0,19.0,14.0,19.0,18.0,7.0,13.0,2.0,8.0,26.0,1.0,4.0,14.0,8.0,13.0,5.0,18.0,23.0,16.0,7.0,2.0,8.0,5.0,40.0,2.0,10.0,2.0,2.0,7.0,16.0,6.0,5.0,6.0,7.0,14.0,2.0,6.0,7.0,5.0,8.0,10.0,8.0,8.0,6.0,1.0
단점,213.0,151.0,21.0,118.0,69.0,21.0,54.0,57.0,33.0,65.0,31.0,32.0,39.0,18.0,42.0,11.0,27.0,18.0,7.0,29.0,31.0,15.0,33.0,11.0,40.0,15.0,35.0,30.0,23.0,6.0,19.0,18.0,8.0,15.0,3.0,24.0,23.0,22.0,35.0,0.0,26.0,6.0,13.0,28.0,15.0,11.0,4.0,3.0,0.0,17.0,11.0,16.0,17.0,21.0,22.0,20.0,13.0,16.0,18.0,22.0,10.0,17.0,2.0,13.0,23.0,11.0,5.0,15.0,8.0,21.0,11.0,16.0,125.0,24.0,7.0,3.0,9.0,10.0,21.0,8.0,13.0,4.0,5.0,23.0,19.0,0.0,7.0,14.0,17.0,15.0,1.0,11.0,6.0,14.0,9.0,14.0,14.0,8.0,12.0,9.0
스테이지,179.0,74.0,16.0,71.0,59.0,20.0,41.0,47.0,27.0,50.0,25.0,27.0,47.0,7.0,33.0,15.0,29.0,9.0,14.0,12.0,24.0,6.0,34.0,8.0,27.0,15.0,27.0,17.0,10.0,5.0,22.0,25.0,5.0,14.0,0.0,12.0,3.0,25.0,34.0,26.0,0.0,8.0,10.0,27.0,18.0,13.0,11.0,2.0,7.0,11.0,7.0,14.0,3.0,13.0,13.0,23.0,10.0,8.0,21.0,28.0,6.0,8.0,5.0,12.0,14.0,3.0,11.0,14.0,10.0,12.0,4.0,15.0,23.0,8.0,6.0,0.0,4.0,7.0,20.0,4.0,6.0,1.0,4.0,8.0,24.0,9.0,12.0,11.0,14.0,17.0,5.0,11.0,6.0,8.0,7.0,10.0,6.0,5.0,7.0,7.0
수정,133.0,61.0,99.0,38.0,17.0,37.0,29.0,39.0,36.0,32.0,11.0,9.0,28.0,53.0,12.0,27.0,15.0,10.0,42.0,9.0,11.0,15.0,12.0,2.0,9.0,12.0,14.0,8.0,10.0,8.0,4.0,12.0,3.0,9.0,5.0,22.0,4.0,7.0,8.0,6.0,8.0,0.0,19.0,1.0,8.0,12.0,9.0,9.0,3.0,5.0,8.0,17.0,14.0,6.0,7.0,11.0,9.0,14.0,10.0,6.0,9.0,13.0,8.0,25.0,5.0,2.0,15.0,5.0,17.0,4.0,6.0,7.0,8.0,11.0,6.0,4.0,4.0,1.0,1.0,4.0,6.0,4.0,7.0,4.0,2.0,27.0,7.0,3.0,4.0,0.0,18.0,8.0,6.0,1.0,4.0,5.0,2.0,4.0,4.0,13.0
개선,145.0,77.0,95.0,57.0,26.0,38.0,22.0,41.0,48.0,36.0,13.0,15.0,25.0,32.0,30.0,20.0,22.0,22.0,18.0,14.0,12.0,11.0,23.0,4.0,26.0,9.0,14.0,16.0,14.0,8.0,2.0,26.0,4.0,12.0,6.0,42.0,5.0,14.0,7.0,13.0,10.0,19.0,0.0,12.0,7.0,20.0,7.0,7.0,2.0,15.0,10.0,12.0,10.0,16.0,13.0,12.0,15.0,17.0,13.0,7.0,15.0,15.0,3.0,7.0,10.0,7.0,9.0,3.0,11.0,11.0,5.0,6.0,13.0,8.0,3.0,2.0,14.0,3.0,2.0,9.0,9.0,4.0,9.0,3.0,2.0,15.0,7.0,10.0,9.0,1.0,8.0,11.0,9.0,7.0,5.0,9.0,2.0,9.0,6.0,8.0
이성,132.0,28.0,3.0,34.0,37.0,7.0,34.0,30.0,16.0,33.0,10.0,10.0,27.0,0.0,33.0,8.0,6.0,0.0,3.0,10.0,12.0,4.0,9.0,3.0,68.0,5.0,16.0,5.0,11.0,5.0,18.0,23.0,0.0,6.0,0.0,6.0,1.0,13.0,12.0,28.0,27.0,1.0,12.0,0.0,6.0,7.0,3.0,1.0,1.0,8.0,0.0,4.0,3.0,9.0,14.0,13.0,3.0,3.0,13.0,14.0,3.0,2.0,0.0,5.0,14.0,1.0,4.0,3.0,0.0,7.0,3.0,7.0,18.0,6.0,7.0,0.0,0.0,2.0,14.0,3.0,12.0,0.0,1.0,5.0,10.0,4.0,10.0,3.0,10.0,16.0,1.0,6.0,0.0,21.0,1.0,12.0,4.0,2.0,1.0,1.0
추천,233.0,90.0,23.0,73.0,52.0,13.0,42.0,42.0,19.0,40.0,25.0,27.0,25.0,9.0,24.0,15.0,41.0,6.0,12.0,17.0,41.0,14.0,13.0,4.0,17.0,25.0,15.0,15.0,18.0,4.0,33.0,17.0,13.0,20.0,9.0,16.0,16.0,9.0,21.0,15.0,18.0,8.0,7.0,6.0,0.0,10.0,3.0,10.0,3.0,8.0,7.0,13.0,5.0,14.0,18.0,13.0,9.0,19.0,10.0,27.0,4.0,14.0,3.0,7.0,10.0,11.0,9.0,13.0,10.0,18.0,13.0,8.0,7.0,8.0,12.0,4.0,4.0,4.0,12.0,9.0,9.0,0.0,4.0,8.0,12.0,6.0,7.0,4.0,7.0,10.0,1.0,11.0,4.0,12.0,3.0,8.0,4.0,6.0,8.0,5.0
기대,166.0,96.0,48.0,66.0,26.0,28.0,40.0,44.0,25.0,32.0,15.0,15.0,31.0,19.0,12.0,19.0,24.0,4.0,8.0,4.0,15.0,12.0,19.0,5.0,12.0,20.0,10.0,15.0,13.0,4.0,5.0,8.0,26.0,11.0,5.0,19.0,24.0,15.0,8.0,11.0,13.0,12.0,20.0,7.0,10.0,0.0,10.0,10.0,1.0,11.0,4.0,16.0,21.0,19.0,15.0,18.0,20.0,16.0,9.0,10.0,19.0,14.0,6.0,15.0,9.0,15.0,13.0,14.0,8.0,14.0,7.0,3.0,8.0,13.0,10.0,5.0,9.0,4.0,3.0,6.0,16.0,2.0,9.0,11.0,3.0,3.0,8.0,4.0,1.0,4.0,5.0,8.0,10.0,7.0,6.0,2.0,1.0,13.0,12.0,8.0
해결,160.0,51.0,66.0,37.0,21.0,41.0,28.0,29.0,114.0,30.0,7.0,10.0,30.0,24.0,16.0,15.0,20.0,22.0,46.0,4.0,13.0,12.0,24.0,2.0,12.0,7.0,10.0,5.0,18.0,35.0,2.0,15.0,8.0,13.0,11.0,12.0,9.0,10.0,10.0,4.0,11.0,9.0,7.0,3.0,3.0,10.0,0.0,8.0,12.0,11.0,16.0,10.0,13.0,7.0,5.0,9.0,13.0,14.0,9.0,5.0,12.0,12.0,22.0,11.0,8.0,6.0,11.0,9.0,20.0,1.0,5.0,4.0,3.0,8.0,12.0,26.0,11.0,1.0,5.0,10.0,8.0,18.0,5.0,4.0,4.0,24.0,7.0,3.0,0.0,1.0,8.0,8.0,6.0,8.0,9.0,12.0,4.0,9.0,6.0,11.0
광고,117.0,26.0,19.0,24.0,13.0,8.0,17.0,21.0,17.0,16.0,8.0,21.0,9.0,6.0,10.0,17.0,16.0,6.0,9.0,8.0,15.0,13.0,5.0,2.0,8.0,13.0,8.0,8.0,5.0,7.0,5.0,4.0,6.0,9.0,9.0,4.0,7.0,4.0,3.0,3.0,2.0,9.0,7.0,1.0,10.0,10.0,8.0,0.0,6.0,1.0,2.0,2.0,6.0,11.0,4.0,5.0,11.0,7.0,6.0,5.0,3.0,4.0,6.0,14.0,3.0,4.0,5.0,2.0,5.0,1.0,6.0,6.0,0.0,2.0,8.0,8.0,2.0,3.0,1.0,3.0,5.0,1.0,8.0,0.0,1.0,2.0,8.0,7.0,4.0,0.0,0.0,3.0,5.0,2.0,4.0,1.0,6.0,6.0,3.0,4.0
계정,70.0,11.0,4.0,14.0,14.0,14.0,19.0,15.0,17.0,14.0,8.0,11.0,7.0,1.0,11.0,6.0,19.0,7.0,6.0,9.0,9.0,13.0,9.0,1.0,2.0,7.0,7.0,2.0,10.0,19.0,2.0,5.0,5.0,3.0,3.0,2.0,4.0,4.0,1.0,0.0,7.0,3.0,2.0,1.0,3.0,1.0,12.0,6.0,0.0,5.0,8.0,1.0,0.0,2.0,3.0,12.0,2.0,8.0,5.0,0.0,6.0,7.0,23.0,5.0,5.0,2.0,7.0,1.0,6.0,1.0,1.0,1.0,1.0,1.0,16.0,11.0,1.0,1.0,1.0,1.0,1.0,26.0,1.0,0.0,4.0,7.0,5.0,2.0,2.0,1.0,2.0,6.0,15.0,1.0,2.0,17.0,2.0,0.0,1.0,1.0
추가,126.0,76.0,29.0,55.0,25.0,34.0,30.0,33.0,28.0,26.0,16.0,14.0,36.0,10.0,22.0,14.0,16.0,5.0,11.0,10.0,9.0,11.0,19.0,9.0,23.0,15.0,15.0,15.0,8.0,9.0,8.0,18.0,8.0,9.0,24.0,12.0,9.0,21.0,13.0,17.0,11.0,5.0,15.0,8.0,8.0,11.0,11.0,1.0,5.0,0.0,9.0,10.0,9.0,9.0,9.0,10.0,12.0,16.0,9.0,10.0,19.0,9.0,5.0,6.0,13.0,5.0,11.0,6.0,9.0,5.0,7.0,7.0,14.0,8.0,3.0,11.0,12.0,8.0,5.0,9.0,8.0,1.0,3.0,5.0,8.0,10.0,5.0,4.0,12.0,4.0,8.0,10.0,7.0,4.0,1.0,8.0,5.0,8.0,2.0,7.0
화면,129.0,36.0,1.0,27.0,9.0,41.0,26.0,20.0,24.0,13.0,8.0,20.0,15.0,0.0,28.0,2.0,28.0,65.0,28.0,9.0,7.0,0.0,16.0,3.0,7.0,16.0,3.0,27.0,11.0,26.0,5.0,5.0,6.0,6.0,20.0,20.0,4.0,7.0,2.0,11.0,7.0,8.0,10.0,0.0,7.0,4.0,16.0,2.0,8.0,9.0,0.0,0.0,1.0,3.0,3.0,8.0,3.0,4.0,6.0,2.0,9.0,2.0,14.0,11.0,2.0,1.0,12.0,2.0,22.0,3.0,7.0,1.0,12.0,15.0,4.0,25.0,3.0,2.0,0.0,20.0,5.0,20.0,1.0,1.0,3.0,14.0,6.0,2.0,2.0,1.0,0.0,14.0,6.0,2.0,4.0,7.0,7.0,3.0,0.0,1.0
수준,158.0,106.0,125.0,74.0,31.0,32.0,28.0,32.0,41.0,55.0,8.0,13.0,20.0,53.0,18.0,13.0,9.0,4.0,12.0,9.0,18.0,19.0,23.0,6.0,24.0,10.0,15.0,13.0,24.0,3.0,9.0,14.0,15.0,18.0,5.0,14.0,11.0,10.0,9.0,16.0,14.0,17.0,12.0,4.0,13.0,16.0,10.0,2.0,1.0,10.0,0.0,0.0,27.0,14.0,13.0,14.0,13.0,10.0,7.0,4.0,9.0,14.0,0.0,6.0,10.0,10.0,3.0,10.0,10.0,13.0,8.0,5.0,10.0,13.0,1.0,2.0,15.0,2.0,8.0,6.0,12.0,0.0,13.0,14.0,5.0,6.0,6.0,8.0,2.0,3.0,6.0,5.0,2.0,3.0,6.0,5.0,4.0,7.0,18.0,15.0
이해,166.0,162.0,121.0,79.0,26.0,17.0,37.0,49.0,52.0,73.0,10.0,12.0,18.0,67.0,17.0,14.0,14.0,2.0,15.0,8.0,24.0,16.0,25.0,5.0,28.0,12.0,11.0,11.0,32.0,2.0,5.0,12.0,17.0,9.0,6.0,31.0,21.0,11.0,10.0,17.0,3.0,14.0,10.0,3.0,5.0,21.0,13.0,6.0,0.0,9.0,1.0,27.0,0.0,10.0,18.0,16.0,8.0,14.0,7.0,5.0,14.0,9.0,2.0,8.0,3.0,19.0,4.0,11.0,8.0,10.0,4.0,3.0,12.0,13.0,7.0,4.0,10.0,2.0,11.0,4.0,10.0,1.0,12.0,6.0,6.0,2.0,8.0,9.0,5.0,1.0,10.0,9.0,1.0,6.0,8.0,6.0,6.0,10.0,15.0,14.0
느낌,186.0,105.0,31.0,88.0,38.0,20.0,47.0,54.0,33.0,42.0,26.0,25.0,29.0,21.0,27.0,15.0,27.0,8.0,5.0,19.0,29.0,15.0,21.0,4.0,34.0,20.0,26.0,27.0,16.0,7.0,15.0,18.0,15.0,15.0,6.0,25.0,26.0,14.0,14.0,21.0,13.0,6.0,16.0,9.0,14.0,19.0,7.0,11.0,2.0,9.0,3.0,14.0,10.0,0.0,30.0,14.0,11.0,15.0,5.0,14.0,13.0,16.0,6.0,10.0,11.0,11.0,8.0,21.0,15.0,13.0,13.0,11.0,18.0,17.0,10.0,2.0,13.0,7.0,16.0,9.0,8.0,2.0,5.0,15.0,8.0,3.0,15.0,15.0,8.0,6.0,2.0,9.0,6.0,2.0,6.0,7.0,7.0,7.0,7.0,7.0
초반,163.0,108.0,18.0,71.0,38.0,13.0,32.0,45.0,29.0,42.0,33.0,33.0,32.0,12.0,27.0,17.0,21.0,7.0,4.0,11.0,21.0,12.0,27.0,7.0,22.0,20.0,21.0,26.0,14.0,7.0,9.0,18.0,11.0,10.0,2.0,26.0,19.0,17.0,24.0,22.0,13.0,7.0,13.0,14.0,18.0,15.0,5.0,4.0,3.0,9.0,3.0,13.0,18.0,30.0,0.0,18.0,16.0,6.0,9.0,7.0,7.0,15.0,3.0,7.0,22.0,9.0,4.0,17.0,9.0,12.0,19.0,3.0,17.0,19.0,8.0,1.0,6.0,9.0,14.0,4.0,5.0,2.0,3.0,10.0,10.0,5.0,7.0,12.0,13.0,9.0,2.0,6.0,5.0,9.0,2.0,5.0,8.0,7.0,9.0,2.0
이상,172.0,77.0,32.0,70.0,57.0,22.0,36.0,42.0,38.0,48.0,28.0,28.0,33.0,15.0,45.0,24.0,29.0,9.0,15.0,23.0,22.0,26.0,28.0,12.0,26.0,13.0,22.0,16.0,18.0,22.0,12.0,29.0,21.0,11.0,12.0,15.0,8.0,19.0,20.0,20.0,23.0,11.0,12.0,13.0,13.0,18.0,9.0,5.0,12.0,10.0,8.0,14.0,16.0,14.0,18.0,0.0,14.0,24.0,11.0,11.0,21.0,15.0,7.0,8.0,17.0,11.0,9.0,10.0,14.0,14.0,9.0,11.0,19.0,16.0,8.0,5.0,7.0,4.0,13.0,10.0,8.0,3.0,7.0,7.0,4.0,6.0,9.0,7.0,4.0,5.0,4.0,9.0,5.0,16.0,6.0,12.0,8.0,9.0,8.0,6.0
출시,167.0,80.0,23.0,69.0,31.0,24.0,40.0,46.0,30.0,44.0,17.0,23.0,41.0,11.0,27.0,20.0,29.0,10.0,10.0,14.0,30.0,19.0,21.0,3.0,17.0,26.0,17.0,15.0,15.0,10.0,6.0,13.0,13.0,17.0,3.0,15.0,10.0,16.0,19.0,13.0,10.0,9.0,15.0,3.0,9.0,20.0,13.0,11.0,2.0,12.0,3.0,13.0,8.0,11.0,16.0,14.0,0.0,16.0,18.0,10.0,15.0,14.0,4.0,11.0,11.0,5.0,4.0,9.0,9.0,11.0,14.0,8.0,14.0,10.0,10.0,4.0,16.0,5.0,8.0,6.0,7.0,5.0,5.0,14.0,6.0,0.0,10.0,6.0,2.0,1.0,6.0,5.0,11.0,7.0,1.0,6.0,7.0,13.0,7.0,8.0
지금,193.0,81.0,48.0,58.0,30.0,35.0,52.0,54.0,49.0,42.0,19.0,21.0,39.0,19.0,29.0,30.0,39.0,11.0,14.0,21.0,29.0,18.0,22.0,14.0,15.0,27.0,16.0,5.0,15.0,8.0,12.0,13.0,11.0,22.0,5.0,16.0,4.0,15.0,14.0,16.0,8.0,14.0,17.0,3.0,19.0,16.0,14.0,7.0,8.0,16.0,4.0,10.0,14.0,15.0,6.0,24.0,16.0,0.0,17.0,9.0,10.0,35.0,7.0,12.0,5.0,10.0,14.0,13.0,10.0,6.0,4.0,7.0,14.0,10.0,12.0,5.0,12.0,4.0,8.0,4.0,10.0,4.0,8.0,3.0,6.0,6.0,14.0,7.0,6.0,5.0,14.0,11.0,7.0,7.0,6.0,2.0,11.0,13.0,5.0,4.0
보상,129.0,70.0,11.0,50.0,40.0,19.0,39.0,36.0,18.0,37.0,10.0,29.0,57.0,2.0,32.0,16.0,23.0,9.0,20.0,15.0,20.0,25.0,22.0,4.0,22.0,10.0,20.0,13.0,11.0,12.0,4.0,17.0,6.0,7.0,3.0,10.0,6.0,14.0,19.0,18.0,21.0,10.0,13.0,13.0,10.0,9.0,9.0,6.0,5.0,9.0,6.0,7.0,7.0,5.0,9.0,11.0,18.0,17.0,0.0,7.0,6.0,5.0,3.0,5.0,18.0,3.0,7.0,8.0,12.0,7.0,8.0,10.0,11.0,9.0,15.0,2.0,2.0,6.0,4.0,5.0,8.0,3.0,5.0,6.0,8.0,7.0,6.0,6.0,3.0,4.0,3.0,4.0,14.0,7.0,6.0,7.0,8.0,4.0,6.0,3.0
전략,176.0,50.0,10.0,80.0,43.0,11.0,51.0,40.0,10.0,24.0,32.0,12.0,21.0,3.0,18.0,15.0,14.0,3.0,2.0,10.0,20.0,9.0,19.0,18.0,27.0,12.0,15.0,17.0,9.0,6.0,48.0,22.0,3.0,15.0,5.0,17.0,9.0,9.0,18.0,22.0,28.0,6.0,7.0,14.0,27.0,10.0,5.0,5.0,0.0,10.0,2.0,4.0,5.0,14.0,7.0,11.0,10.0,9.0,7.0,0.0,1.0,9.0,2.0,7.0,10.0,5.0,5.0,20.0,3.0,20.0,8.0,13.0,20.0,6.0,5.0,3.0,2.0,5.0,20.0,5.0,9.0,0.0,4.0,10.0,22.0,1.0,14.0,4.0,10.0,8.0,3.0,5.0,3.0,7.0,12.0,9.0,5.0,4.0,7.0,5.0
이번,135.0,81.0,33.0,42.0,21.0,74.0,34.0,46.0,33.0,41.0,10.0,25.0,37.0,23.0,16.0,17.0,19.0,12.0,14.0,16.0,15.0,17.0,19.0,4.0,16.0,12.0,15.0,9.0,9.0,13.0,1.0,11.0,20.0,8.0,7.0,12.0,14.0,4.0,7.0,10.0,6.0,9.0,15.0,3.0,4.0,19.0,12.0,3.0,6.0,19.0,9.0,9.0,14.0,13.0,7.0,21.0,15.0,10.0,6.0,1.0,0.0,11.0,10.0,11.0,6.0,11.0,14.0,7.0,33.0,5.0,1.0,5.0,4.0,8.0,8.0,10.0,12.0,1.0,4.0,6.0,12.0,5.0,10.0,3.0,2.0,4.0,14.0,10.0,1.0,2.0,6.0,5.0,11.0,2.0,2.0,7.0,3.0,5.0,4.0,14.0
오픈,175.0,76.0,43.0,63.0,44.0,19.0,30.0,47.0,33.0,43.0,19.0,25.0,33.0,18.0,23.0,19.0,41.0,4.0,12.0,14.0,33.0,21.0,20.0,7.0,16.0,18.0,15.0,19.0,13.0,12.0,14.0,13.0,17.0,20.0,3.0,19.0,17.0,20.0,13.0,17.0,8.0,13.0,15.0,2.0,14.0,14.0,12.0,4.0,7.0,9.0,2.0,14.0,9.0,16.0,15.0,15.0,14.0,35.0,5.0,9.0,11.0,0.0,5.0,19.0,7.0,9.0,5.0,18.0,19.0,11.0,7.0,8.0,15.0,18.0,10.0,4.0,15.0,5.0,7.0,4.0,12.0,1.0,8.0,11.0,5.0,5.0,7.0,8.0,7.0,4.0,3.0,11.0,7.0,9.0,5.0,9.0,6.0,7.0,11.0,5.0
삭제,103.0,35.0,6.0,26.0,12.0,33.0,25.0,19.0,18.0,19.0,15.0,14.0,16.0,3.0,22.0,6.0,25.0,20.0,11.0,8.0,15.0,10.0,17.0,1.0,4.0,10.0,5.0,11.0,14.0,22.0,1.0,7.0,4.0,3.0,23.0,2.0,6.0,8.0,2.0,2.0,5.0,8.0,3.0,0.0,3.0,6.0,22.0,6.0,23.0,5.0,14.0,0.0,2.0,6.0,3.0,7.0,4.0,7.0,3.0,2.0,10.0,5.0,0.0,28.0,5.0,1.0,6.0,3.0,13.0,3.0,1.0,2.0,2.0,3.0,7.0,39.0,3.0,10.0,3.0,4.0,1.0,6.0,0.0,1.0,2.0,3.0,3.0,5.0,8.0,0.0,3.0,5.0,11.0,7.0,4.0,6.0,6.0,4.0,1.0,5.0
리뷰,144.0,44.0,24.0,41.0,33.0,21.0,31.0,32.0,24.0,30.0,12.0,23.0,14.0,11.0,22.0,19.0,22.0,14.0,8.0,11.0,23.0,17.0,10.0,4.0,13.0,14.0,13.0,7.0,15.0,10.0,8.0,8.0,8.0,8.0,6.0,12.0,6.0,21.0,8.0,13.0,12.0,25.0,7.0,5.0,7.0,15.0,11.0,14.0,5.0,6.0,11.0,6.0,8.0,10.0,7.0,8.0,11.0,12.0,5.0,7.0,11.0,19.0,28.0,0.0,3.0,4.0,12.0,7.0,15.0,5.0,6.0,12.0,10.0,3.0,21.0,10.0,7.0,2.0,8.0,1.0,9.0,2.0,3.0,5.0,7.0,10.0,6.0,9.0,5.0,5.0,6.0,5.0,3.0,6.0,7.0,12.0,10.0,8.0,4.0,5.0
레벨,111.0,73.0,6.0,60.0,48.0,9.0,20.0,27.0,16.0,39.0,22.0,30.0,24.0,2.0,24.0,7.0,17.0,6.0,8.0,17.0,16.0,12.0,30.0,8.0,18.0,16.0,25.0,22.0,14.0,6.0,10.0,20.0,12.0,9.0,4.0,18.0,8.0,20.0,26.0,23.0,14.0,5.0,10.0,14.0,10.0,9.0,8.0,3.0,5.0,13.0,2.0,10.0,3.0,11.0,22.0,17.0,11.0,5.0,18.0,10.0,6.0,7.0,5.0,3.0,0.0,5.0,5.0,6.0,8.0,8.0,7.0,12.0,13.0,17.0,14.0,0.0,3.0,8.0,13.0,2.0,7.0,1.0,5.0,11.0,8.0,5.0,4.0,8.0,9.0,6.0,2.0,8.0,9.0,3.0,5.0,9.0,5.0,4.0,4.0,0.0
버스,115.0,58.0,41.0,52.0,10.0,12.0,20.0,30.0,15.0,30.0,9.0,10.0,3.0,25.0,6.0,10.0,9.0,1.0,4.0,4.0,18.0,13.0,3.0,8.0,9.0,4.0,6.0,12.0,18.0,0.0,0.0,6.0,21.0,6.0,2.0,11.0,19.0,4.0,1.0,11.0,3.0,2.0,7.0,1.0,11.0,15.0,6.0,4.0,2.0,5.0,1.0,10.0,19.0,11.0,9.0,11.0,5.0,10.0,3.0,5.0,11.0,9.0,1.0,4.0,5.0,0.0,9.0,12.0,2.0,6.0,9.0,3.0,10.0,7.0,7.0,1.0,6.0,1.0,2.0,2.0,5.0,1.0,10.0,9.0,0.0,3.0,5.0,6.0,2.0,0.0,4.0,5.0,2.0,4.0,2.0,4.0,7.0,4.0,8.0,6.0
감사,124.0,43.0,21.0,34.0,16.0,22.0,28.0,20.0,20.0,14.0,13.0,17.0,21.0,9.0,10.0,11.0,17.0,6.0,12.0,7.0,12.0,6.0,9.0,13.0,14.0,14.0,10.0,6.0,8.0,5.0,8.0,8.0,13.0,7.0,9.0,12.0,8.0,12.0,4.0,5.0,11.0,15.0,9.0,4.0,9.0,13.0,11.0,5.0,7.0,11.0,12.0,3.0,4.0,8.0,4.0,9.0,4.0,14.0,7.0,5.0,14.0,5.0,6.0,12.0,5.0,9.0,0.0,4.0,4.0,4.0,6.0,5.0,6.0,5.0,19.0,4.0,0.0,1.0,1.0,10.0,4.0,3.0,1.0,5.0,2.0,11.0,8.0,3.0,5.0,1.0,5.0,6.0,4.0,2.0,2.0,1.0,2.0,8.0,8.0,7.0
매력,165.0,117.0,27.0,161.0,41.0,14.0,50.0,51.0,20.0,39.0,20.0,14.0,24.0,12.0,11.0,13.0,19.0,6.0,5.0,8.0,23.0,3.0,22.0,9.0,13.0,16.0,18.0,25.0,10.0,5.0,18.0,11.0,14.0,13.0,3.0,22.0,13.0,17.0,14.0,15.0,14.0,5.0,3.0,3.0,13.0,14.0,9.0,2.0,1.0,6.0,2.0,10.0,11.0,21.0,17.0,10.0,9.0,13.0,8.0,20.0,7.0,18.0,3.0,7.0,6.0,12.0,4.0,0.0,7.0,11.0,7.0,12.0,19.0,12.0,3.0,1.0,6.0,7.0,17.0,5.0,9.0,3.0,5.0,16.0,9.0,1.0,7.0,5.0,0.0,7.0,2.0,9.0,3.0,4.0,5.0,4.0,6.0,8.0,15.0,6.0
이후,124.0,57.0,23.0,38.0,31.0,100.0,19.0,24.0,30.0,30.0,6.0,13.0,28.0,13.0,19.0,14.0,18.0,24.0,22.0,10.0,16.0,14.0,24.0,2.0,13.0,19.0,11.0,8.0,12.0,29.0,11.0,10.0,6.0,9.0,10.0,11.0,3.0,11.0,8.0,8.0,10.0,17.0,11.0,0.0,10.0,8.0,20.0,5.0,6.0,9.0,22.0,10.0,8.0,15.0,9.0,14.0,9.0,10.0,12.0,3.0,33.0,19.0,13.0,15.0,8.0,2.0,4.0,7.0,0.0,9.0,3.0,5.0,7.0,7.0,5.0,16.0,6.0,5.0,7.0,7.0,3.0,8.0,3.0,6.0,2.0,12.0,9.0,2.0,1.0,2.0,1.0,5.0,5.0,7.0,4.0,8.0,4.0,6.0,0.0,4.0
요소,150.0,86.0,16.0,69.0,74.0,18.0,36.0,32.0,25.0,28.0,30.0,16.0,23.0,11.0,20.0,12.0,9.0,7.0,7.0,8.0,22.0,14.0,22.0,9.0,19.0,11.0,24.0,21.0,15.0,7.0,22.0,12.0,7.0,19.0,7.0,22.0,9.0,19.0,13.0,21.0,12.0,4.0,11.0,7.0,18.0,14.0,1.0,1.0,1.0,5.0,3.0,13.0,10.0,13.0,12.0,14.0,11.0,6.0,7.0,20.0,5.0,11.0,3.0,5.0,8.0,6.0,4.0,11.0,9.0,0.0,9.0,12.0,17.0,12.0,4.0,3.0,4.0,4.0,13.0,7.0,7.0,1.0,6.0,12.0,7.0,6.0,4.0,4.0,6.0,6.0,7.0,6.0,3.0,3.0,11.0,5.0,3.0,6.0,10.0,8.0
그래픽,141.0,86.0,18.0,58.0,17.0,14.0,26.0,23.0,19.0,14.0,19.0,20.0,11.0,10.0,22.0,0.0,11.0,5.0,10.0,13.0,22.0,9.0,17.0,5.0,22.0,10.0,10.0,23.0,13.0,0.0,6.0,7.0,12.0,14.0,5.0,14.0,17.0,12.0,5.0,11.0,4.0,6.0,5.0,3.0,13.0,7.0,5.0,6.0,1.0,7.0,7.0,8.0,4.0,13.0,19.0,9.0,14.0,4.0,8.0,8.0,1.0,7.0,1.0,6.0,7.0,9.0,6.0,7.0,3.0,9.0,0.0,6.0,14.0,8.0,4.0,3.0,4.0,6.0,3.0,12.0,7.0,1.0,1.0,18.0,2.0,4.0,5.0,5.0,2.0,1.0,3.0,7.0,3.0,4.0,4.0,5.0,11.0,1.0,7.0,5.0
유도,151.0,61.0,14.0,63.0,137.0,16.0,27.0,42.0,17.0,31.0,10.0,17.0,23.0,6.0,24.0,13.0,18.0,6.0,3.0,17.0,13.0,13.0,26.0,10.0,14.0,11.0,19.0,6.0,7.0,5.0,15.0,12.0,4.0,10.0,2.0,10.0,6.0,14.0,18.0,16.0,15.0,7.0,6.0,7.0,8.0,3.0,4.0,6.0,1.0,7.0,1.0,5.0,3.0,11.0,3.0,11.0,8.0,7.0,10.0,13.0,5.0,8.0,2.0,12.0,12.0,3.0,5.0,12.0,5.0,12.0,6.0,0.0,14.0,8.0,6.0,3.0,2.0,5.0,12.0,4.0,5.0,1.0,5.0,4.0,14.0,2.0,11.0,3.0,4.0,9.0,3.0,8.0,6.0,6.0,5.0,7.0,4.0,6.0,5.0,4.0
장점,159.0,101.0,29.0,90.0,53.0,20.0,44.0,43.0,30.0,37.0,19.0,24.0,32.0,15.0,38.0,7.0,22.0,9.0,7.0,19.0,24.0,11.0,21.0,13.0,27.0,9.0,24.0,26.0,15.0,6.0,12.0,15.0,11.0,11.0,1.0,16.0,12.0,18.0,23.0,125.0,23.0,8.0,13.0,18.0,7.0,8.0,3.0,0.0,1.0,14.0,12.0,10.0,12.0,18.0,17.0,19.0,14.0,14.0,11.0,20.0,4.0,15.0,2.0,10.0,13.0,10.0,6.0,19.0,7.0,17.0,14.0,14.0,0.0,16.0,6.0,1.0,7.0,4.0,12.0,7.0,9.0,3.0,4.0,16.0,12.0,2.0,2.0,10.0,10.0,8.0,1.0,10.0,5.0,3.0,6.0,11.0,6.0,4.0,9.0,6.0
메인,124.0,168.0,38.0,74.0,34.0,27.0,25.0,36.0,23.0,41.0,19.0,21.0,48.0,23.0,30.0,2.0,18.0,12.0,4.0,8.0,17.0,13.0,29.0,6.0,29.0,6.0,17.0,20.0,15.0,6.0,3.0,15.0,11.0,7.0,2.0,22.0,10.0,13.0,16.0,24.0,8.0,11.0,8.0,6.0,8.0,13.0,8.0,2.0,1.0,8.0,15.0,13.0,13.0,17.0,19.0,16.0,10.0,10.0,9.0,6.0,8.0,18.0,3.0,3.0,17.0,7.0,5.0,12.0,7.0,12.0,8.0,8.0,16.0,0.0,7.0,1.0,12.0,3.0,14.0,6.0,8.0,1.0,7.0,12.0,8.0,2.0,4.0,8.0,8.0,2.0,1.0,6.0,5.0,7.0,5.0,6.0,2.0,6.0,10.0,6.0
제가,142.0,47.0,15.0,43.0,16.0,20.0,33.0,32.0,17.0,30.0,14.0,20.0,25.0,9.0,18.0,13.0,22.0,5.0,13.0,13.0,10.0,14.0,7.0,7.0,11.0,21.0,12.0,6.0,14.0,8.0,16.0,11.0,13.0,18.0,3.0,7.0,12.0,10.0,7.0,7.0,6.0,6.0,3.0,7.0,12.0,10.0,12.0,8.0,16.0,3.0,4.0,1.0,7.0,10.0,8.0,8.0,10.0,12.0,15.0,5.0,8.0,10.0,7.0,21.0,14.0,7.0,19.0,3.0,5.0,4.0,4.0,6.0,6.0,7.0,0.0,6.0,2.0,4.0,3.0,4.0,4.0,10.0,2.0,3.0,3.0,10.0,11.0,8.0,4.0,0.0,2.0,5.0,7.0,4.0,5.0,7.0,2.0,6.0,4.0,6.0
설치,90.0,14.0,2.0,15.0,10.0,46.0,25.0,7.0,20.0,9.0,2.0,3.0,6.0,1.0,18.0,3.0,13.0,27.0,12.0,2.0,12.0,5.0,6.0,1.0,5.0,13.0,0.0,7.0,2.0,21.0,2.0,3.0,3.0,5.0,25.0,1.0,3.0,4.0,2.0,3.0,0.0,4.0,2.0,0.0,4.0,5.0,26.0,8.0,11.0,11.0,25.0,2.0,4.0,2.0,1.0,5.0,4.0,5.0,2.0,3.0,10.0,4.0,39.0,10.0,0.0,1.0,4.0,1.0,16.0,3.0,3.0,3.0,1.0,1.0,6.0,0.0,5.0,1.0,1.0,4.0,1.0,10.0,2.0,0.0,1.0,7.0,2.0,3.0,3.0,0.0,2.0,5.0,4.0,4.0,1.0,9.0,1.0,2.0,0.0,1.0
버전,89.0,79.0,47.0,46.0,16.0,52.0,29.0,21.0,26.0,27.0,7.0,9.0,20.0,22.0,14.0,4.0,14.0,5.0,5.0,4.0,14.0,15.0,14.0,4.0,19.0,3.0,12.0,10.0,8.0,4.0,0.0,5.0,17.0,10.0,11.0,9.0,4.0,8.0,8.0,9.0,4.0,4.0,14.0,0.0,4.0,9.0,11.0,2.0,1.0,12.0,3.0,15.0,10.0,13.0,6.0,7.0,16.0,12.0,2.0,2.0,12.0,15.0,3.0,7.0,3.0,6.0,0.0,6.0,6.0,4.0,4.0,2.0,7.0,12.0,2.0,5.0,0.0,2.0,9.0,2.0,7.0,2.0,6.0,6.0,2.0,1.0,3.0,6.0,0.0,0.0,3.0,5.0,4.0,5.0,2.0,6.0,4.0,4.0,6.0,10.0
스킵,97.0,95.0,4.0,31.0,13.0,6.0,19.0,18.0,6.0,12.0,16.0,11.0,15.0,0.0,28.0,2.0,12.0,6.0,4.0,10.0,25.0,2.0,17.0,1.0,3.0,13.0,5.0,21.0,4.0,5.0,6.0,9.0,3.0,3.0,6.0,4.0,3.0,15.0,5.0,10.0,7.0,1.0,3.0,2.0,4.0,4.0,1.0,3.0,1.0,8.0,2.0,2.0,2.0,7.0,9.0,4.0,5.0,4.0,6.0,5.0,1.0,5.0,10.0,2.0,8.0,1.0,1.0,7.0,5.0,4.0,6.0,5.0,4.0,3.0,4.0,1.0,2.0,0.0,3.0,2.0,2.0,2.0,3.0,0.0,3.0,1.0,0.0,2.0,12.0,2.0,3.0,11.0,1.0,7.0,6.0,2.0,5.0,2.0,3.0,1.0
육성,121.0,75.0,19.0,100.0,38.0,13.0,25.0,35.0,25.0,33.0,20.0,19.0,30.0,11.0,26.0,8.0,25.0,2.0,3.0,15.0,22.0,8.0,12.0,7.0,30.0,9.0,44.0,15.0,9.0,4.0,24.0,20.0,8.0,7.0,2.0,18.0,9.0,23.0,40.0,21.0,20.0,1.0,2.0,14.0,12.0,3.0,5.0,1.0,1.0,5.0,0.0,8.0,11.0,16.0,14.0,13.0,8.0,8.0,4.0,20.0,4.0,7.0,3.0,8.0,13.0,2.0,1.0,17.0,7.0,13.0,3.0,12.0,12.0,14.0,3.0,1.0,9.0,3.0,0.0,2.0,6.0,0.0,4.0,16.0,17.0,1.0,6.0,4.0,11.0,8.0,3.0,3.0,2.0,3.0,3.0,7.0,10.0,1.0,4.0,2.0
최적화,110.0,40.0,9.0,26.0,15.0,11.0,24.0,9.0,35.0,19.0,12.0,8.0,11.0,3.0,16.0,7.0,13.0,29.0,10.0,5.0,15.0,3.0,5.0,2.0,15.0,7.0,4.0,14.0,9.0,5.0,2.0,8.0,9.0,19.0,9.0,17.0,9.0,7.0,2.0,8.0,4.0,4.0,9.0,3.0,9.0,6.0,10.0,3.0,1.0,9.0,20.0,6.0,4.0,9.0,4.0,10.0,6.0,4.0,5.0,5.0,6.0,4.0,4.0,1.0,2.0,2.0,10.0,5.0,7.0,7.0,12.0,4.0,7.0,6.0,4.0,4.0,2.0,2.0,2.0,0.0,9.0,2.0,3.0,2.0,1.0,16.0,5.0,4.0,2.0,2.0,1.0,9.0,3.0,2.0,2.0,5.0,4.0,2.0,5.0,1.0
만족,131.0,74.0,22.0,60.0,38.0,19.0,35.0,33.0,22.0,22.0,18.0,14.0,23.0,11.0,17.0,13.0,11.0,4.0,6.0,10.0,18.0,5.0,16.0,4.0,19.0,13.0,15.0,14.0,12.0,1.0,10.0,7.0,15.0,10.0,1.0,21.0,16.0,8.0,10.0,13.0,6.0,6.0,9.0,12.0,9.0,16.0,8.0,5.0,1.0,8.0,5.0,12.0,10.0,8.0,5.0,8.0,7.0,10.0,8.0,9.0,12.0,12.0,1.0,9.0,7.0,5.0,4.0,9.0,3.0,7.0,7.0,5.0,9.0,8.0,4.0,1.0,7.0,2.0,6.0,9.0,0.0,1.0,3.0,8.0,6.0,6.0,9.0,5.0,5.0,6.0,4.0,7.0,2.0,4.0,3.0,3.0,11.0,4.0,8.0,6.0
로그인,64.0,7.0,1.0,7.0,1.0,16.0,12.0,6.0,20.0,10.0,3.0,3.0,6.0,1.0,11.0,4.0,18.0,21.0,64.0,3.0,5.0,1.0,8.0,2.0,1.0,10.0,1.0,5.0,11.0,27.0,2.0,2.0,5.0,6.0,5.0,1.0,4.0,2.0,2.0,4.0,1.0,4.0,4.0,0.0,0.0,2.0,18.0,1.0,26.0,1.0,20.0,0.0,1.0,2.0,2.0,3.0,5.0,4.0,3.0,0.0,5.0,1.0,6.0,2.0,1.0,1.0,3.0,3.0,8.0,1.0,1.0,1.0,3.0,1.0,10.0,10.0,2.0,2.0,0.0,2.0,1.0,0.0,0.0,0.0,1.0,9.0,1.0,1.0,1.0,0.0,3.0,2.0,2.0,2.0,1.0,5.0,0.0,0.0,0.0,1.0
회사,124.0,53.0,52.0,27.0,10.0,12.0,11.0,20.0,20.0,23.0,5.0,13.0,15.0,25.0,9.0,25.0,8.0,2.0,6.0,10.0,10.0,25.0,13.0,4.0,9.0,10.0,11.0,9.0,11.0,3.0,1.0,3.0,7.0,6.0,4.0,7.0,4.0,7.0,2.0,5.0,4.0,7.0,9.0,1.0,4.0,9.0,5.0,8.0,1.0,3.0,1.0,13.0,12.0,5.0,3.0,7.0,5.0,8.0,5.0,4.0,10.0,8.0,0.0,3.0,5.0,10.0,1.0,5.0,3.0,6.0,1.0,5.0,4.0,7.0,2.0,2.0,6.0,3.0,4.0,3.0,3.0,0.0,0.0,6.0,0.0,1.0,2.0,9.0,2.0,1.0,6.0,2.0,0.0,4.0,5.0,3.0,5.0,6.0,3.0,4.0
디자인,121.0,93.0,24.0,128.0,23.0,17.0,29.0,29.0,14.0,30.0,15.0,10.0,15.0,11.0,13.0,10.0,17.0,3.0,7.0,9.0,14.0,10.0,14.0,8.0,21.0,7.0,15.0,13.0,15.0,2.0,11.0,8.0,9.0,12.0,1.0,16.0,13.0,17.0,7.0,23.0,8.0,4.0,3.0,5.0,8.0,11.0,4.0,0.0,0.0,5.0,1.0,14.0,6.0,15.0,10.0,7.0,14.0,3.0,6.0,10.0,3.0,11.0,1.0,5.0,11.0,9.0,5.0,16.0,6.0,12.0,18.0,4.0,16.0,12.0,3.0,0.0,6.0,0.0,16.0,2.0,8.0,0.0,6.0,0.0,3.0,1.0,9.0,8.0,6.0,2.0,1.0,6.0,7.0,5.0,5.0,2.0,6.0,5.0,5.0,4.0
머리,140.0,47.0,8.0,48.0,49.0,7.0,29.0,37.0,12.0,31.0,22.0,14.0,27.0,3.0,17.0,8.0,18.0,2.0,3.0,9.0,23.0,8.0,17.0,6.0,18.0,12.0,18.0,6.0,11.0,2.0,24.0,14.0,1.0,8.0,6.0,9.0,3.0,10.0,16.0,19.0,24.0,2.0,2.0,10.0,12.0,3.0,4.0,1.0,4.0,8.0,3.0,5.0,6.0,8.0,10.0,4.0,6.0,6.0,8.0,22.0,2.0,5.0,2.0,7.0,8.0,0.0,2.0,9.0,2.0,7.0,2.0,14.0,12.0,8.0,3.0,1.0,2.0,3.0,17.0,1.0,6.0,1.0,0.0,3.0,0.0,2.0,5.0,4.0,3.0,11.0,0.0,1.0,2.0,3.0,5.0,6.0,4.0,6.0,5.0,0.0
부탁,102.0,32.0,25.0,25.0,9.0,30.0,33.0,19.0,27.0,13.0,7.0,7.0,17.0,12.0,11.0,11.0,15.0,11.0,18.0,6.0,8.0,5.0,9.0,5.0,5.0,9.0,1.0,8.0,11.0,13.0,5.0,5.0,5.0,11.0,4.0,8.0,4.0,7.0,6.0,0.0,9.0,27.0,15.0,4.0,6.0,3.0,24.0,2.0,7.0,10.0,14.0,6.0,2.0,3.0,5.0,6.0,0.0,6.0,7.0,1.0,4.0,5.0,3.0,10.0,5.0,3.0,11.0,1.0,12.0,6.0,4.0,2.0,2.0,2.0,10.0,7.0,1.0,1.0,1.0,16.0,6.0,9.0,1.0,1.0,2.0,0.0,3.0,2.0,4.0,2.0,2.0,9.0,4.0,4.0,1.0,9.0,3.0,3.0,2.0,2.0
마음,116.0,63.0,18.0,71.0,20.0,15.0,34.0,27.0,17.0,18.0,10.0,17.0,20.0,9.0,17.0,20.0,14.0,5.0,7.0,8.0,12.0,10.0,12.0,5.0,14.0,15.0,13.0,9.0,9.0,6.0,7.0,15.0,8.0,10.0,2.0,9.0,12.0,11.0,5.0,7.0,12.0,7.0,7.0,10.0,7.0,8.0,7.0,8.0,5.0,5.0,6.0,6.0,8.0,15.0,7.0,9.0,10.0,14.0,6.0,14.0,14.0,7.0,3.0,6.0,4.0,5.0,8.0,7.0,9.0,4.0,5.0,11.0,2.0,4.0,11.0,2.0,3.0,0.0,6.0,5.0,9.0,1.0,2.0,9.0,5.0,3.0,0.0,7.0,3.0,4.0,5.0,6.0,4.0,7.0,7.0,6.0,6.0,7.0,5.0,3.0
이건,120.0,63.0,19.0,41.0,24.0,10.0,24.0,29.0,22.0,34.0,10.0,20.0,18.0,12.0,17.0,15.0,15.0,7.0,5.0,9.0,18.0,17.0,13.0,2.0,8.0,7.0,9.0,9.0,11.0,4.0,9.0,8.0,9.0,10.0,5.0,13.0,8.0,8.0,6.0,14.0,11.0,3.0,10.0,3.0,4.0,4.0,3.0,7.0,2.0,4.0,2.0,8.0,9.0,15.0,12.0,7.0,6.0,7.0,6.0,4.0,10.0,8.0,5.0,9.0,8.0,6.0,3.0,5.0,2.0,4.0,5.0,3.0,10.0,8.0,8.0,3.0,6.0,2.0,4.0,4.0,5.0,1.0,9.0,8.0,4.0,2.0,7.0,0.0,3.0,3.0,5.0,2.0,5.0,7.0,4.0,5.0,1.0,6.0,7.0,1.0
자동,106.0,49.0,5.0,44.0,17.0,11.0,31.0,19.0,12.0,17.0,14.0,8.0,13.0,4.0,28.0,7.0,11.0,5.0,6.0,15.0,10.0,4.0,12.0,5.0,9.0,13.0,19.0,55.0,5.0,3.0,10.0,18.0,2.0,7.0,0.0,9.0,6.0,22.0,7.0,17.0,14.0,4.0,9.0,10.0,7.0,1.0,0.0,4.0,2.0,12.0,2.0,2.0,5.0,8.0,13.0,4.0,2.0,6.0,3.0,10.0,1.0,7.0,8.0,5.0,9.0,2.0,5.0,0.0,1.0,6.0,2.0,4.0,10.0,8.0,4.0,3.0,0.0,12.0,11.0,2.0,5.0,1.0,2.0,6.0,3.0,4.0,3.0,3.0,0.0,5.0,1.0,10.0,4.0,7.0,9.0,4.0,7.0,2.0,3.0,2.0
지능,137.0,21.0,5.0,31.0,40.0,4.0,24.0,16.0,9.0,14.0,13.0,10.0,20.0,2.0,15.0,6.0,9.0,0.0,3.0,5.0,13.0,9.0,7.0,6.0,18.0,10.0,10.0,3.0,9.0,2.0,22.0,12.0,0.0,5.0,0.0,6.0,1.0,6.0,14.0,15.0,17.0,0.0,1.0,16.0,10.0,4.0,1.0,0.0,1.0,4.0,1.0,3.0,1.0,6.0,9.0,5.0,1.0,5.0,4.0,8.0,2.0,4.0,0.0,5.0,6.0,0.0,1.0,7.0,2.0,6.0,1.0,9.0,8.0,2.0,0.0,0.0,0.0,2.0,8.0,2.0,6.0,0.0,1.0,2.0,11.0,2.0,4.0,3.0,5.0,0.0,2.0,1.0,1.0,2.0,3.0,6.0,5.0,3.0,2.0,2.0
별점,87.0,28.0,40.0,20.0,6.0,10.0,13.0,21.0,29.0,13.0,6.0,7.0,10.0,23.0,5.0,18.0,8.0,1.0,6.0,2.0,6.0,5.0,5.0,2.0,10.0,9.0,6.0,2.0,8.0,1.0,4.0,7.0,8.0,4.0,2.0,5.0,4.0,4.0,2.0,1.0,5.0,18.0,8.0,1.0,1.0,5.0,8.0,0.0,2.0,8.0,0.0,6.0,10.0,2.0,2.0,4.0,6.0,14.0,3.0,3.0,6.0,3.0,3.0,6.0,2.0,4.0,5.0,2.0,1.0,7.0,3.0,3.0,1.0,1.0,2.0,2.0,3.0,3.0,3.0,1.0,4.0,3.0,6.0,1.0,0.0,2.0,5.0,5.0,1.0,2.0,0.0,4.0,2.0,1.0,4.0,0.0,3.0,2.0,2.0,0.0
불편,117.0,58.0,25.0,39.0,20.0,25.0,31.0,26.0,20.0,22.0,13.0,13.0,20.0,9.0,17.0,8.0,16.0,13.0,8.0,7.0,16.0,5.0,14.0,0.0,9.0,15.0,9.0,20.0,12.0,4.0,6.0,9.0,7.0,7.0,7.0,9.0,11.0,18.0,6.0,11.0,11.0,8.0,11.0,6.0,11.0,8.0,8.0,3.0,6.0,10.0,14.0,5.0,9.0,9.0,6.0,9.0,5.0,11.0,4.0,5.0,5.0,11.0,5.0,5.0,8.0,5.0,6.0,9.0,5.0,6.0,7.0,8.0,10.0,6.0,5.0,5.0,5.0,11.0,3.0,9.0,7.0,2.0,2.0,6.0,1.0,9.0,6.0,2.0,10.0,1.0,4.0,0.0,2.0,6.0,14.0,7.0,3.0,6.0,2.0,1.0
복귀,73.0,36.0,4.0,26.0,19.0,12.0,14.0,18.0,16.0,20.0,10.0,12.0,19.0,4.0,12.0,6.0,16.0,10.0,4.0,7.0,4.0,4.0,13.0,0.0,5.0,11.0,9.0,3.0,5.0,8.0,0.0,2.0,4.0,8.0,8.0,11.0,4.0,5.0,7.0,6.0,6.0,6.0,9.0,0.0,4.0,10.0,6.0,5.0,15.0,7.0,6.0,2.0,1.0,6.0,5.0,5.0,11.0,7.0,14.0,3.0,11.0,7.0,11.0,3.0,9.0,2.0,4.0,3.0,5.0,3.0,3.0,6.0,5.0,5.0,7.0,4.0,4.0,1.0,2.0,3.0,2.0,2.0,0.0,7.0,2.0,4.0,4.0,5.0,4.0,1.0,2.0,2.0,0.0,1.0,2.0,2.0,1.0,2.0,3.0,0.0
하루,108.0,44.0,17.0,22.0,25.0,20.0,24.0,26.0,17.0,34.0,13.0,8.0,16.0,5.0,33.0,12.0,14.0,8.0,11.0,5.0,13.0,13.0,8.0,1.0,15.0,7.0,6.0,7.0,11.0,17.0,5.0,10.0,5.0,7.0,7.0,7.0,7.0,8.0,5.0,14.0,8.0,1.0,7.0,21.0,12.0,7.0,8.0,2.0,1.0,4.0,2.0,3.0,6.0,2.0,9.0,16.0,7.0,7.0,7.0,7.0,2.0,9.0,7.0,6.0,3.0,4.0,2.0,4.0,7.0,3.0,4.0,6.0,3.0,7.0,4.0,4.0,5.0,7.0,3.0,2.0,4.0,2.0,4.0,5.0,3.0,4.0,7.0,7.0,7.0,2.0,1.0,6.0,1.0,0.0,3.0,6.0,4.0,4.0,5.0,2.0
조작,101.0,47.0,7.0,36.0,20.0,2.0,17.0,15.0,14.0,18.0,9.0,20.0,14.0,1.0,11.0,14.0,10.0,12.0,8.0,59.0,9.0,15.0,17.0,1.0,8.0,9.0,8.0,12.0,8.0,3.0,2.0,15.0,3.0,8.0,2.0,10.0,7.0,12.0,8.0,9.0,7.0,4.0,5.0,1.0,3.0,6.0,9.0,4.0,2.0,1.0,4.0,6.0,8.0,6.0,2.0,6.0,1.0,6.0,6.0,12.0,2.0,5.0,4.0,7.0,5.0,2.0,2.0,5.0,4.0,11.0,4.0,5.0,6.0,5.0,5.0,1.0,2.0,6.0,3.0,2.0,3.0,1.0,5.0,5.0,5.0,1.0,7.0,4.0,9.0,3.0,4.0,14.0,2.0,3.0,0.0,2.0,4.0,4.0,5.0,5.0
사용,99.0,25.0,15.0,36.0,24.0,23.0,33.0,23.0,25.0,25.0,4.0,14.0,9.0,4.0,10.0,7.0,15.0,5.0,13.0,6.0,12.0,5.0,18.0,2.0,14.0,2.0,13.0,10.0,13.0,8.0,4.0,14.0,5.0,8.0,7.0,8.0,1.0,12.0,10.0,14.0,10.0,5.0,9.0,12.0,8.0,2.0,12.0,1.0,17.0,8.0,7.0,5.0,6.0,7.0,5.0,12.0,6.0,2.0,7.0,9.0,7.0,9.0,6.0,12.0,9.0,4.0,1.0,4.0,8.0,5.0,5.0,7.0,11.0,6.0,7.0,9.0,6.0,2.0,7.0,5.0,3.0,5.0,3.0,2.0,6.0,9.0,6.0,5.0,4.0,6.0,0.0,7.0,2.0,6.0,2.0,0.0,3.0,2.0,2.0,5.0
이랑,97.0,53.0,27.0,44.0,21.0,14.0,11.0,25.0,14.0,19.0,14.0,17.0,22.0,12.0,13.0,10.0,5.0,7.0,1.0,13.0,19.0,13.0,8.0,2.0,9.0,4.0,7.0,11.0,13.0,3.0,3.0,8.0,12.0,3.0,2.0,10.0,13.0,6.0,8.0,14.0,6.0,2.0,2.0,4.0,4.0,1.0,4.0,6.0,2.0,5.0,7.0,4.0,6.0,7.0,8.0,8.0,7.0,11.0,8.0,5.0,3.0,6.0,6.0,10.0,5.0,7.0,2.0,6.0,4.0,3.0,11.0,4.0,6.0,2.0,2.0,1.0,4.0,5.0,10.0,4.0,11.0,0.0,5.0,6.0,4.0,3.0,6.0,1.0,7.0,5.0,3.0,3.0,1.0,4.0,4.0,3.0,0.0,7.0,3.0,5.0
신경,99.0,53.0,70.0,40.0,21.0,14.0,29.0,27.0,28.0,23.0,12.0,13.0,24.0,19.0,11.0,19.0,9.0,7.0,7.0,8.0,13.0,14.0,13.0,5.0,9.0,10.0,13.0,4.0,15.0,5.0,5.0,12.0,9.0,11.0,0.0,13.0,9.0,9.0,8.0,8.0,5.0,4.0,9.0,2.0,6.0,13.0,9.0,6.0,0.0,8.0,3.0,7.0,10.0,7.0,7.0,9.0,13.0,13.0,4.0,4.0,5.0,7.0,4.0,8.0,4.0,4.0,8.0,8.0,6.0,6.0,1.0,6.0,4.0,6.0,6.0,2.0,4.0,2.0,1.0,2.0,4.0,0.0,6.0,5.0,6.0,3.0,7.0,6.0,2.0,3.0,2.0,6.0,2.0,4.0,4.0,2.0,7.0,0.0,6.0,7.0
몰입,119.0,119.0,63.0,59.0,18.0,12.0,26.0,27.0,21.0,34.0,23.0,9.0,12.0,38.0,14.0,4.0,11.0,1.0,5.0,8.0,13.0,7.0,19.0,6.0,10.0,12.0,10.0,10.0,17.0,1.0,5.0,4.0,10.0,9.0,1.0,18.0,15.0,9.0,6.0,12.0,7.0,4.0,6.0,1.0,8.0,12.0,6.0,3.0,1.0,2.0,0.0,18.0,15.0,7.0,9.0,8.0,7.0,5.0,6.0,7.0,4.0,11.0,1.0,4.0,4.0,8.0,8.0,15.0,0.0,10.0,7.0,5.0,9.0,10.0,4.0,0.0,6.0,3.0,4.0,5.0,8.0,0.0,3.0,5.0,5.0,2.0,5.0,7.0,3.0,2.0,2.0,2.0,3.0,5.0,5.0,2.0,3.0,6.0,0.0,6.0
한국,101.0,43.0,56.0,33.0,16.0,13.0,23.0,16.0,24.0,17.0,5.0,8.0,13.0,24.0,4.0,19.0,5.0,1.0,8.0,4.0,12.0,12.0,10.0,4.0,9.0,8.0,4.0,1.0,10.0,4.0,6.0,4.0,18.0,14.0,2.0,10.0,6.0,3.0,1.0,9.0,7.0,13.0,8.0,1.0,5.0,8.0,11.0,4.0,1.0,7.0,1.0,15.0,14.0,7.0,2.0,6.0,8.0,4.0,3.0,5.0,14.0,5.0,5.0,5.0,0.0,6.0,7.0,6.0,4.0,8.0,5.0,4.0,6.0,6.0,6.0,1.0,10.0,1.0,2.0,1.0,6.0,1.0,4.0,4.0,0.0,2.0,3.0,1.0,2.0,2.0,0.0,1.0,0.0,2.0,5.0,5.0,5.0,7.0,6.0,0.0
