,게임,스토리,플레이,만들,생각,시간,정도,진행,퍼즐,재미,느낌,사람,캐릭터,추천,요소,부분,전투,보스,시스템,경우,하나,문제,공격,아이템,자체,가지,난이도,누드,시작,조작,처음,구매,플레이어,도전,반복,선택,필요,무기,초반,이상,그것,주인공,평가,방식,그래픽,기대,부족,불편,모드,추가,스테이지,새끼,수준,퀘스트,중간,가격,재밌,아쉽,과제,단점,사용,이해,카드,들어가,설명,타임,배치,레벨,이유,상황,패턴,이야기,번역,짜증,사실,힘들,여기,연출,건물,몰입,연산,환불,분위기,개인,장르,장점,친구,작품,이건,노가다,다음,스티커,업데이트,패치,기능,마지막,과정,화면,의미,이후
게임,0.0,818.0,1238.0,1078.0,1144.0,1090.0,994.0,680.0,450.0,905.0,756.0,686.0,460.0,840.0,584.0,548.0,276.0,314.0,380.0,388.0,656.0,524.0,204.0,298.0,592.0,516.0,478.0,4.0,432.0,330.0,554.0,464.0,306.0,244.0,422.0,334.0,408.0,150.0,368.0,420.0,430.0,226.0,372.0,356.0,438.0,408.0,340.0,356.0,196.0,316.0,172.0,74.0,338.0,162.0,264.0,358.0,302.0,338.0,178.0,364.0,246.0,318.0,142.0,286.0,236.0,308.0,156.0,172.0,360.0,280.0,210.0,224.0,170.0,264.0,324.0,310.0,252.0,170.0,106.0,260.0,4.0,244.0,230.0,256.0,238.0,322.0,164.0,164.0,282.0,204.0,258.0,10.0,162.0,196.0,222.0,266.0,176.0,214.0,222.0,236.0
스토리,818.0,0.0,438.0,352.0,432.0,376.0,354.0,326.0,198.0,281.0,324.0,250.0,180.0,284.0,264.0,240.0,156.0,100.0,138.0,158.0,222.0,182.0,68.0,98.0,212.0,200.0,194.0,0.0,146.0,88.0,166.0,156.0,138.0,116.0,138.0,124.0,156.0,50.0,130.0,148.0,142.0,178.0,138.0,156.0,156.0,210.0,144.0,120.0,68.0,70.0,44.0,18.0,130.0,68.0,122.0,152.0,88.0,164.0,70.0,156.0,90.0,162.0,48.0,118.0,128.0,142.0,58.0,62.0,166.0,94.0,62.0,160.0,72.0,98.0,146.0,108.0,142.0,124.0,18.0,150.0,2.0,46.0,140.0,132.0,110.0,162.0,40.0,100.0,98.0,74.0,112.0,6.0,32.0,28.0,60.0,142.0,88.0,50.0,114.0,84.0
플레이,1238.0,438.0,0.0,496.0,594.0,660.0,550.0,368.0,236.0,470.0,418.0,376.0,250.0,436.0,338.0,312.0,140.0,156.0,192.0,258.0,342.0,282.0,98.0,178.0,308.0,306.0,276.0,4.0,250.0,164.0,282.0,282.0,214.0,162.0,238.0,184.0,220.0,80.0,166.0,264.0,246.0,146.0,200.0,244.0,224.0,216.0,190.0,204.0,122.0,176.0,98.0,44.0,200.0,84.0,144.0,206.0,150.0,192.0,102.0,232.0,162.0,172.0,64.0,186.0,148.0,338.0,90.0,96.0,244.0,202.0,110.0,144.0,82.0,136.0,206.0,180.0,146.0,116.0,54.0,156.0,0.0,130.0,154.0,162.0,132.0,184.0,98.0,98.0,140.0,112.0,138.0,6.0,84.0,78.0,118.0,150.0,108.0,132.0,130.0,162.0
만들,1078.0,352.0,496.0,0.0,544.0,464.0,464.0,320.0,176.0,394.0,394.0,332.0,218.0,346.0,280.0,290.0,158.0,162.0,216.0,222.0,332.0,248.0,104.0,156.0,292.0,292.0,184.0,0.0,218.0,142.0,264.0,160.0,192.0,122.0,206.0,144.0,220.0,84.0,184.0,216.0,222.0,116.0,190.0,180.0,170.0,166.0,186.0,178.0,96.0,190.0,80.0,32.0,180.0,94.0,132.0,126.0,128.0,168.0,68.0,192.0,156.0,176.0,36.0,180.0,120.0,144.0,94.0,100.0,186.0,152.0,108.0,124.0,66.0,140.0,196.0,186.0,166.0,82.0,82.0,124.0,2.0,104.0,126.0,124.0,142.0,160.0,64.0,76.0,130.0,108.0,168.0,14.0,80.0,88.0,122.0,146.0,110.0,90.0,130.0,144.0
생각,1144.0,432.0,594.0,544.0,0.0,548.0,520.0,326.0,220.0,423.0,418.0,352.0,252.0,440.0,288.0,306.0,158.0,164.0,186.0,254.0,322.0,288.0,90.0,146.0,284.0,296.0,264.0,0.0,220.0,148.0,282.0,250.0,184.0,130.0,198.0,176.0,248.0,84.0,174.0,238.0,242.0,154.0,198.0,210.0,194.0,214.0,196.0,174.0,78.0,178.0,80.0,34.0,156.0,92.0,128.0,186.0,129.0,190.0,80.0,214.0,146.0,182.0,54.0,176.0,138.0,170.0,86.0,112.0,228.0,180.0,98.0,142.0,58.0,134.0,206.0,172.0,172.0,106.0,42.0,172.0,2.0,92.0,142.0,160.0,126.0,200.0,72.0,90.0,156.0,102.0,166.0,8.0,58.0,82.0,106.0,170.0,116.0,84.0,126.0,136.0
시간,1090.0,376.0,660.0,464.0,548.0,0.0,510.0,322.0,160.0,406.0,332.0,326.0,222.0,380.0,292.0,258.0,118.0,142.0,212.0,226.0,306.0,258.0,94.0,138.0,256.0,274.0,246.0,0.0,248.0,114.0,280.0,204.0,162.0,134.0,218.0,172.0,220.0,82.0,182.0,252.0,216.0,126.0,178.0,172.0,178.0,180.0,174.0,156.0,102.0,168.0,56.0,36.0,188.0,84.0,130.0,214.0,133.0,146.0,90.0,198.0,132.0,160.0,54.0,154.0,138.0,202.0,100.0,78.0,220.0,170.0,84.0,124.0,56.0,142.0,192.0,160.0,148.0,90.0,64.0,116.0,2.0,168.0,92.0,130.0,114.0,176.0,68.0,76.0,130.0,126.0,160.0,6.0,50.0,60.0,142.0,146.0,108.0,106.0,138.0,144.0
정도,994.0,354.0,550.0,464.0,520.0,510.0,0.0,334.0,168.0,377.0,336.0,292.0,220.0,324.0,290.0,268.0,128.0,146.0,170.0,236.0,304.0,262.0,98.0,158.0,280.0,248.0,228.0,0.0,194.0,136.0,278.0,196.0,204.0,120.0,192.0,156.0,226.0,86.0,160.0,232.0,204.0,128.0,172.0,192.0,168.0,174.0,198.0,172.0,92.0,176.0,88.0,24.0,160.0,82.0,150.0,158.0,109.0,162.0,86.0,182.0,144.0,162.0,44.0,176.0,134.0,162.0,80.0,76.0,174.0,172.0,88.0,130.0,78.0,126.0,172.0,158.0,144.0,92.0,58.0,128.0,2.0,94.0,108.0,152.0,120.0,164.0,62.0,70.0,120.0,114.0,136.0,4.0,60.0,68.0,120.0,158.0,86.0,90.0,110.0,142.0
진행,680.0,326.0,368.0,320.0,326.0,322.0,334.0,0.0,154.0,269.0,256.0,214.0,150.0,236.0,194.0,202.0,118.0,98.0,132.0,180.0,218.0,212.0,80.0,120.0,196.0,200.0,156.0,0.0,198.0,92.0,222.0,150.0,142.0,110.0,148.0,120.0,160.0,58.0,144.0,160.0,142.0,106.0,134.0,190.0,128.0,110.0,118.0,134.0,74.0,100.0,78.0,14.0,94.0,82.0,100.0,84.0,66.0,112.0,62.0,144.0,116.0,108.0,42.0,120.0,110.0,116.0,68.0,68.0,154.0,122.0,74.0,114.0,56.0,90.0,142.0,108.0,144.0,80.0,32.0,100.0,0.0,54.0,90.0,104.0,96.0,120.0,40.0,70.0,92.0,84.0,148.0,4.0,44.0,64.0,84.0,112.0,80.0,92.0,90.0,112.0
퍼즐,450.0,198.0,236.0,176.0,220.0,160.0,168.0,154.0,0.0,146.0,160.0,130.0,66.0,176.0,126.0,126.0,54.0,46.0,46.0,96.0,96.0,88.0,22.0,44.0,110.0,98.0,142.0,0.0,70.0,64.0,94.0,104.0,78.0,72.0,94.0,38.0,68.0,12.0,68.0,60.0,80.0,46.0,74.0,98.0,96.0,94.0,50.0,46.0,18.0,34.0,24.0,12.0,68.0,16.0,68.0,88.0,31.0,76.0,54.0,68.0,58.0,56.0,8.0,44.0,74.0,96.0,38.0,44.0,56.0,50.0,30.0,48.0,12.0,56.0,66.0,56.0,74.0,48.0,8.0,70.0,4.0,22.0,66.0,58.0,56.0,70.0,20.0,46.0,28.0,18.0,42.0,0.0,2.0,10.0,48.0,70.0,54.0,26.0,34.0,48.0
재미,905.0,281.0,470.0,394.0,423.0,406.0,377.0,269.0,146.0,0.0,326.0,272.0,174.0,329.0,271.0,256.0,135.0,131.0,154.0,167.0,261.0,194.0,105.0,133.0,249.0,206.0,200.0,0.0,187.0,115.0,253.0,184.0,132.0,100.0,207.0,110.0,174.0,84.0,177.0,183.0,199.0,82.0,147.0,173.0,136.0,140.0,167.0,149.0,79.0,150.0,77.0,22.0,137.0,82.0,102.0,148.0,101.0,147.0,59.0,146.0,124.0,125.0,54.0,127.0,97.0,123.0,94.0,92.0,167.0,122.0,93.0,107.0,48.0,122.0,148.0,179.0,118.0,68.0,57.0,104.0,0.0,82.0,89.0,127.0,123.0,155.0,56.0,74.0,121.0,105.0,115.0,1.0,60.0,59.0,77.0,112.0,96.0,69.0,87.0,128.0
느낌,756.0,324.0,418.0,394.0,418.0,332.0,336.0,256.0,160.0,326.0,0.0,248.0,186.0,244.0,240.0,240.0,138.0,106.0,136.0,190.0,240.0,188.0,88.0,120.0,242.0,212.0,158.0,4.0,130.0,74.0,188.0,138.0,128.0,76.0,174.0,130.0,152.0,56.0,158.0,132.0,162.0,94.0,140.0,162.0,144.0,164.0,164.0,114.0,60.0,114.0,66.0,28.0,102.0,66.0,118.0,112.0,97.0,162.0,50.0,182.0,102.0,130.0,34.0,112.0,108.0,126.0,78.0,70.0,146.0,120.0,104.0,86.0,50.0,86.0,130.0,124.0,116.0,76.0,50.0,136.0,0.0,56.0,134.0,132.0,96.0,138.0,30.0,68.0,108.0,76.0,116.0,0.0,30.0,48.0,78.0,114.0,86.0,50.0,86.0,82.0
사람,686.0,250.0,376.0,332.0,352.0,326.0,292.0,214.0,130.0,272.0,248.0,0.0,138.0,312.0,208.0,184.0,74.0,78.0,122.0,138.0,236.0,174.0,48.0,92.0,170.0,194.0,142.0,0.0,142.0,90.0,190.0,158.0,134.0,86.0,92.0,108.0,118.0,36.0,112.0,138.0,146.0,96.0,158.0,112.0,122.0,130.0,122.0,94.0,66.0,114.0,66.0,28.0,120.0,46.0,84.0,98.0,84.0,102.0,48.0,132.0,96.0,124.0,36.0,114.0,110.0,98.0,60.0,60.0,132.0,94.0,60.0,94.0,40.0,88.0,142.0,98.0,122.0,78.0,34.0,90.0,2.0,58.0,96.0,98.0,92.0,138.0,54.0,58.0,84.0,60.0,98.0,8.0,38.0,62.0,76.0,108.0,66.0,58.0,76.0,66.0
캐릭터,460.0,180.0,250.0,218.0,252.0,222.0,220.0,150.0,66.0,174.0,186.0,138.0,0.0,174.0,150.0,154.0,100.0,114.0,94.0,102.0,166.0,122.0,86.0,108.0,134.0,134.0,102.0,0.0,96.0,78.0,136.0,88.0,96.0,56.0,84.0,90.0,104.0,62.0,76.0,98.0,86.0,102.0,80.0,114.0,64.0,106.0,94.0,82.0,46.0,80.0,36.0,20.0,92.0,66.0,54.0,56.0,51.0,106.0,32.0,118.0,66.0,90.0,24.0,72.0,68.0,68.0,46.0,60.0,90.0,100.0,62.0,74.0,30.0,56.0,98.0,70.0,84.0,48.0,12.0,76.0,0.0,52.0,60.0,84.0,74.0,104.0,44.0,36.0,76.0,58.0,64.0,0.0,20.0,30.0,46.0,64.0,48.0,48.0,58.0,54.0
추천,840.0,284.0,436.0,346.0,440.0,380.0,324.0,236.0,176.0,329.0,244.0,312.0,174.0,0.0,216.0,240.0,112.0,118.0,138.0,166.0,230.0,194.0,72.0,110.0,206.0,206.0,204.0,0.0,144.0,114.0,184.0,220.0,142.0,112.0,150.0,104.0,150.0,70.0,130.0,186.0,150.0,86.0,172.0,152.0,142.0,142.0,110.0,126.0,66.0,112.0,60.0,22.0,112.0,58.0,104.0,146.0,94.0,146.0,74.0,162.0,102.0,116.0,44.0,118.0,106.0,146.0,76.0,100.0,160.0,108.0,68.0,100.0,46.0,88.0,146.0,124.0,112.0,70.0,22.0,102.0,0.0,62.0,94.0,128.0,94.0,162.0,72.0,64.0,108.0,68.0,102.0,4.0,52.0,58.0,56.0,102.0,90.0,68.0,72.0,108.0
요소,584.0,264.0,338.0,280.0,288.0,292.0,290.0,194.0,126.0,271.0,240.0,208.0,150.0,216.0,0.0,182.0,90.0,76.0,130.0,152.0,218.0,144.0,74.0,110.0,162.0,174.0,128.0,0.0,114.0,86.0,144.0,106.0,134.0,84.0,108.0,126.0,128.0,56.0,122.0,150.0,128.0,78.0,136.0,120.0,118.0,134.0,150.0,104.0,54.0,122.0,38.0,28.0,108.0,50.0,80.0,102.0,82.0,120.0,50.0,102.0,84.0,98.0,44.0,112.0,76.0,94.0,56.0,54.0,130.0,110.0,62.0,86.0,48.0,88.0,132.0,80.0,90.0,74.0,52.0,108.0,2.0,48.0,80.0,116.0,92.0,96.0,28.0,74.0,66.0,76.0,72.0,8.0,30.0,32.0,68.0,76.0,82.0,46.0,94.0,88.0
부분,548.0,240.0,312.0,290.0,306.0,258.0,268.0,202.0,126.0,256.0,240.0,184.0,154.0,240.0,182.0,0.0,100.0,90.0,122.0,156.0,204.0,182.0,76.0,118.0,180.0,200.0,126.0,0.0,142.0,92.0,152.0,150.0,116.0,72.0,112.0,108.0,138.0,54.0,112.0,134.0,124.0,100.0,124.0,130.0,112.0,130.0,124.0,126.0,50.0,90.0,34.0,6.0,106.0,50.0,76.0,114.0,66.0,124.0,44.0,140.0,104.0,112.0,36.0,106.0,96.0,90.0,64.0,60.0,148.0,106.0,78.0,98.0,46.0,96.0,136.0,120.0,92.0,68.0,34.0,110.0,0.0,34.0,54.0,98.0,98.0,104.0,40.0,52.0,70.0,56.0,104.0,4.0,20.0,44.0,82.0,104.0,100.0,50.0,56.0,86.0
전투,276.0,156.0,140.0,158.0,158.0,118.0,128.0,118.0,54.0,135.0,138.0,74.0,100.0,112.0,90.0,100.0,0.0,78.0,94.0,80.0,86.0,82.0,68.0,72.0,102.0,90.0,84.0,0.0,70.0,38.0,62.0,58.0,64.0,42.0,82.0,62.0,58.0,54.0,64.0,60.0,68.0,62.0,48.0,78.0,72.0,62.0,42.0,58.0,24.0,40.0,28.0,6.0,56.0,54.0,52.0,48.0,33.0,54.0,28.0,60.0,62.0,52.0,18.0,50.0,42.0,52.0,32.0,44.0,62.0,66.0,58.0,44.0,32.0,42.0,60.0,68.0,58.0,24.0,12.0,42.0,0.0,14.0,42.0,48.0,56.0,64.0,18.0,16.0,44.0,30.0,38.0,0.0,16.0,14.0,30.0,42.0,40.0,24.0,52.0,44.0
보스,314.0,100.0,156.0,162.0,164.0,142.0,146.0,98.0,46.0,131.0,106.0,78.0,114.0,118.0,76.0,90.0,78.0,0.0,76.0,72.0,96.0,86.0,98.0,72.0,84.0,84.0,112.0,0.0,72.0,38.0,106.0,46.0,66.0,50.0,76.0,68.0,78.0,70.0,74.0,66.0,64.0,24.0,62.0,66.0,50.0,42.0,44.0,40.0,24.0,70.0,50.0,10.0,64.0,30.0,56.0,32.0,37.0,52.0,24.0,62.0,52.0,48.0,24.0,44.0,50.0,48.0,30.0,46.0,82.0,52.0,118.0,24.0,16.0,44.0,56.0,74.0,58.0,24.0,6.0,16.0,0.0,22.0,42.0,44.0,54.0,56.0,18.0,20.0,48.0,28.0,50.0,0.0,20.0,18.0,28.0,56.0,30.0,30.0,44.0,44.0
시스템,380.0,138.0,192.0,216.0,186.0,212.0,170.0,132.0,46.0,154.0,136.0,122.0,94.0,138.0,130.0,122.0,94.0,76.0,0.0,110.0,136.0,128.0,76.0,90.0,142.0,144.0,102.0,0.0,84.0,60.0,126.0,76.0,78.0,52.0,76.0,68.0,124.0,40.0,84.0,108.0,74.0,44.0,62.0,86.0,80.0,94.0,110.0,74.0,58.0,72.0,24.0,18.0,64.0,54.0,52.0,64.0,53.0,82.0,24.0,100.0,84.0,74.0,32.0,62.0,54.0,64.0,46.0,40.0,94.0,92.0,50.0,42.0,34.0,70.0,82.0,84.0,78.0,26.0,44.0,42.0,0.0,26.0,48.0,48.0,68.0,96.0,24.0,26.0,52.0,44.0,64.0,0.0,42.0,40.0,46.0,52.0,40.0,44.0,52.0,68.0
경우,388.0,158.0,258.0,222.0,254.0,226.0,236.0,180.0,96.0,167.0,190.0,138.0,102.0,166.0,152.0,156.0,80.0,72.0,110.0,0.0,152.0,176.0,78.0,78.0,144.0,158.0,122.0,0.0,126.0,56.0,114.0,124.0,106.0,76.0,92.0,114.0,126.0,34.0,78.0,132.0,86.0,54.0,104.0,104.0,88.0,96.0,108.0,92.0,52.0,94.0,42.0,22.0,84.0,40.0,74.0,96.0,35.0,74.0,56.0,122.0,110.0,78.0,28.0,108.0,90.0,88.0,58.0,48.0,124.0,114.0,58.0,60.0,36.0,80.0,114.0,96.0,98.0,48.0,36.0,54.0,2.0,42.0,48.0,74.0,58.0,96.0,34.0,50.0,82.0,56.0,88.0,4.0,36.0,44.0,66.0,82.0,68.0,64.0,60.0,94.0
하나,656.0,222.0,342.0,332.0,322.0,306.0,304.0,218.0,96.0,261.0,240.0,236.0,166.0,230.0,218.0,204.0,86.0,96.0,136.0,152.0,0.0,162.0,66.0,108.0,176.0,222.0,138.0,0.0,146.0,92.0,186.0,134.0,132.0,78.0,104.0,124.0,170.0,54.0,140.0,130.0,160.0,98.0,148.0,148.0,120.0,126.0,108.0,114.0,76.0,124.0,52.0,28.0,116.0,58.0,72.0,96.0,71.0,102.0,56.0,138.0,118.0,122.0,40.0,134.0,96.0,86.0,76.0,64.0,160.0,122.0,80.0,100.0,42.0,74.0,134.0,112.0,124.0,70.0,48.0,98.0,2.0,48.0,66.0,92.0,92.0,120.0,46.0,54.0,94.0,78.0,130.0,4.0,44.0,60.0,82.0,96.0,74.0,80.0,86.0,86.0
문제,524.0,182.0,282.0,248.0,288.0,258.0,262.0,212.0,88.0,194.0,188.0,174.0,122.0,194.0,144.0,182.0,82.0,86.0,128.0,176.0,162.0,0.0,82.0,82.0,160.0,180.0,130.0,0.0,148.0,92.0,158.0,144.0,118.0,70.0,116.0,102.0,134.0,52.0,102.0,122.0,130.0,84.0,106.0,110.0,122.0,92.0,112.0,118.0,56.0,98.0,60.0,20.0,86.0,50.0,64.0,90.0,57.0,92.0,44.0,124.0,102.0,104.0,36.0,110.0,80.0,82.0,68.0,40.0,146.0,92.0,68.0,94.0,38.0,74.0,136.0,100.0,120.0,52.0,26.0,74.0,2.0,32.0,74.0,68.0,72.0,92.0,42.0,50.0,80.0,58.0,88.0,4.0,44.0,66.0,84.0,80.0,68.0,66.0,64.0,98.0
공격,204.0,68.0,98.0,104.0,90.0,94.0,98.0,80.0,22.0,105.0,88.0,48.0,86.0,72.0,74.0,76.0,68.0,98.0,76.0,78.0,66.0,82.0,0.0,58.0,66.0,90.0,64.0,0.0,46.0,42.0,66.0,32.0,58.0,36.0,38.0,48.0,64.0,48.0,54.0,52.0,48.0,32.0,40.0,50.0,28.0,38.0,54.0,44.0,14.0,46.0,36.0,12.0,56.0,22.0,28.0,24.0,28.0,30.0,24.0,48.0,46.0,50.0,12.0,38.0,32.0,32.0,46.0,30.0,54.0,60.0,66.0,24.0,16.0,48.0,56.0,64.0,42.0,16.0,10.0,24.0,0.0,22.0,28.0,38.0,44.0,50.0,12.0,14.0,36.0,18.0,34.0,0.0,12.0,16.0,28.0,34.0,20.0,22.0,36.0,44.0
아이템,298.0,98.0,178.0,156.0,146.0,138.0,158.0,120.0,44.0,133.0,120.0,92.0,108.0,110.0,110.0,118.0,72.0,72.0,90.0,78.0,108.0,82.0,58.0,0.0,90.0,118.0,62.0,0.0,56.0,52.0,116.0,84.0,72.0,42.0,66.0,74.0,94.0,64.0,74.0,74.0,74.0,36.0,64.0,80.0,48.0,60.0,78.0,62.0,44.0,62.0,30.0,10.0,58.0,66.0,44.0,46.0,35.0,48.0,28.0,78.0,72.0,56.0,14.0,66.0,50.0,48.0,38.0,42.0,80.0,76.0,58.0,32.0,22.0,64.0,72.0,62.0,44.0,16.0,18.0,36.0,0.0,28.0,34.0,48.0,50.0,74.0,16.0,30.0,48.0,46.0,52.0,0.0,24.0,32.0,44.0,40.0,52.0,22.0,52.0,52.0
자체,592.0,212.0,308.0,292.0,284.0,256.0,280.0,196.0,110.0,249.0,242.0,170.0,134.0,206.0,162.0,180.0,102.0,84.0,142.0,144.0,176.0,160.0,66.0,90.0,0.0,196.0,130.0,4.0,118.0,68.0,132.0,116.0,126.0,64.0,128.0,90.0,110.0,50.0,86.0,110.0,118.0,70.0,104.0,112.0,118.0,100.0,118.0,94.0,52.0,80.0,38.0,14.0,114.0,42.0,82.0,98.0,65.0,86.0,38.0,116.0,74.0,102.0,26.0,96.0,98.0,92.0,62.0,62.0,106.0,108.0,62.0,76.0,44.0,94.0,126.0,106.0,96.0,44.0,22.0,72.0,0.0,42.0,70.0,82.0,78.0,102.0,34.0,52.0,58.0,72.0,94.0,0.0,40.0,40.0,42.0,78.0,70.0,60.0,64.0,68.0
가지,516.0,200.0,306.0,292.0,296.0,274.0,248.0,200.0,98.0,206.0,212.0,194.0,134.0,206.0,174.0,200.0,90.0,84.0,144.0,158.0,222.0,180.0,90.0,118.0,196.0,0.0,110.0,0.0,136.0,98.0,156.0,128.0,134.0,84.0,112.0,98.0,144.0,56.0,110.0,140.0,114.0,86.0,110.0,122.0,98.0,106.0,100.0,98.0,58.0,108.0,36.0,20.0,78.0,44.0,82.0,80.0,55.0,92.0,52.0,148.0,112.0,100.0,24.0,102.0,86.0,98.0,70.0,52.0,138.0,134.0,68.0,74.0,18.0,70.0,126.0,106.0,106.0,72.0,32.0,84.0,0.0,34.0,90.0,76.0,66.0,100.0,36.0,40.0,82.0,58.0,112.0,4.0,26.0,48.0,72.0,90.0,80.0,56.0,78.0,84.0
난이도,478.0,194.0,276.0,184.0,264.0,246.0,228.0,156.0,142.0,200.0,158.0,142.0,102.0,204.0,128.0,126.0,84.0,112.0,102.0,122.0,138.0,130.0,64.0,62.0,130.0,110.0,0.0,0.0,104.0,78.0,128.0,94.0,88.0,98.0,86.0,82.0,102.0,48.0,108.0,108.0,86.0,50.0,114.0,100.0,116.0,94.0,78.0,82.0,64.0,76.0,56.0,12.0,78.0,26.0,88.0,94.0,54.0,76.0,56.0,116.0,60.0,82.0,18.0,68.0,52.0,68.0,46.0,44.0,92.0,58.0,60.0,44.0,18.0,78.0,108.0,86.0,62.0,50.0,26.0,52.0,2.0,24.0,76.0,84.0,88.0,120.0,22.0,46.0,72.0,66.0,58.0,2.0,30.0,40.0,46.0,80.0,40.0,40.0,48.0,64.0
누드,4.0,0.0,4.0,0.0,0.0,0.0,0.0,0.0,0.0,0.0,4.0,0.0,0.0,0.0,0.0,0.0,0.0,0.0,0.0,0.0,0.0,0.0,0.0,0.0,4.0,0.0,0.0,0.0,0.0,0.0,0.0,0.0,0.0,0.0,0.0,0.0,0.0,0.0,0.0,0.0,4.0,0.0,0.0,0.0,0.0,0.0,0.0,0.0,0.0,0.0,0.0,0.0,0.0,0.0,0.0,0.0,0.0,0.0,0.0,0.0,0.0,0.0,0.0,0.0,0.0,0.0,0.0,0.0,0.0,0.0,0.0,0.0,0.0,0.0,0.0,0.0,0.0,0.0,0.0,0.0,0.0,0.0,0.0,0.0,4.0,0.0,0.0,0.0,0.0,0.0,0.0,0.0,0.0,0.0,0.0,0.0,0.0,0.0,0.0,0.0
시작,432.0,146.0,250.0,218.0,220.0,248.0,194.0,198.0,70.0,187.0,130.0,142.0,96.0,144.0,114.0,142.0,70.0,72.0,84.0,126.0,146.0,148.0,46.0,56.0,118.0,136.0,104.0,0.0,0.0,58.0,158.0,104.0,104.0,74.0,82.0,82.0,102.0,52.0,96.0,112.0,108.0,56.0,92.0,110.0,94.0,66.0,66.0,98.0,52.0,84.0,50.0,10.0,60.0,40.0,50.0,70.0,46.0,54.0,52.0,100.0,68.0,70.0,22.0,90.0,68.0,86.0,54.0,42.0,120.0,72.0,44.0,56.0,34.0,66.0,78.0,92.0,104.0,32.0,32.0,46.0,2.0,40.0,44.0,62.0,76.0,72.0,32.0,42.0,66.0,50.0,106.0,0.0,34.0,36.0,60.0,74.0,60.0,58.0,56.0,78.0
조작,330.0,88.0,164.0,142.0,148.0,114.0,136.0,92.0,64.0,115.0,74.0,90.0,78.0,114.0,86.0,92.0,38.0,38.0,60.0,56.0,92.0,92.0,42.0,52.0,68.0,98.0,78.0,0.0,58.0,0.0,92.0,74.0,48.0,34.0,34.0,48.0,50.0,28.0,48.0,54.0,44.0,36.0,54.0,58.0,86.0,58.0,48.0,124.0,32.0,32.0,32.0,4.0,46.0,16.0,40.0,40.0,40.0,38.0,30.0,54.0,48.0,44.0,8.0,46.0,42.0,50.0,30.0,28.0,60.0,38.0,40.0,38.0,20.0,46.0,42.0,40.0,40.0,48.0,6.0,46.0,0.0,22.0,38.0,30.0,48.0,52.0,26.0,30.0,36.0,26.0,42.0,4.0,18.0,24.0,26.0,42.0,48.0,50.0,36.0,26.0
처음,554.0,166.0,282.0,264.0,282.0,280.0,278.0,222.0,94.0,253.0,188.0,190.0,136.0,184.0,144.0,152.0,62.0,106.0,126.0,114.0,186.0,158.0,66.0,116.0,132.0,156.0,128.0,0.0,158.0,92.0,0.0,112.0,90.0,66.0,118.0,108.0,116.0,46.0,102.0,122.0,144.0,66.0,88.0,104.0,94.0,94.0,94.0,94.0,64.0,106.0,66.0,18.0,80.0,44.0,68.0,54.0,92.0,84.0,42.0,92.0,88.0,94.0,34.0,108.0,78.0,66.0,44.0,54.0,92.0,82.0,70.0,62.0,22.0,88.0,114.0,110.0,96.0,50.0,26.0,58.0,0.0,52.0,64.0,64.0,64.0,96.0,40.0,50.0,84.0,56.0,90.0,0.0,42.0,48.0,58.0,82.0,50.0,64.0,74.0,92.0
구매,464.0,156.0,282.0,160.0,250.0,204.0,196.0,150.0,104.0,184.0,138.0,158.0,88.0,220.0,106.0,150.0,58.0,46.0,76.0,124.0,134.0,144.0,32.0,84.0,116.0,128.0,94.0,0.0,104.0,74.0,112.0,0.0,58.0,58.0,84.0,72.0,86.0,28.0,68.0,100.0,82.0,54.0,102.0,76.0,84.0,102.0,84.0,78.0,48.0,76.0,34.0,12.0,60.0,42.0,74.0,106.0,46.0,72.0,50.0,100.0,72.0,58.0,26.0,84.0,76.0,84.0,46.0,38.0,100.0,58.0,44.0,58.0,42.0,48.0,76.0,80.0,80.0,44.0,22.0,56.0,0.0,94.0,56.0,58.0,46.0,88.0,28.0,50.0,70.0,40.0,82.0,4.0,30.0,44.0,38.0,60.0,60.0,44.0,52.0,68.0
플레이어,306.0,138.0,214.0,192.0,184.0,162.0,204.0,142.0,78.0,132.0,128.0,134.0,96.0,142.0,134.0,116.0,64.0,66.0,78.0,106.0,132.0,118.0,58.0,72.0,126.0,134.0,88.0,0.0,104.0,48.0,90.0,58.0,0.0,56.0,68.0,78.0,82.0,28.0,64.0,100.0,80.0,70.0,88.0,106.0,62.0,84.0,62.0,60.0,36.0,72.0,30.0,10.0,64.0,20.0,42.0,50.0,30.0,58.0,36.0,72.0,62.0,62.0,18.0,66.0,70.0,86.0,54.0,50.0,86.0,78.0,44.0,60.0,20.0,58.0,92.0,70.0,86.0,38.0,16.0,66.0,0.0,16.0,50.0,56.0,68.0,64.0,28.0,32.0,40.0,28.0,62.0,4.0,24.0,26.0,40.0,46.0,66.0,46.0,48.0,52.0
도전,244.0,116.0,162.0,122.0,130.0,134.0,120.0,110.0,72.0,100.0,76.0,86.0,56.0,112.0,84.0,72.0,42.0,50.0,52.0,76.0,78.0,70.0,36.0,42.0,64.0,84.0,98.0,0.0,74.0,34.0,66.0,58.0,56.0,0.0,48.0,44.0,62.0,28.0,42.0,76.0,52.0,34.0,52.0,64.0,48.0,52.0,44.0,42.0,26.0,74.0,30.0,12.0,50.0,28.0,40.0,54.0,24.0,44.0,206.0,68.0,38.0,34.0,12.0,36.0,38.0,48.0,28.0,24.0,60.0,42.0,36.0,30.0,18.0,38.0,50.0,48.0,50.0,32.0,10.0,16.0,0.0,10.0,44.0,42.0,58.0,70.0,8.0,22.0,28.0,28.0,42.0,0.0,10.0,8.0,44.0,40.0,22.0,22.0,34.0,50.0
반복,422.0,138.0,238.0,206.0,198.0,218.0,192.0,148.0,94.0,207.0,174.0,92.0,84.0,150.0,108.0,112.0,82.0,76.0,76.0,92.0,104.0,116.0,38.0,66.0,128.0,112.0,86.0,0.0,82.0,34.0,118.0,84.0,68.0,48.0,0.0,84.0,78.0,24.0,78.0,84.0,86.0,40.0,68.0,88.0,68.0,72.0,58.0,74.0,34.0,72.0,32.0,14.0,64.0,60.0,64.0,74.0,53.0,64.0,28.0,90.0,58.0,64.0,20.0,72.0,52.0,86.0,40.0,44.0,76.0,66.0,68.0,54.0,26.0,68.0,78.0,54.0,52.0,30.0,10.0,44.0,0.0,40.0,40.0,40.0,42.0,64.0,26.0,26.0,50.0,68.0,60.0,10.0,28.0,26.0,50.0,50.0,60.0,44.0,58.0,66.0
선택,334.0,124.0,184.0,144.0,176.0,172.0,156.0,120.0,38.0,110.0,130.0,108.0,90.0,104.0,126.0,108.0,62.0,68.0,68.0,114.0,124.0,102.0,48.0,74.0,90.0,98.0,82.0,0.0,82.0,48.0,108.0,72.0,78.0,44.0,84.0,0.0,52.0,42.0,70.0,82.0,68.0,58.0,92.0,76.0,58.0,50.0,64.0,52.0,38.0,62.0,38.0,12.0,58.0,28.0,44.0,60.0,39.0,66.0,42.0,64.0,76.0,68.0,32.0,62.0,58.0,48.0,28.0,56.0,76.0,76.0,42.0,48.0,30.0,58.0,82.0,72.0,64.0,32.0,14.0,60.0,0.0,22.0,28.0,52.0,50.0,54.0,18.0,32.0,66.0,42.0,58.0,0.0,22.0,30.0,46.0,44.0,38.0,42.0,58.0,54.0
필요,408.0,156.0,220.0,220.0,248.0,220.0,226.0,160.0,68.0,174.0,152.0,118.0,104.0,150.0,128.0,138.0,58.0,78.0,124.0,126.0,170.0,134.0,64.0,94.0,110.0,144.0,102.0,0.0,102.0,50.0,116.0,86.0,82.0,62.0,78.0,52.0,0.0,48.0,102.0,104.0,94.0,42.0,72.0,106.0,80.0,80.0,92.0,82.0,74.0,96.0,26.0,10.0,90.0,50.0,44.0,66.0,54.0,86.0,40.0,98.0,90.0,66.0,32.0,74.0,70.0,72.0,56.0,42.0,110.0,86.0,44.0,58.0,32.0,82.0,104.0,66.0,94.0,42.0,44.0,52.0,2.0,38.0,50.0,48.0,68.0,98.0,36.0,30.0,66.0,68.0,82.0,4.0,32.0,30.0,64.0,76.0,54.0,62.0,74.0,74.0
무기,150.0,50.0,80.0,84.0,84.0,82.0,86.0,58.0,12.0,84.0,56.0,36.0,62.0,70.0,56.0,54.0,54.0,70.0,40.0,34.0,54.0,52.0,48.0,64.0,50.0,56.0,48.0,0.0,52.0,28.0,46.0,28.0,28.0,28.0,24.0,42.0,48.0,0.0,36.0,36.0,50.0,14.0,28.0,50.0,34.0,24.0,34.0,46.0,12.0,42.0,32.0,4.0,26.0,30.0,16.0,16.0,21.0,18.0,14.0,46.0,34.0,32.0,4.0,24.0,8.0,26.0,20.0,36.0,52.0,26.0,38.0,26.0,14.0,38.0,38.0,38.0,26.0,8.0,8.0,14.0,0.0,10.0,20.0,28.0,34.0,40.0,4.0,6.0,26.0,22.0,22.0,0.0,10.0,14.0,22.0,20.0,12.0,20.0,30.0,26.0
초반,368.0,130.0,166.0,184.0,174.0,182.0,160.0,144.0,68.0,177.0,158.0,112.0,76.0,130.0,122.0,112.0,64.0,74.0,84.0,78.0,140.0,102.0,54.0,74.0,86.0,110.0,108.0,0.0,96.0,48.0,102.0,68.0,64.0,42.0,78.0,70.0,102.0,36.0,0.0,76.0,70.0,46.0,72.0,76.0,84.0,80.0,70.0,54.0,36.0,60.0,26.0,16.0,44.0,52.0,70.0,60.0,67.0,58.0,24.0,88.0,72.0,50.0,18.0,68.0,56.0,58.0,36.0,36.0,70.0,56.0,54.0,38.0,26.0,54.0,80.0,64.0,66.0,34.0,30.0,70.0,0.0,44.0,40.0,54.0,60.0,84.0,20.0,30.0,66.0,64.0,60.0,0.0,26.0,22.0,38.0,66.0,34.0,24.0,56.0,68.0
이상,420.0,148.0,264.0,216.0,238.0,252.0,232.0,160.0,60.0,183.0,132.0,138.0,98.0,186.0,150.0,134.0,60.0,66.0,108.0,132.0,130.0,122.0,52.0,74.0,110.0,140.0,108.0,0.0,112.0,54.0,122.0,100.0,100.0,76.0,84.0,82.0,104.0,36.0,76.0,0.0,88.0,62.0,64.0,96.0,76.0,90.0,98.0,70.0,48.0,94.0,34.0,10.0,68.0,38.0,68.0,70.0,49.0,78.0,46.0,100.0,70.0,82.0,34.0,72.0,62.0,82.0,42.0,42.0,110.0,98.0,56.0,56.0,26.0,68.0,94.0,94.0,76.0,52.0,24.0,54.0,0.0,24.0,48.0,54.0,66.0,84.0,34.0,44.0,72.0,66.0,74.0,4.0,30.0,56.0,46.0,70.0,52.0,56.0,70.0,76.0
그것,430.0,142.0,246.0,222.0,242.0,216.0,204.0,142.0,80.0,199.0,162.0,146.0,86.0,150.0,128.0,124.0,68.0,64.0,74.0,86.0,160.0,130.0,48.0,74.0,118.0,114.0,86.0,4.0,108.0,44.0,144.0,82.0,80.0,52.0,86.0,68.0,94.0,50.0,70.0,88.0,0.0,60.0,66.0,90.0,78.0,78.0,78.0,60.0,38.0,76.0,26.0,20.0,72.0,44.0,50.0,56.0,51.0,54.0,34.0,70.0,60.0,78.0,28.0,90.0,50.0,62.0,40.0,38.0,74.0,66.0,50.0,58.0,34.0,76.0,80.0,92.0,64.0,38.0,30.0,52.0,2.0,38.0,56.0,58.0,50.0,66.0,22.0,28.0,78.0,36.0,76.0,0.0,38.0,38.0,46.0,88.0,38.0,34.0,54.0,52.0
주인공,226.0,178.0,146.0,116.0,154.0,126.0,128.0,106.0,46.0,82.0,94.0,96.0,102.0,86.0,78.0,100.0,62.0,24.0,44.0,54.0,98.0,84.0,32.0,36.0,70.0,86.0,50.0,0.0,56.0,36.0,66.0,54.0,70.0,34.0,40.0,58.0,42.0,14.0,46.0,62.0,60.0,0.0,50.0,54.0,48.0,68.0,38.0,30.0,10.0,28.0,12.0,2.0,40.0,18.0,34.0,36.0,19.0,48.0,26.0,60.0,52.0,66.0,6.0,46.0,42.0,24.0,22.0,18.0,76.0,62.0,24.0,80.0,20.0,26.0,58.0,48.0,54.0,50.0,6.0,72.0,0.0,14.0,32.0,60.0,48.0,48.0,24.0,42.0,32.0,16.0,54.0,0.0,10.0,6.0,34.0,52.0,32.0,24.0,40.0,38.0
평가,372.0,138.0,200.0,190.0,198.0,178.0,172.0,134.0,74.0,147.0,140.0,158.0,80.0,172.0,136.0,124.0,48.0,62.0,62.0,104.0,148.0,106.0,40.0,64.0,104.0,110.0,114.0,0.0,92.0,54.0,88.0,102.0,88.0,52.0,68.0,92.0,72.0,28.0,72.0,64.0,66.0,50.0,0.0,78.0,58.0,94.0,80.0,72.0,32.0,54.0,28.0,10.0,68.0,24.0,54.0,58.0,35.0,66.0,42.0,74.0,64.0,66.0,26.0,66.0,58.0,60.0,64.0,44.0,90.0,52.0,34.0,66.0,28.0,30.0,80.0,64.0,68.0,48.0,26.0,50.0,0.0,48.0,54.0,62.0,70.0,66.0,18.0,42.0,58.0,38.0,52.0,4.0,22.0,40.0,46.0,44.0,62.0,38.0,54.0,58.0
방식,356.0,156.0,244.0,180.0,210.0,172.0,192.0,190.0,98.0,173.0,162.0,112.0,114.0,152.0,120.0,130.0,78.0,66.0,86.0,104.0,148.0,110.0,50.0,80.0,112.0,122.0,100.0,0.0,110.0,58.0,104.0,76.0,106.0,64.0,88.0,76.0,106.0,50.0,76.0,96.0,90.0,54.0,78.0,0.0,86.0,66.0,70.0,86.0,30.0,62.0,36.0,10.0,54.0,44.0,54.0,46.0,44.0,72.0,34.0,72.0,68.0,78.0,24.0,72.0,72.0,94.0,58.0,54.0,112.0,94.0,58.0,74.0,18.0,60.0,88.0,70.0,88.0,46.0,32.0,62.0,0.0,18.0,64.0,50.0,68.0,72.0,20.0,44.0,56.0,42.0,86.0,0.0,22.0,14.0,40.0,60.0,54.0,52.0,62.0,58.0
그래픽,438.0,156.0,224.0,170.0,194.0,178.0,168.0,128.0,96.0,136.0,144.0,122.0,64.0,142.0,118.0,112.0,72.0,50.0,80.0,88.0,120.0,122.0,28.0,48.0,118.0,98.0,116.0,0.0,94.0,86.0,94.0,84.0,62.0,48.0,68.0,58.0,80.0,34.0,84.0,76.0,78.0,48.0,58.0,86.0,0.0,82.0,66.0,78.0,34.0,48.0,26.0,16.0,66.0,24.0,50.0,78.0,35.0,44.0,26.0,84.0,56.0,74.0,28.0,50.0,64.0,60.0,32.0,36.0,64.0,46.0,40.0,58.0,44.0,60.0,76.0,62.0,68.0,56.0,30.0,56.0,2.0,24.0,64.0,54.0,68.0,98.0,24.0,46.0,58.0,26.0,54.0,2.0,28.0,28.0,42.0,62.0,28.0,58.0,42.0,34.0
기대,408.0,210.0,216.0,166.0,214.0,180.0,174.0,110.0,94.0,140.0,164.0,130.0,106.0,142.0,134.0,130.0,62.0,42.0,94.0,96.0,126.0,92.0,38.0,60.0,100.0,106.0,94.0,0.0,66.0,58.0,94.0,102.0,84.0,52.0,72.0,50.0,80.0,24.0,80.0,90.0,78.0,68.0,94.0,66.0,82.0,0.0,92.0,58.0,34.0,60.0,18.0,6.0,64.0,36.0,44.0,64.0,48.0,86.0,30.0,78.0,56.0,50.0,14.0,60.0,58.0,70.0,26.0,34.0,76.0,56.0,38.0,74.0,26.0,40.0,76.0,46.0,52.0,48.0,26.0,60.0,2.0,42.0,62.0,74.0,56.0,76.0,26.0,48.0,54.0,44.0,58.0,4.0,26.0,20.0,40.0,62.0,58.0,20.0,46.0,56.0
부족,340.0,144.0,190.0,186.0,196.0,174.0,198.0,118.0,50.0,167.0,164.0,122.0,94.0,110.0,150.0,124.0,42.0,44.0,110.0,108.0,108.0,112.0,54.0,78.0,118.0,100.0,78.0,0.0,66.0,48.0,94.0,84.0,62.0,44.0,58.0,64.0,92.0,34.0,70.0,98.0,78.0,38.0,80.0,70.0,66.0,92.0,0.0,76.0,26.0,68.0,30.0,8.0,74.0,58.0,56.0,70.0,53.0,84.0,20.0,100.0,64.0,50.0,20.0,60.0,64.0,48.0,44.0,34.0,80.0,62.0,50.0,48.0,34.0,54.0,78.0,54.0,62.0,48.0,28.0,56.0,0.0,42.0,36.0,76.0,50.0,76.0,18.0,36.0,54.0,48.0,60.0,10.0,26.0,22.0,38.0,64.0,54.0,28.0,50.0,64.0
불편,356.0,120.0,204.0,178.0,174.0,156.0,172.0,134.0,46.0,149.0,114.0,94.0,82.0,126.0,104.0,126.0,58.0,40.0,74.0,92.0,114.0,118.0,44.0,62.0,94.0,98.0,82.0,0.0,98.0,124.0,94.0,78.0,60.0,42.0,74.0,52.0,82.0,46.0,54.0,70.0,60.0,30.0,72.0,86.0,78.0,58.0,76.0,0.0,40.0,76.0,24.0,4.0,66.0,48.0,42.0,68.0,47.0,52.0,18.0,82.0,54.0,48.0,12.0,62.0,50.0,62.0,46.0,28.0,92.0,50.0,38.0,42.0,32.0,58.0,64.0,64.0,50.0,30.0,36.0,54.0,0.0,22.0,26.0,42.0,48.0,72.0,20.0,26.0,50.0,42.0,48.0,4.0,24.0,34.0,46.0,46.0,34.0,42.0,42.0,60.0
모드,196.0,68.0,122.0,96.0,78.0,102.0,92.0,74.0,18.0,79.0,60.0,66.0,46.0,66.0,54.0,50.0,24.0,24.0,58.0,52.0,76.0,56.0,14.0,44.0,52.0,58.0,64.0,0.0,52.0,32.0,64.0,48.0,36.0,26.0,34.0,38.0,74.0,12.0,36.0,48.0,38.0,10.0,32.0,30.0,34.0,34.0,26.0,40.0,0.0,32.0,22.0,8.0,36.0,10.0,20.0,36.0,22.0,26.0,22.0,34.0,36.0,40.0,12.0,32.0,26.0,32.0,16.0,16.0,44.0,30.0,14.0,16.0,24.0,26.0,44.0,34.0,26.0,12.0,18.0,28.0,0.0,8.0,16.0,26.0,22.0,42.0,20.0,20.0,42.0,28.0,28.0,0.0,22.0,14.0,42.0,36.0,16.0,26.0,22.0,20.0
추가,316.0,70.0,176.0,190.0,178.0,168.0,176.0,100.0,34.0,150.0,114.0,114.0,80.0,112.0,122.0,90.0,40.0,70.0,72.0,94.0,124.0,98.0,46.0,62.0,80.0,108.0,76.0,0.0,84.0,32.0,106.0,76.0,72.0,74.0,72.0,62.0,96.0,42.0,60.0,94.0,76.0,28.0,54.0,62.0,48.0,60.0,68.0,76.0,32.0,0.0,22.0,16.0,72.0,42.0,26.0,58.0,43.0,62.0,48.0,68.0,66.0,42.0,16.0,68.0,38.0,56.0,44.0,30.0,68.0,78.0,38.0,30.0,32.0,34.0,68.0,68.0,54.0,24.0,30.0,24.0,0.0,20.0,22.0,44.0,28.0,52.0,22.0,18.0,60.0,46.0,44.0,0.0,54.0,52.0,64.0,50.0,34.0,34.0,46.0,58.0
스테이지,172.0,44.0,98.0,80.0,80.0,56.0,88.0,78.0,24.0,77.0,66.0,66.0,36.0,60.0,38.0,34.0,28.0,50.0,24.0,42.0,52.0,60.0,36.0,30.0,38.0,36.0,56.0,0.0,50.0,32.0,66.0,34.0,30.0,30.0,32.0,38.0,26.0,32.0,26.0,34.0,26.0,12.0,28.0,36.0,26.0,18.0,30.0,24.0,22.0,22.0,0.0,2.0,22.0,6.0,36.0,18.0,21.0,28.0,20.0,34.0,30.0,24.0,2.0,22.0,18.0,36.0,8.0,28.0,36.0,12.0,34.0,24.0,10.0,20.0,24.0,30.0,10.0,10.0,2.0,4.0,0.0,10.0,18.0,26.0,28.0,36.0,8.0,16.0,26.0,14.0,54.0,0.0,14.0,10.0,18.0,20.0,16.0,10.0,8.0,32.0
새끼,74.0,18.0,44.0,32.0,34.0,36.0,24.0,14.0,12.0,22.0,28.0,28.0,20.0,22.0,28.0,6.0,6.0,10.0,18.0,22.0,28.0,20.0,12.0,10.0,14.0,20.0,12.0,0.0,10.0,4.0,18.0,12.0,10.0,12.0,14.0,12.0,10.0,4.0,16.0,10.0,20.0,2.0,10.0,10.0,16.0,6.0,8.0,4.0,8.0,16.0,2.0,0.0,18.0,6.0,4.0,10.0,5.0,10.0,4.0,14.0,10.0,12.0,4.0,22.0,8.0,4.0,6.0,4.0,10.0,18.0,2.0,0.0,6.0,8.0,12.0,6.0,10.0,2.0,8.0,10.0,4.0,4.0,18.0,14.0,2.0,6.0,20.0,2.0,6.0,2.0,2.0,0.0,6.0,6.0,6.0,16.0,0.0,6.0,4.0,4.0
수준,338.0,130.0,200.0,180.0,156.0,188.0,160.0,94.0,68.0,137.0,102.0,120.0,92.0,112.0,108.0,106.0,56.0,64.0,64.0,84.0,116.0,86.0,56.0,58.0,114.0,78.0,78.0,0.0,60.0,46.0,80.0,60.0,64.0,50.0,64.0,58.0,90.0,26.0,44.0,68.0,72.0,40.0,68.0,54.0,66.0,64.0,74.0,66.0,36.0,72.0,22.0,18.0,0.0,32.0,30.0,70.0,36.0,68.0,26.0,76.0,60.0,52.0,26.0,62.0,56.0,60.0,44.0,34.0,70.0,54.0,32.0,32.0,50.0,34.0,88.0,52.0,42.0,28.0,22.0,52.0,2.0,32.0,24.0,38.0,62.0,60.0,20.0,38.0,42.0,36.0,50.0,6.0,20.0,28.0,46.0,46.0,30.0,28.0,38.0,62.0
퀘스트,162.0,68.0,84.0,94.0,92.0,84.0,82.0,82.0,16.0,82.0,66.0,46.0,66.0,58.0,50.0,50.0,54.0,30.0,54.0,40.0,58.0,50.0,22.0,66.0,42.0,44.0,26.0,0.0,40.0,16.0,44.0,42.0,20.0,28.0,60.0,28.0,50.0,30.0,52.0,38.0,44.0,18.0,24.0,44.0,24.0,36.0,58.0,48.0,10.0,42.0,6.0,6.0,32.0,0.0,24.0,16.0,27.0,32.0,18.0,40.0,28.0,28.0,8.0,38.0,26.0,34.0,16.0,24.0,32.0,28.0,34.0,20.0,24.0,26.0,28.0,26.0,22.0,10.0,10.0,14.0,0.0,12.0,16.0,22.0,26.0,32.0,6.0,6.0,32.0,24.0,38.0,0.0,10.0,12.0,26.0,16.0,14.0,6.0,26.0,22.0
중간,264.0,122.0,144.0,132.0,128.0,130.0,150.0,100.0,68.0,102.0,118.0,84.0,54.0,104.0,80.0,76.0,52.0,56.0,52.0,74.0,72.0,64.0,28.0,44.0,82.0,82.0,88.0,0.0,50.0,40.0,68.0,74.0,42.0,40.0,64.0,44.0,44.0,16.0,70.0,68.0,50.0,34.0,54.0,54.0,50.0,44.0,56.0,42.0,20.0,26.0,36.0,4.0,30.0,24.0,0.0,26.0,33.0,50.0,26.0,68.0,42.0,46.0,6.0,40.0,56.0,50.0,28.0,10.0,54.0,40.0,40.0,30.0,18.0,36.0,36.0,42.0,40.0,42.0,18.0,46.0,0.0,30.0,48.0,34.0,34.0,54.0,16.0,26.0,32.0,44.0,42.0,2.0,14.0,12.0,14.0,58.0,38.0,30.0,34.0,40.0
가격,358.0,152.0,206.0,126.0,186.0,214.0,158.0,84.0,88.0,148.0,112.0,98.0,56.0,146.0,102.0,114.0,48.0,32.0,64.0,96.0,96.0,90.0,24.0,46.0,98.0,80.0,94.0,0.0,70.0,40.0,54.0,106.0,50.0,54.0,74.0,60.0,66.0,16.0,60.0,70.0,56.0,36.0,58.0,46.0,78.0,64.0,70.0,68.0,36.0,58.0,18.0,10.0,70.0,16.0,26.0,0.0,41.0,70.0,36.0,78.0,28.0,58.0,22.0,54.0,38.0,76.0,32.0,16.0,52.0,52.0,28.0,32.0,24.0,36.0,62.0,48.0,52.0,30.0,12.0,54.0,0.0,20.0,56.0,46.0,40.0,74.0,20.0,30.0,42.0,38.0,36.0,0.0,22.0,28.0,16.0,34.0,50.0,20.0,52.0,38.0
재밌,302.0,88.0,150.0,128.0,129.0,133.0,109.0,66.0,31.0,101.0,97.0,84.0,51.0,94.0,82.0,66.0,33.0,37.0,53.0,35.0,71.0,57.0,28.0,35.0,65.0,55.0,54.0,0.0,46.0,40.0,92.0,46.0,30.0,24.0,53.0,39.0,54.0,21.0,67.0,49.0,51.0,19.0,35.0,44.0,35.0,48.0,53.0,47.0,22.0,43.0,21.0,5.0,36.0,27.0,33.0,41.0,0.0,51.0,17.0,38.0,21.0,26.0,18.0,35.0,20.0,19.0,16.0,18.0,46.0,40.0,20.0,20.0,12.0,43.0,44.0,45.0,31.0,22.0,19.0,26.0,0.0,22.0,27.0,36.0,31.0,41.0,24.0,20.0,35.0,32.0,36.0,1.0,26.0,22.0,19.0,34.0,24.0,17.0,23.0,37.0
아쉽,338.0,164.0,192.0,168.0,190.0,146.0,162.0,112.0,76.0,147.0,162.0,102.0,106.0,146.0,120.0,124.0,54.0,52.0,82.0,74.0,102.0,92.0,30.0,48.0,86.0,92.0,76.0,0.0,54.0,38.0,84.0,72.0,58.0,44.0,64.0,66.0,86.0,18.0,58.0,78.0,54.0,48.0,66.0,72.0,44.0,86.0,84.0,52.0,26.0,62.0,28.0,10.0,68.0,32.0,50.0,70.0,51.0,0.0,26.0,72.0,44.0,38.0,30.0,44.0,44.0,62.0,24.0,34.0,58.0,52.0,32.0,56.0,20.0,32.0,70.0,66.0,46.0,36.0,8.0,74.0,0.0,32.0,58.0,64.0,58.0,48.0,24.0,40.0,32.0,44.0,54.0,4.0,28.0,20.0,28.0,62.0,52.0,28.0,46.0,50.0
과제,178.0,70.0,102.0,68.0,80.0,90.0,86.0,62.0,54.0,59.0,50.0,48.0,32.0,74.0,50.0,44.0,28.0,24.0,24.0,56.0,56.0,44.0,24.0,28.0,38.0,52.0,56.0,0.0,52.0,30.0,42.0,50.0,36.0,206.0,28.0,42.0,40.0,14.0,24.0,46.0,34.0,26.0,42.0,34.0,26.0,30.0,20.0,18.0,22.0,48.0,20.0,4.0,26.0,18.0,26.0,36.0,17.0,26.0,0.0,46.0,26.0,14.0,8.0,22.0,22.0,36.0,18.0,18.0,36.0,26.0,18.0,20.0,16.0,18.0,26.0,20.0,28.0,18.0,6.0,8.0,0.0,8.0,22.0,28.0,32.0,40.0,4.0,14.0,20.0,14.0,24.0,0.0,2.0,4.0,36.0,18.0,4.0,16.0,14.0,24.0
단점,364.0,156.0,232.0,192.0,214.0,198.0,182.0,144.0,68.0,146.0,182.0,132.0,118.0,162.0,102.0,140.0,60.0,62.0,100.0,122.0,138.0,124.0,48.0,78.0,116.0,148.0,116.0,0.0,100.0,54.0,92.0,100.0,72.0,68.0,90.0,64.0,98.0,46.0,88.0,100.0,70.0,60.0,74.0,72.0,84.0,78.0,100.0,82.0,34.0,68.0,34.0,14.0,76.0,40.0,68.0,78.0,38.0,72.0,46.0,0.0,62.0,70.0,22.0,56.0,60.0,80.0,44.0,46.0,96.0,50.0,40.0,52.0,24.0,54.0,78.0,96.0,62.0,52.0,16.0,76.0,0.0,44.0,58.0,60.0,64.0,212.0,16.0,46.0,56.0,44.0,60.0,4.0,24.0,34.0,44.0,72.0,48.0,32.0,48.0,54.0
사용,246.0,90.0,162.0,156.0,146.0,132.0,144.0,116.0,58.0,124.0,102.0,96.0,66.0,102.0,84.0,104.0,62.0,52.0,84.0,110.0,118.0,102.0,46.0,72.0,74.0,112.0,60.0,0.0,68.0,48.0,88.0,72.0,62.0,38.0,58.0,76.0,90.0,34.0,72.0,70.0,60.0,52.0,64.0,68.0,56.0,56.0,64.0,54.0,36.0,66.0,30.0,10.0,60.0,28.0,42.0,28.0,21.0,44.0,26.0,62.0,0.0,80.0,10.0,66.0,62.0,40.0,42.0,38.0,78.0,78.0,32.0,48.0,32.0,32.0,72.0,58.0,50.0,42.0,24.0,42.0,0.0,24.0,32.0,48.0,48.0,60.0,18.0,36.0,34.0,46.0,68.0,0.0,28.0,32.0,54.0,52.0,50.0,42.0,50.0,56.0
이해,318.0,162.0,172.0,176.0,182.0,160.0,162.0,108.0,56.0,125.0,130.0,124.0,90.0,116.0,98.0,112.0,52.0,48.0,74.0,78.0,122.0,104.0,50.0,56.0,102.0,100.0,82.0,0.0,70.0,44.0,94.0,58.0,62.0,34.0,64.0,68.0,66.0,32.0,50.0,82.0,78.0,66.0,66.0,78.0,74.0,50.0,50.0,48.0,40.0,42.0,24.0,12.0,52.0,28.0,46.0,58.0,26.0,38.0,14.0,70.0,80.0,0.0,10.0,62.0,66.0,58.0,46.0,40.0,62.0,66.0,36.0,58.0,42.0,56.0,56.0,78.0,62.0,34.0,14.0,40.0,0.0,26.0,48.0,38.0,52.0,80.0,36.0,40.0,56.0,36.0,50.0,0.0,28.0,36.0,36.0,48.0,34.0,40.0,50.0,36.0
카드,142.0,48.0,64.0,36.0,54.0,54.0,44.0,42.0,8.0,54.0,34.0,36.0,24.0,44.0,44.0,36.0,18.0,24.0,32.0,28.0,40.0,36.0,12.0,14.0,26.0,24.0,18.0,0.0,22.0,8.0,34.0,26.0,18.0,12.0,20.0,32.0,32.0,4.0,18.0,34.0,28.0,6.0,26.0,24.0,28.0,14.0,20.0,12.0,12.0,16.0,2.0,4.0,26.0,8.0,6.0,22.0,18.0,30.0,8.0,22.0,10.0,10.0,0.0,10.0,26.0,14.0,8.0,4.0,22.0,20.0,2.0,18.0,2.0,8.0,30.0,24.0,20.0,2.0,8.0,8.0,0.0,12.0,18.0,8.0,16.0,10.0,12.0,2.0,24.0,4.0,4.0,0.0,10.0,16.0,12.0,12.0,10.0,4.0,14.0,16.0
들어가,286.0,118.0,186.0,180.0,176.0,154.0,176.0,120.0,44.0,127.0,112.0,114.0,72.0,118.0,112.0,106.0,50.0,44.0,62.0,108.0,134.0,110.0,38.0,66.0,96.0,102.0,68.0,0.0,90.0,46.0,108.0,84.0,66.0,36.0,72.0,62.0,74.0,24.0,68.0,72.0,90.0,46.0,66.0,72.0,50.0,60.0,60.0,62.0,32.0,68.0,22.0,22.0,62.0,38.0,40.0,54.0,35.0,44.0,22.0,56.0,66.0,62.0,10.0,0.0,62.0,68.0,34.0,32.0,74.0,78.0,50.0,44.0,22.0,52.0,82.0,58.0,66.0,42.0,28.0,44.0,2.0,30.0,44.0,52.0,34.0,52.0,34.0,38.0,52.0,34.0,58.0,4.0,26.0,42.0,44.0,64.0,50.0,42.0,32.0,54.0
설명,236.0,128.0,148.0,120.0,138.0,138.0,134.0,110.0,74.0,97.0,108.0,110.0,68.0,106.0,76.0,96.0,42.0,50.0,54.0,90.0,96.0,80.0,32.0,50.0,98.0,86.0,52.0,0.0,68.0,42.0,78.0,76.0,70.0,38.0,52.0,58.0,70.0,8.0,56.0,62.0,50.0,42.0,58.0,72.0,64.0,58.0,64.0,50.0,26.0,38.0,18.0,8.0,56.0,26.0,56.0,38.0,20.0,44.0,22.0,60.0,62.0,66.0,26.0,62.0,0.0,62.0,42.0,30.0,70.0,62.0,26.0,60.0,24.0,48.0,70.0,42.0,64.0,30.0,8.0,40.0,2.0,24.0,36.0,42.0,42.0,60.0,16.0,26.0,30.0,22.0,54.0,4.0,2.0,16.0,38.0,40.0,50.0,38.0,34.0,34.0
타임,308.0,142.0,338.0,144.0,170.0,202.0,162.0,116.0,96.0,123.0,126.0,98.0,68.0,146.0,94.0,90.0,52.0,48.0,64.0,88.0,86.0,82.0,32.0,48.0,92.0,98.0,68.0,0.0,86.0,50.0,66.0,84.0,86.0,48.0,86.0,48.0,72.0,26.0,58.0,82.0,62.0,24.0,60.0,94.0,60.0,70.0,48.0,62.0,32.0,56.0,36.0,4.0,60.0,34.0,50.0,76.0,19.0,62.0,36.0,80.0,40.0,58.0,14.0,68.0,62.0,0.0,48.0,44.0,84.0,60.0,38.0,52.0,24.0,44.0,54.0,50.0,54.0,32.0,10.0,52.0,0.0,16.0,36.0,42.0,36.0,66.0,12.0,30.0,42.0,34.0,32.0,4.0,20.0,24.0,38.0,42.0,48.0,38.0,36.0,48.0
배치,156.0,58.0,90.0,94.0,86.0,100.0,80.0,68.0,38.0,94.0,78.0,60.0,46.0,76.0,56.0,64.0,32.0,30.0,46.0,58.0,76.0,68.0,46.0,38.0,62.0,70.0,46.0,0.0,54.0,30.0,44.0,46.0,54.0,28.0,40.0,28.0,56.0,20.0,36.0,42.0,40.0,22.0,64.0,58.0,32.0,26.0,44.0,46.0,16.0,44.0,8.0,6.0,44.0,16.0,28.0,32.0,16.0,24.0,18.0,44.0,42.0,46.0,8.0,34.0,42.0,48.0,0.0,38.0,60.0,46.0,22.0,36.0,12.0,38.0,32.0,42.0,56.0,22.0,18.0,34.0,0.0,16.0,14.0,26.0,36.0,46.0,4.0,4.0,26.0,24.0,40.0,4.0,10.0,22.0,28.0,26.0,40.0,28.0,22.0,30.0
레벨,172.0,62.0,96.0,100.0,112.0,78.0,76.0,68.0,44.0,92.0,70.0,60.0,60.0,100.0,54.0,60.0,44.0,46.0,40.0,48.0,64.0,40.0,30.0,42.0,62.0,52.0,44.0,0.0,42.0,28.0,54.0,38.0,50.0,24.0,44.0,56.0,42.0,36.0,36.0,42.0,38.0,18.0,44.0,54.0,36.0,34.0,34.0,28.0,16.0,30.0,28.0,4.0,34.0,24.0,10.0,16.0,18.0,34.0,18.0,46.0,38.0,40.0,4.0,32.0,30.0,44.0,38.0,0.0,44.0,36.0,32.0,22.0,8.0,38.0,40.0,40.0,40.0,18.0,2.0,26.0,0.0,8.0,10.0,14.0,44.0,56.0,6.0,6.0,30.0,38.0,42.0,4.0,10.0,18.0,24.0,22.0,16.0,16.0,14.0,30.0
이유,360.0,166.0,244.0,186.0,228.0,220.0,174.0,154.0,56.0,167.0,146.0,132.0,90.0,160.0,130.0,148.0,62.0,82.0,94.0,124.0,160.0,146.0,54.0,80.0,106.0,138.0,92.0,0.0,120.0,60.0,92.0,100.0,86.0,60.0,76.0,76.0,110.0,52.0,70.0,110.0,74.0,76.0,90.0,112.0,64.0,76.0,80.0,92.0,44.0,68.0,36.0,10.0,70.0,32.0,54.0,52.0,46.0,58.0,36.0,96.0,78.0,62.0,22.0,74.0,70.0,84.0,60.0,44.0,0.0,90.0,56.0,84.0,20.0,58.0,98.0,80.0,76.0,56.0,26.0,62.0,2.0,40.0,54.0,50.0,58.0,74.0,32.0,36.0,54.0,48.0,62.0,4.0,18.0,24.0,60.0,60.0,62.0,46.0,38.0,72.0
상황,280.0,94.0,202.0,152.0,180.0,170.0,172.0,122.0,50.0,122.0,120.0,94.0,100.0,108.0,110.0,106.0,66.0,52.0,92.0,114.0,122.0,92.0,60.0,76.0,108.0,134.0,58.0,0.0,72.0,38.0,82.0,58.0,78.0,42.0,66.0,76.0,86.0,26.0,56.0,98.0,66.0,62.0,52.0,94.0,46.0,56.0,62.0,50.0,30.0,78.0,12.0,18.0,54.0,28.0,40.0,52.0,40.0,52.0,26.0,50.0,78.0,66.0,20.0,78.0,62.0,60.0,46.0,36.0,90.0,0.0,46.0,38.0,18.0,52.0,80.0,50.0,68.0,32.0,24.0,46.0,0.0,20.0,48.0,42.0,46.0,42.0,28.0,24.0,44.0,40.0,68.0,0.0,14.0,22.0,46.0,46.0,58.0,34.0,50.0,54.0
패턴,210.0,62.0,110.0,108.0,98.0,84.0,88.0,74.0,30.0,93.0,104.0,60.0,62.0,68.0,62.0,78.0,58.0,118.0,50.0,58.0,80.0,68.0,66.0,58.0,62.0,68.0,60.0,0.0,44.0,40.0,70.0,44.0,44.0,36.0,68.0,42.0,44.0,38.0,54.0,56.0,50.0,24.0,34.0,58.0,40.0,38.0,50.0,38.0,14.0,38.0,34.0,2.0,32.0,34.0,40.0,28.0,20.0,32.0,18.0,40.0,32.0,36.0,2.0,50.0,26.0,38.0,22.0,32.0,56.0,46.0,0.0,16.0,10.0,40.0,40.0,64.0,50.0,28.0,4.0,30.0,0.0,16.0,36.0,20.0,38.0,42.0,10.0,12.0,16.0,26.0,36.0,0.0,14.0,18.0,18.0,26.0,38.0,24.0,34.0,42.0
이야기,224.0,160.0,144.0,124.0,142.0,124.0,130.0,114.0,48.0,107.0,86.0,94.0,74.0,100.0,86.0,98.0,44.0,24.0,42.0,60.0,100.0,94.0,24.0,32.0,76.0,74.0,44.0,0.0,56.0,38.0,62.0,58.0,60.0,30.0,54.0,48.0,58.0,26.0,38.0,56.0,58.0,80.0,66.0,74.0,58.0,74.0,48.0,42.0,16.0,30.0,24.0,0.0,32.0,20.0,30.0,32.0,20.0,56.0,20.0,52.0,48.0,58.0,18.0,44.0,60.0,52.0,36.0,22.0,84.0,38.0,16.0,0.0,20.0,34.0,64.0,50.0,64.0,40.0,8.0,52.0,0.0,12.0,40.0,50.0,54.0,46.0,18.0,34.0,34.0,16.0,58.0,4.0,12.0,16.0,36.0,32.0,48.0,34.0,30.0,46.0
번역,170.0,72.0,82.0,66.0,58.0,56.0,78.0,56.0,12.0,48.0,50.0,40.0,30.0,46.0,48.0,46.0,32.0,16.0,34.0,36.0,42.0,38.0,16.0,22.0,44.0,18.0,18.0,0.0,34.0,20.0,22.0,42.0,20.0,18.0,26.0,30.0,32.0,14.0,26.0,26.0,34.0,20.0,28.0,18.0,44.0,26.0,34.0,32.0,24.0,32.0,10.0,6.0,50.0,24.0,18.0,24.0,12.0,20.0,16.0,24.0,32.0,42.0,2.0,22.0,24.0,24.0,12.0,8.0,20.0,18.0,10.0,20.0,0.0,8.0,28.0,16.0,12.0,14.0,8.0,26.0,0.0,12.0,16.0,12.0,16.0,20.0,2.0,18.0,32.0,12.0,16.0,0.0,20.0,22.0,26.0,16.0,12.0,18.0,16.0,26.0
짜증,264.0,98.0,136.0,140.0,134.0,142.0,126.0,90.0,56.0,122.0,86.0,88.0,56.0,88.0,88.0,96.0,42.0,44.0,70.0,80.0,74.0,74.0,48.0,64.0,94.0,70.0,78.0,0.0,66.0,46.0,88.0,48.0,58.0,38.0,68.0,58.0,82.0,38.0,54.0,68.0,76.0,26.0,30.0,60.0,60.0,40.0,54.0,58.0,26.0,34.0,20.0,8.0,34.0,26.0,36.0,36.0,43.0,32.0,18.0,54.0,32.0,56.0,8.0,52.0,48.0,44.0,38.0,38.0,58.0,52.0,40.0,34.0,8.0,0.0,52.0,54.0,48.0,30.0,28.0,32.0,2.0,24.0,34.0,42.0,50.0,60.0,20.0,10.0,40.0,30.0,48.0,0.0,20.0,22.0,34.0,50.0,38.0,44.0,38.0,38.0
사실,324.0,146.0,206.0,196.0,206.0,192.0,172.0,142.0,66.0,148.0,130.0,142.0,98.0,146.0,132.0,136.0,60.0,56.0,82.0,114.0,134.0,136.0,56.0,72.0,126.0,126.0,108.0,0.0,78.0,42.0,114.0,76.0,92.0,50.0,78.0,82.0,104.0,38.0,80.0,94.0,80.0,58.0,80.0,88.0,76.0,76.0,78.0,64.0,44.0,68.0,24.0,12.0,88.0,28.0,36.0,62.0,44.0,70.0,26.0,78.0,72.0,56.0,30.0,82.0,70.0,54.0,32.0,40.0,98.0,80.0,40.0,64.0,28.0,52.0,0.0,54.0,72.0,32.0,20.0,44.0,0.0,14.0,66.0,54.0,68.0,68.0,24.0,38.0,48.0,52.0,56.0,4.0,22.0,18.0,72.0,62.0,52.0,52.0,66.0,66.0
힘들,310.0,108.0,180.0,186.0,172.0,160.0,158.0,108.0,56.0,179.0,124.0,98.0,70.0,124.0,80.0,120.0,68.0,74.0,84.0,96.0,112.0,100.0,64.0,62.0,106.0,106.0,86.0,0.0,92.0,40.0,110.0,80.0,70.0,48.0,54.0,72.0,66.0,38.0,64.0,94.0,92.0,48.0,64.0,70.0,62.0,46.0,54.0,64.0,34.0,68.0,30.0,6.0,52.0,26.0,42.0,48.0,45.0,66.0,20.0,96.0,58.0,78.0,24.0,58.0,42.0,50.0,42.0,40.0,80.0,50.0,64.0,50.0,16.0,54.0,54.0,0.0,64.0,38.0,24.0,44.0,0.0,24.0,64.0,34.0,58.0,64.0,22.0,40.0,46.0,42.0,52.0,0.0,34.0,30.0,26.0,78.0,40.0,42.0,46.0,72.0
여기,252.0,142.0,146.0,166.0,172.0,148.0,144.0,144.0,74.0,118.0,116.0,122.0,84.0,112.0,90.0,92.0,58.0,58.0,78.0,98.0,124.0,120.0,42.0,44.0,96.0,106.0,62.0,0.0,104.0,40.0,96.0,80.0,86.0,50.0,52.0,64.0,94.0,26.0,66.0,76.0,64.0,54.0,68.0,88.0,68.0,52.0,62.0,50.0,26.0,54.0,10.0,10.0,42.0,22.0,40.0,52.0,31.0,46.0,28.0,62.0,50.0,62.0,20.0,66.0,64.0,54.0,56.0,40.0,76.0,68.0,50.0,64.0,12.0,48.0,72.0,64.0,0.0,30.0,14.0,46.0,0.0,26.0,44.0,42.0,58.0,64.0,30.0,20.0,54.0,46.0,54.0,0.0,18.0,20.0,32.0,62.0,54.0,42.0,48.0,54.0
연출,170.0,124.0,116.0,82.0,106.0,90.0,92.0,80.0,48.0,68.0,76.0,78.0,48.0,70.0,74.0,68.0,24.0,24.0,26.0,48.0,70.0,52.0,16.0,16.0,44.0,72.0,50.0,0.0,32.0,48.0,50.0,44.0,38.0,32.0,30.0,32.0,42.0,8.0,34.0,52.0,38.0,50.0,48.0,46.0,56.0,48.0,48.0,30.0,12.0,24.0,10.0,2.0,28.0,10.0,42.0,30.0,22.0,36.0,18.0,52.0,42.0,34.0,2.0,42.0,30.0,32.0,22.0,18.0,56.0,32.0,28.0,40.0,14.0,30.0,32.0,38.0,30.0,0.0,2.0,62.0,0.0,12.0,44.0,40.0,36.0,66.0,16.0,38.0,20.0,18.0,40.0,4.0,8.0,12.0,16.0,46.0,30.0,38.0,34.0,26.0
건물,106.0,18.0,54.0,82.0,42.0,64.0,58.0,32.0,8.0,57.0,50.0,34.0,12.0,22.0,52.0,34.0,12.0,6.0,44.0,36.0,48.0,26.0,10.0,18.0,22.0,32.0,26.0,0.0,32.0,6.0,26.0,22.0,16.0,10.0,10.0,14.0,44.0,8.0,30.0,24.0,30.0,6.0,26.0,32.0,30.0,26.0,28.0,36.0,18.0,30.0,2.0,8.0,22.0,10.0,18.0,12.0,19.0,8.0,6.0,16.0,24.0,14.0,8.0,28.0,8.0,10.0,18.0,2.0,26.0,24.0,4.0,8.0,8.0,28.0,20.0,24.0,14.0,2.0,0.0,16.0,0.0,16.0,10.0,12.0,6.0,12.0,2.0,6.0,26.0,24.0,26.0,0.0,10.0,10.0,22.0,16.0,4.0,6.0,14.0,26.0
몰입,260.0,150.0,156.0,124.0,172.0,116.0,128.0,100.0,70.0,104.0,136.0,90.0,76.0,102.0,108.0,110.0,42.0,16.0,42.0,54.0,98.0,74.0,24.0,36.0,72.0,84.0,52.0,0.0,46.0,46.0,58.0,56.0,66.0,16.0,44.0,60.0,52.0,14.0,70.0,54.0,52.0,72.0,50.0,62.0,56.0,60.0,56.0,54.0,28.0,24.0,4.0,10.0,52.0,14.0,46.0,54.0,26.0,74.0,8.0,76.0,42.0,40.0,8.0,44.0,40.0,52.0,34.0,26.0,62.0,46.0,30.0,52.0,26.0,32.0,44.0,44.0,46.0,62.0,16.0,0.0,0.0,28.0,34.0,42.0,36.0,54.0,18.0,32.0,38.0,24.0,44.0,4.0,2.0,22.0,26.0,42.0,48.0,20.0,32.0,22.0
연산,4.0,2.0,0.0,2.0,2.0,2.0,2.0,0.0,4.0,0.0,0.0,2.0,0.0,0.0,2.0,0.0,0.0,0.0,0.0,2.0,2.0,2.0,0.0,0.0,0.0,0.0,2.0,0.0,2.0,0.0,0.0,0.0,0.0,0.0,0.0,0.0,2.0,0.0,0.0,0.0,2.0,0.0,0.0,0.0,2.0,2.0,0.0,0.0,0.0,0.0,0.0,4.0,2.0,0.0,0.0,0.0,0.0,0.0,0.0,0.0,0.0,0.0,0.0,2.0,2.0,0.0,0.0,0.0,2.0,0.0,0.0,0.0,0.0,2.0,0.0,0.0,0.0,0.0,0.0,0.0,0.0,0.0,0.0,0.0,0.0,2.0,0.0,0.0,0.0,0.0,2.0,0.0,0.0,0.0,2.0,2.0,0.0,0.0,0.0,0.0
환불,244.0,46.0,130.0,104.0,92.0,168.0,94.0,54.0,22.0,82.0,56.0,58.0,52.0,62.0,48.0,34.0,14.0,22.0,26.0,42.0,48.0,32.0,22.0,28.0,42.0,34.0,24.0,0.0,40.0,22.0,52.0,94.0,16.0,10.0,40.0,22.0,38.0,10.0,44.0,24.0,38.0,14.0,48.0,18.0,24.0,42.0,42.0,22.0,8.0,20.0,10.0,4.0,32.0,12.0,30.0,20.0,22.0,32.0,8.0,44.0,24.0,26.0,12.0,30.0,24.0,16.0,16.0,8.0,40.0,20.0,16.0,12.0,12.0,24.0,14.0,24.0,26.0,12.0,16.0,28.0,0.0,0.0,14.0,22.0,16.0,32.0,10.0,16.0,34.0,18.0,34.0,0.0,6.0,12.0,26.0,16.0,12.0,22.0,24.0,20.0
분위기,230.0,140.0,154.0,126.0,142.0,92.0,108.0,90.0,66.0,89.0,134.0,96.0,60.0,94.0,80.0,54.0,42.0,42.0,48.0,48.0,66.0,74.0,28.0,34.0,70.0,90.0,76.0,0.0,44.0,38.0,64.0,56.0,50.0,44.0,40.0,28.0,50.0,20.0,40.0,48.0,56.0,32.0,54.0,64.0,64.0,62.0,36.0,26.0,16.0,22.0,18.0,18.0,24.0,16.0,48.0,56.0,27.0,58.0,22.0,58.0,32.0,48.0,18.0,44.0,36.0,36.0,14.0,10.0,54.0,48.0,36.0,40.0,16.0,34.0,66.0,64.0,44.0,44.0,10.0,34.0,0.0,14.0,0.0,40.0,46.0,66.0,8.0,26.0,26.0,24.0,36.0,0.0,12.0,8.0,16.0,50.0,40.0,14.0,34.0,28.0
개인,256.0,132.0,162.0,124.0,160.0,130.0,152.0,104.0,58.0,127.0,132.0,98.0,84.0,128.0,116.0,98.0,48.0,44.0,48.0,74.0,92.0,68.0,38.0,48.0,82.0,76.0,84.0,0.0,62.0,30.0,64.0,58.0,56.0,42.0,40.0,52.0,48.0,28.0,54.0,54.0,58.0,60.0,62.0,50.0,54.0,74.0,76.0,42.0,26.0,44.0,26.0,14.0,38.0,22.0,34.0,46.0,36.0,64.0,28.0,60.0,48.0,38.0,8.0,52.0,42.0,42.0,26.0,14.0,50.0,42.0,20.0,50.0,12.0,42.0,54.0,34.0,42.0,40.0,12.0,42.0,0.0,22.0,40.0,0.0,48.0,58.0,20.0,34.0,38.0,22.0,42.0,0.0,20.0,22.0,40.0,44.0,38.0,30.0,24.0,48.0
장르,238.0,110.0,132.0,142.0,126.0,114.0,120.0,96.0,56.0,123.0,96.0,92.0,74.0,94.0,92.0,98.0,56.0,54.0,68.0,58.0,92.0,72.0,44.0,50.0,78.0,66.0,88.0,4.0,76.0,48.0,64.0,46.0,68.0,58.0,42.0,50.0,68.0,34.0,60.0,66.0,50.0,48.0,70.0,68.0,68.0,56.0,50.0,48.0,22.0,28.0,28.0,2.0,62.0,26.0,34.0,40.0,31.0,58.0,32.0,64.0,48.0,52.0,16.0,34.0,42.0,36.0,36.0,44.0,58.0,46.0,38.0,54.0,16.0,50.0,68.0,58.0,58.0,36.0,6.0,36.0,0.0,16.0,46.0,48.0,0.0,66.0,10.0,34.0,34.0,28.0,52.0,2.0,18.0,10.0,36.0,44.0,40.0,30.0,38.0,44.0
장점,322.0,162.0,184.0,160.0,200.0,176.0,164.0,120.0,70.0,155.0,138.0,138.0,104.0,162.0,96.0,104.0,64.0,56.0,96.0,96.0,120.0,92.0,50.0,74.0,102.0,100.0,120.0,0.0,72.0,52.0,96.0,88.0,64.0,70.0,64.0,54.0,98.0,40.0,84.0,84.0,66.0,48.0,66.0,72.0,98.0,76.0,76.0,72.0,42.0,52.0,36.0,6.0,60.0,32.0,54.0,74.0,41.0,48.0,40.0,212.0,60.0,80.0,10.0,52.0,60.0,66.0,46.0,56.0,74.0,42.0,42.0,46.0,20.0,60.0,68.0,64.0,64.0,66.0,12.0,54.0,2.0,32.0,66.0,58.0,66.0,0.0,12.0,34.0,54.0,44.0,56.0,0.0,22.0,22.0,28.0,56.0,32.0,36.0,44.0,50.0
친구,164.0,40.0,98.0,64.0,72.0,68.0,62.0,40.0,20.0,56.0,30.0,54.0,44.0,72.0,28.0,40.0,18.0,18.0,24.0,34.0,46.0,42.0,12.0,16.0,34.0,36.0,22.0,0.0,32.0,26.0,40.0,28.0,28.0,8.0,26.0,18.0,36.0,4.0,20.0,34.0,22.0,24.0,18.0,20.0,24.0,26.0,18.0,20.0,20.0,22.0,8.0,20.0,20.0,6.0,16.0,20.0,24.0,24.0,4.0,16.0,18.0,36.0,12.0,34.0,16.0,12.0,4.0,6.0,32.0,28.0,10.0,18.0,2.0,20.0,24.0,22.0,30.0,16.0,2.0,18.0,0.0,10.0,8.0,20.0,10.0,12.0,0.0,8.0,22.0,16.0,20.0,0.0,16.0,8.0,10.0,24.0,12.0,6.0,10.0,16.0
작품,164.0,100.0,98.0,76.0,90.0,76.0,70.0,70.0,46.0,74.0,68.0,58.0,36.0,64.0,74.0,52.0,16.0,20.0,26.0,50.0,54.0,50.0,14.0,30.0,52.0,40.0,46.0,0.0,42.0,30.0,50.0,50.0,32.0,22.0,26.0,32.0,30.0,6.0,30.0,44.0,28.0,42.0,42.0,44.0,46.0,48.0,36.0,26.0,20.0,18.0,16.0,2.0,38.0,6.0,26.0,30.0,20.0,40.0,14.0,46.0,36.0,40.0,2.0,38.0,26.0,30.0,4.0,6.0,36.0,24.0,12.0,34.0,18.0,10.0,38.0,40.0,20.0,38.0,6.0,32.0,0.0,16.0,26.0,34.0,34.0,34.0,8.0,0.0,22.0,12.0,36.0,0.0,10.0,8.0,22.0,30.0,18.0,20.0,22.0,28.0
이건,282.0,98.0,140.0,130.0,156.0,130.0,120.0,92.0,28.0,121.0,108.0,84.0,76.0,108.0,66.0,70.0,44.0,48.0,52.0,82.0,94.0,80.0,36.0,48.0,58.0,82.0,72.0,0.0,66.0,36.0,84.0,70.0,40.0,28.0,50.0,66.0,66.0,26.0,66.0,72.0,78.0,32.0,58.0,56.0,58.0,54.0,54.0,50.0,42.0,60.0,26.0,6.0,42.0,32.0,32.0,42.0,35.0,32.0,20.0,56.0,34.0,56.0,24.0,52.0,30.0,42.0,26.0,30.0,54.0,44.0,16.0,34.0,32.0,40.0,48.0,46.0,54.0,20.0,26.0,38.0,0.0,34.0,26.0,38.0,34.0,54.0,22.0,22.0,0.0,34.0,38.0,0.0,20.0,16.0,28.0,36.0,22.0,22.0,32.0,38.0
노가다,204.0,74.0,112.0,108.0,102.0,126.0,114.0,84.0,18.0,105.0,76.0,60.0,58.0,68.0,76.0,56.0,30.0,28.0,44.0,56.0,78.0,58.0,18.0,46.0,72.0,58.0,66.0,0.0,50.0,26.0,56.0,40.0,28.0,28.0,68.0,42.0,68.0,22.0,64.0,66.0,36.0,16.0,38.0,42.0,26.0,44.0,48.0,42.0,28.0,46.0,14.0,2.0,36.0,24.0,44.0,38.0,32.0,44.0,14.0,44.0,46.0,36.0,4.0,34.0,22.0,34.0,24.0,38.0,48.0,40.0,26.0,16.0,12.0,30.0,52.0,42.0,46.0,18.0,24.0,24.0,0.0,18.0,24.0,22.0,28.0,44.0,16.0,12.0,34.0,0.0,36.0,0.0,26.0,8.0,36.0,42.0,36.0,26.0,36.0,44.0
다음,258.0,112.0,138.0,168.0,166.0,160.0,136.0,148.0,42.0,115.0,116.0,98.0,64.0,102.0,72.0,104.0,38.0,50.0,64.0,88.0,130.0,88.0,34.0,52.0,94.0,112.0,58.0,0.0,106.0,42.0,90.0,82.0,62.0,42.0,60.0,58.0,82.0,22.0,60.0,74.0,76.0,54.0,52.0,86.0,54.0,58.0,60.0,48.0,28.0,44.0,54.0,2.0,50.0,38.0,42.0,36.0,36.0,54.0,24.0,60.0,68.0,50.0,4.0,58.0,54.0,32.0,40.0,42.0,62.0,68.0,36.0,58.0,16.0,48.0,56.0,52.0,54.0,40.0,26.0,44.0,2.0,34.0,36.0,42.0,52.0,56.0,20.0,36.0,38.0,36.0,0.0,4.0,10.0,30.0,46.0,56.0,40.0,40.0,38.0,50.0
스티커,10.0,6.0,6.0,14.0,8.0,6.0,4.0,4.0,0.0,1.0,0.0,8.0,0.0,4.0,8.0,4.0,0.0,0.0,0.0,4.0,4.0,4.0,0.0,0.0,0.0,4.0,2.0,0.0,0.0,4.0,0.0,4.0,4.0,0.0,10.0,0.0,4.0,0.0,0.0,4.0,0.0,0.0,4.0,0.0,2.0,4.0,10.0,4.0,0.0,0.0,0.0,0.0,6.0,0.0,2.0,0.0,1.0,4.0,0.0,4.0,0.0,0.0,0.0,4.0,4.0,4.0,4.0,4.0,4.0,0.0,0.0,4.0,0.0,0.0,4.0,0.0,0.0,4.0,0.0,4.0,0.0,0.0,0.0,0.0,2.0,0.0,0.0,0.0,0.0,0.0,4.0,0.0,0.0,4.0,4.0,4.0,4.0,4.0,0.0,0.0
업데이트,162.0,32.0,84.0,80.0,58.0,50.0,60.0,44.0,2.0,60.0,30.0,38.0,20.0,52.0,30.0,20.0,16.0,20.0,42.0,36.0,44.0,44.0,12.0,24.0,40.0,26.0,30.0,0.0,34.0,18.0,42.0,30.0,24.0,10.0,28.0,22.0,32.0,10.0,26.0,30.0,38.0,10.0,22.0,22.0,28.0,26.0,26.0,24.0,22.0,54.0,14.0,6.0,20.0,10.0,14.0,22.0,26.0,28.0,2.0,24.0,28.0,28.0,10.0,26.0,2.0,20.0,10.0,10.0,18.0,14.0,14.0,12.0,20.0,20.0,22.0,34.0,18.0,8.0,10.0,2.0,0.0,6.0,12.0,20.0,18.0,22.0,16.0,10.0,20.0,26.0,10.0,0.0,0.0,28.0,30.0,28.0,14.0,12.0,22.0,58.0
패치,196.0,28.0,78.0,88.0,82.0,60.0,68.0,64.0,10.0,59.0,48.0,62.0,30.0,58.0,32.0,44.0,14.0,18.0,40.0,44.0,60.0,66.0,16.0,32.0,40.0,48.0,40.0,0.0,36.0,24.0,48.0,44.0,26.0,8.0,26.0,30.0,30.0,14.0,22.0,56.0,38.0,6.0,40.0,14.0,28.0,20.0,22.0,34.0,14.0,52.0,10.0,6.0,28.0,12.0,12.0,28.0,22.0,20.0,4.0,34.0,32.0,36.0,16.0,42.0,16.0,24.0,22.0,18.0,24.0,22.0,18.0,16.0,22.0,22.0,18.0,30.0,20.0,12.0,10.0,22.0,0.0,12.0,8.0,22.0,10.0,22.0,8.0,8.0,16.0,8.0,30.0,4.0,28.0,0.0,18.0,14.0,12.0,20.0,8.0,32.0
기능,222.0,60.0,118.0,122.0,106.0,142.0,120.0,84.0,48.0,77.0,78.0,76.0,46.0,56.0,68.0,82.0,30.0,28.0,46.0,66.0,82.0,84.0,28.0,44.0,42.0,72.0,46.0,0.0,60.0,26.0,58.0,38.0,40.0,44.0,50.0,46.0,64.0,22.0,38.0,46.0,46.0,34.0,46.0,40.0,42.0,40.0,38.0,46.0,42.0,64.0,18.0,6.0,46.0,26.0,14.0,16.0,19.0,28.0,36.0,44.0,54.0,36.0,12.0,44.0,38.0,38.0,28.0,24.0,60.0,46.0,18.0,36.0,26.0,34.0,72.0,26.0,32.0,16.0,22.0,26.0,2.0,26.0,16.0,40.0,36.0,28.0,10.0,22.0,28.0,36.0,46.0,4.0,30.0,18.0,0.0,32.0,20.0,32.0,26.0,32.0
마지막,266.0,142.0,150.0,146.0,170.0,146.0,158.0,112.0,70.0,112.0,114.0,108.0,64.0,102.0,76.0,104.0,42.0,56.0,52.0,82.0,96.0,80.0,34.0,40.0,78.0,90.0,80.0,0.0,74.0,42.0,82.0,60.0,46.0,40.0,50.0,44.0,76.0,20.0,66.0,70.0,88.0,52.0,44.0,60.0,62.0,62.0,64.0,46.0,36.0,50.0,20.0,16.0,46.0,16.0,58.0,34.0,34.0,62.0,18.0,72.0,52.0,48.0,12.0,64.0,40.0,42.0,26.0,22.0,60.0,46.0,26.0,32.0,16.0,50.0,62.0,78.0,62.0,46.0,16.0,42.0,2.0,16.0,50.0,44.0,44.0,56.0,24.0,30.0,36.0,42.0,56.0,4.0,28.0,14.0,32.0,0.0,32.0,30.0,48.0,56.0
과정,176.0,88.0,108.0,110.0,116.0,108.0,86.0,80.0,54.0,96.0,86.0,66.0,48.0,90.0,82.0,100.0,40.0,30.0,40.0,68.0,74.0,68.0,20.0,52.0,70.0,80.0,40.0,0.0,60.0,48.0,50.0,60.0,66.0,22.0,60.0,38.0,54.0,12.0,34.0,52.0,38.0,32.0,62.0,54.0,28.0,58.0,54.0,34.0,16.0,34.0,16.0,0.0,30.0,14.0,38.0,50.0,24.0,52.0,4.0,48.0,50.0,34.0,10.0,50.0,50.0,48.0,40.0,16.0,62.0,58.0,38.0,48.0,12.0,38.0,52.0,40.0,54.0,30.0,4.0,48.0,0.0,12.0,40.0,38.0,40.0,32.0,12.0,18.0,22.0,36.0,40.0,4.0,14.0,12.0,20.0,32.0,0.0,20.0,36.0,32.0
화면,214.0,50.0,132.0,90.0,84.0,106.0,90.0,92.0,26.0,69.0,50.0,58.0,48.0,68.0,46.0,50.0,24.0,30.0,44.0,64.0,80.0,66.0,22.0,22.0,60.0,56.0,40.0,0.0,58.0,50.0,64.0,44.0,46.0,22.0,44.0,42.0,62.0,20.0,24.0,56.0,34.0,24.0,38.0,52.0,58.0,20.0,28.0,42.0,26.0,34.0,10.0,6.0,28.0,6.0,30.0,20.0,17.0,28.0,16.0,32.0,42.0,40.0,4.0,42.0,38.0,38.0,28.0,16.0,46.0,34.0,24.0,34.0,18.0,44.0,52.0,42.0,42.0,38.0,6.0,20.0,0.0,22.0,14.0,30.0,30.0,36.0,6.0,20.0,22.0,26.0,40.0,4.0,12.0,20.0,32.0,30.0,20.0,0.0,26.0,34.0
의미,222.0,114.0,130.0,130.0,126.0,138.0,110.0,90.0,34.0,87.0,86.0,76.0,58.0,72.0,94.0,56.0,52.0,44.0,52.0,60.0,86.0,64.0,36.0,52.0,64.0,78.0,48.0,0.0,56.0,36.0,74.0,52.0,48.0,34.0,58.0,58.0,74.0,30.0,56.0,70.0,54.0,40.0,54.0,62.0,42.0,46.0,50.0,42.0,22.0,46.0,8.0,4.0,38.0,26.0,34.0,52.0,23.0,46.0,14.0,48.0,50.0,50.0,14.0,32.0,34.0,36.0,22.0,14.0,38.0,50.0,34.0,30.0,16.0,38.0,66.0,46.0,48.0,34.0,14.0,32.0,0.0,24.0,34.0,24.0,38.0,44.0,10.0,22.0,32.0,36.0,38.0,0.0,22.0,8.0,26.0,48.0,36.0,26.0,0.0,36.0
이후,236.0,84.0,162.0,144.0,136.0,144.0,142.0,112.0,48.0,128.0,82.0,66.0,54.0,108.0,88.0,86.0,44.0,44.0,68.0,94.0,86.0,98.0,44.0,52.0,68.0,84.0,64.0,0.0,78.0,26.0,92.0,68.0,52.0,50.0,66.0,54.0,74.0,26.0,68.0,76.0,52.0,38.0,58.0,58.0,34.0,56.0,64.0,60.0,20.0,58.0,32.0,4.0,62.0,22.0,40.0,38.0,37.0,50.0,24.0,54.0,56.0,36.0,16.0,54.0,34.0,48.0,30.0,30.0,72.0,54.0,42.0,46.0,26.0,38.0,66.0,72.0,54.0,26.0,26.0,22.0,0.0,20.0,28.0,48.0,44.0,50.0,16.0,28.0,38.0,44.0,50.0,0.0,58.0,32.0,32.0,56.0,32.0,34.0,36.0,0.0
