,게임,스토리,플레이,시간,생각,진행,퍼즐,사람,느낌,추천,요소,캐릭터,재미,보스,전투,문제,시스템,난이도,아이템,처음,공격,구매,반복,조작,시작,필요,선택,플레이어,초반,이상,기대,불편,그래픽,평가,부족,가격,도전,번역,무기,중간,추가,수준,모드,환불,방식,스테이지,주인공,퀘스트,단점,이해,사용,노가다,친구,사실,패치,짜증,설명,타임,한글,이유,업데이트,몰입,연출,장점,자원,패턴,레벨,이동,기본,다음,카드,출시,개인,화면,과제,멀티,의미,배치,작품,상황,존재,설정,상태,개발자,코어,지역,건물,장르,마지막,회차,기능,분위기,서버,내용,로그,친절,과정,특정,물건,전체
게임,0.0,586.0,846.0,742.0,758.0,474.0,268.0,498.0,499.0,554.0,381.0,299.0,460.0,202.0,213.0,346.0,257.0,319.0,190.0,407.0,145.0,312.0,264.0,217.0,278.0,284.0,219.0,209.0,262.0,281.0,265.0,226.0,278.0,257.0,240.0,245.0,160.0,109.0,102.0,183.0,213.0,232.0,149.0,213.0,220.0,112.0,145.0,109.0,233.0,213.0,163.0,156.0,136.0,211.0,156.0,182.0,161.0,204.0,113.0,220.0,132.0,175.0,110.0,210.0,70.0,134.0,116.0,127.0,170.0,159.0,78.0,163.0,172.0,154.0,104.0,86.0,152.0,99.0,104.0,159.0,149.0,147.0,143.0,147.0,14.0,70.0,69.0,143.0,159.0,94.0,134.0,142.0,49.0,141.0,101.0,146.0,111.0,137.0,73.0,142.0
스토리,586.0,0.0,312.0,257.0,303.0,212.0,129.0,185.0,217.0,192.0,165.0,130.0,143.0,64.0,116.0,132.0,97.0,116.0,66.0,130.0,47.0,99.0,97.0,72.0,91.0,112.0,96.0,99.0,95.0,99.0,141.0,80.0,110.0,91.0,93.0,94.0,73.0,51.0,32.0,85.0,61.0,100.0,49.0,41.0,107.0,30.0,120.0,47.0,107.0,117.0,66.0,50.0,34.0,98.0,30.0,62.0,84.0,92.0,44.0,104.0,27.0,107.0,83.0,106.0,14.0,45.0,46.0,46.0,60.0,70.0,29.0,53.0,89.0,43.0,42.0,18.0,78.0,34.0,66.0,60.0,62.0,58.0,54.0,41.0,4.0,23.0,13.0,61.0,83.0,50.0,41.0,83.0,4.0,86.0,17.0,49.0,59.0,61.0,25.0,68.0
플레이,846.0,312.0,0.0,437.0,390.0,245.0,141.0,265.0,262.0,281.0,222.0,161.0,237.0,93.0,103.0,192.0,126.0,168.0,105.0,200.0,72.0,181.0,153.0,111.0,146.0,157.0,123.0,139.0,121.0,167.0,142.0,129.0,140.0,130.0,128.0,134.0,105.0,55.0,51.0,103.0,110.0,132.0,91.0,95.0,143.0,60.0,93.0,59.0,140.0,117.0,103.0,84.0,71.0,129.0,61.0,89.0,101.0,222.0,67.0,142.0,61.0,104.0,76.0,121.0,36.0,66.0,65.0,75.0,98.0,86.0,37.0,81.0,103.0,83.0,63.0,53.0,87.0,53.0,59.0,102.0,99.0,88.0,91.0,73.0,10.0,44.0,33.0,80.0,90.0,63.0,70.0,92.0,21.0,84.0,52.0,66.0,71.0,80.0,40.0,78.0
시간,742.0,257.0,437.0,0.0,335.0,220.0,103.0,223.0,201.0,236.0,192.0,136.0,201.0,97.0,97.0,175.0,128.0,153.0,98.0,204.0,64.0,125.0,147.0,81.0,156.0,156.0,113.0,110.0,137.0,165.0,116.0,100.0,106.0,113.0,114.0,135.0,90.0,36.0,56.0,90.0,103.0,112.0,68.0,131.0,107.0,49.0,74.0,69.0,117.0,103.0,83.0,95.0,56.0,114.0,48.0,94.0,89.0,134.0,50.0,127.0,43.0,83.0,53.0,110.0,37.0,64.0,62.0,65.0,91.0,90.0,31.0,67.0,78.0,62.0,57.0,33.0,95.0,52.0,44.0,89.0,90.0,66.0,69.0,58.0,10.0,50.0,34.0,66.0,86.0,47.0,80.0,54.0,21.0,65.0,40.0,59.0,69.0,75.0,45.0,76.0
생각,758.0,303.0,390.0,335.0,0.0,215.0,125.0,242.0,253.0,268.0,185.0,151.0,211.0,103.0,107.0,191.0,116.0,154.0,85.0,185.0,67.0,152.0,124.0,94.0,136.0,162.0,118.0,125.0,120.0,147.0,138.0,102.0,116.0,124.0,129.0,116.0,86.0,42.0,55.0,92.0,108.0,110.0,65.0,73.0,117.0,53.0,91.0,58.0,131.0,114.0,94.0,72.0,51.0,132.0,60.0,84.0,86.0,101.0,48.0,129.0,46.0,106.0,65.0,116.0,35.0,69.0,68.0,68.0,92.0,97.0,29.0,83.0,108.0,56.0,47.0,32.0,76.0,47.0,58.0,90.0,89.0,77.0,83.0,65.0,9.0,42.0,29.0,76.0,99.0,51.0,64.0,81.0,13.0,82.0,45.0,52.0,69.0,78.0,35.0,71.0
진행,474.0,212.0,245.0,220.0,215.0,0.0,88.0,144.0,149.0,149.0,131.0,102.0,137.0,71.0,81.0,147.0,90.0,101.0,76.0,138.0,58.0,84.0,96.0,62.0,117.0,103.0,79.0,92.0,102.0,102.0,75.0,85.0,78.0,79.0,81.0,50.0,70.0,36.0,43.0,76.0,67.0,71.0,38.0,45.0,105.0,44.0,67.0,60.0,90.0,73.0,71.0,60.0,32.0,83.0,41.0,57.0,70.0,69.0,28.0,83.0,30.0,69.0,42.0,78.0,25.0,48.0,52.0,58.0,66.0,80.0,19.0,49.0,63.0,50.0,35.0,22.0,57.0,39.0,38.0,72.0,63.0,49.0,54.0,42.0,6.0,35.0,19.0,57.0,64.0,39.0,44.0,50.0,7.0,54.0,21.0,50.0,48.0,65.0,28.0,60.0
퍼즐,268.0,129.0,141.0,103.0,125.0,88.0,0.0,80.0,89.0,98.0,76.0,35.0,66.0,21.0,31.0,58.0,24.0,68.0,22.0,56.0,17.0,52.0,46.0,38.0,38.0,44.0,25.0,46.0,37.0,31.0,57.0,25.0,53.0,42.0,36.0,47.0,40.0,7.0,7.0,41.0,20.0,37.0,8.0,22.0,51.0,20.0,30.0,8.0,42.0,46.0,36.0,11.0,20.0,36.0,9.0,37.0,41.0,57.0,10.0,26.0,2.0,44.0,31.0,39.0,5.0,18.0,24.0,26.0,23.0,29.0,4.0,18.0,34.0,18.0,31.0,6.0,24.0,20.0,24.0,27.0,26.0,19.0,26.0,24.0,0.0,5.0,2.0,26.0,42.0,16.0,22.0,36.0,1.0,27.0,3.0,19.0,29.0,25.0,11.0,24.0
사람,498.0,185.0,265.0,223.0,242.0,144.0,80.0,0.0,154.0,205.0,130.0,93.0,147.0,45.0,50.0,122.0,84.0,90.0,60.0,126.0,36.0,100.0,71.0,64.0,92.0,89.0,68.0,84.0,77.0,88.0,89.0,74.0,80.0,99.0,75.0,68.0,55.0,27.0,29.0,60.0,75.0,78.0,45.0,49.0,72.0,39.0,59.0,34.0,89.0,92.0,60.0,47.0,46.0,88.0,42.0,56.0,70.0,66.0,38.0,91.0,31.0,62.0,54.0,84.0,15.0,38.0,36.0,46.0,56.0,63.0,21.0,53.0,59.0,41.0,30.0,33.0,50.0,32.0,33.0,52.0,63.0,52.0,53.0,57.0,5.0,30.0,20.0,55.0,58.0,26.0,43.0,55.0,22.0,55.0,28.0,34.0,43.0,51.0,30.0,49.0
느낌,499.0,217.0,262.0,201.0,253.0,149.0,89.0,154.0,0.0,152.0,148.0,118.0,164.0,68.0,87.0,120.0,91.0,95.0,71.0,119.0,62.0,88.0,103.0,56.0,77.0,109.0,85.0,85.0,105.0,79.0,110.0,75.0,81.0,88.0,92.0,78.0,52.0,30.0,42.0,70.0,79.0,79.0,43.0,43.0,88.0,40.0,66.0,41.0,107.0,77.0,69.0,57.0,24.0,87.0,38.0,57.0,66.0,75.0,29.0,80.0,29.0,83.0,40.0,86.0,24.0,58.0,40.0,46.0,68.0,67.0,19.0,56.0,83.0,37.0,31.0,17.0,57.0,45.0,43.0,63.0,65.0,57.0,49.0,32.0,7.0,36.0,27.0,56.0,64.0,37.0,50.0,74.0,4.0,58.0,30.0,37.0,49.0,55.0,28.0,65.0
추천,554.0,192.0,281.0,236.0,268.0,149.0,98.0,205.0,152.0,0.0,130.0,96.0,153.0,70.0,74.0,130.0,82.0,123.0,67.0,113.0,46.0,130.0,90.0,73.0,90.0,101.0,71.0,91.0,86.0,103.0,89.0,80.0,91.0,96.0,86.0,91.0,64.0,29.0,37.0,68.0,72.0,68.0,47.0,45.0,86.0,35.0,52.0,38.0,93.0,75.0,59.0,50.0,49.0,91.0,36.0,50.0,64.0,81.0,36.0,87.0,42.0,63.0,47.0,91.0,16.0,42.0,48.0,45.0,69.0,60.0,21.0,58.0,86.0,45.0,41.0,24.0,47.0,35.0,35.0,58.0,57.0,48.0,56.0,43.0,9.0,25.0,14.0,55.0,60.0,43.0,33.0,51.0,12.0,48.0,29.0,35.0,50.0,53.0,24.0,59.0
요소,381.0,165.0,222.0,192.0,185.0,131.0,76.0,130.0,148.0,130.0,0.0,95.0,133.0,52.0,70.0,97.0,80.0,76.0,72.0,101.0,51.0,66.0,80.0,62.0,71.0,89.0,76.0,87.0,75.0,81.0,82.0,63.0,68.0,82.0,85.0,68.0,54.0,29.0,39.0,49.0,74.0,76.0,31.0,32.0,68.0,30.0,51.0,35.0,66.0,66.0,55.0,59.0,18.0,75.0,29.0,60.0,48.0,69.0,21.0,76.0,21.0,71.0,39.0,63.0,30.0,42.0,40.0,52.0,61.0,47.0,25.0,37.0,69.0,33.0,28.0,16.0,60.0,30.0,36.0,57.0,60.0,45.0,42.0,43.0,4.0,25.0,26.0,54.0,47.0,33.0,44.0,40.0,6.0,42.0,35.0,29.0,50.0,52.0,24.0,50.0
캐릭터,299.0,130.0,161.0,136.0,151.0,102.0,35.0,93.0,118.0,96.0,95.0,0.0,87.0,66.0,73.0,76.0,60.0,68.0,72.0,85.0,58.0,54.0,57.0,46.0,59.0,70.0,62.0,60.0,52.0,65.0,66.0,52.0,37.0,51.0,55.0,37.0,41.0,24.0,40.0,43.0,50.0,63.0,31.0,33.0,65.0,26.0,60.0,40.0,74.0,49.0,44.0,38.0,25.0,62.0,27.0,33.0,43.0,45.0,17.0,49.0,13.0,49.0,29.0,59.0,11.0,37.0,33.0,43.0,54.0,37.0,11.0,35.0,44.0,38.0,24.0,20.0,41.0,27.0,24.0,52.0,50.0,43.0,38.0,19.0,5.0,19.0,8.0,42.0,34.0,30.0,32.0,35.0,11.0,24.0,23.0,28.0,33.0,48.0,14.0,42.0
재미,460.0,143.0,237.0,201.0,211.0,137.0,66.0,147.0,164.0,153.0,133.0,87.0,0.0,62.0,79.0,105.0,83.0,94.0,64.0,117.0,60.0,89.0,116.0,59.0,91.0,96.0,60.0,67.0,92.0,97.0,83.0,65.0,83.0,72.0,88.0,73.0,55.0,29.0,48.0,54.0,77.0,76.0,43.0,57.0,77.0,41.0,41.0,39.0,82.0,55.0,65.0,60.0,30.0,76.0,34.0,60.0,49.0,70.0,33.0,86.0,26.0,53.0,34.0,77.0,22.0,50.0,40.0,43.0,62.0,57.0,24.0,38.0,62.0,36.0,29.0,20.0,44.0,42.0,36.0,51.0,48.0,47.0,49.0,42.0,10.0,26.0,27.0,59.0,48.0,30.0,45.0,43.0,12.0,35.0,38.0,32.0,50.0,43.0,24.0,47.0
보스,202.0,64.0,93.0,97.0,103.0,71.0,21.0,45.0,68.0,70.0,52.0,66.0,62.0,0.0,65.0,55.0,53.0,63.0,51.0,64.0,68.0,26.0,45.0,26.0,40.0,56.0,39.0,41.0,49.0,44.0,25.0,30.0,32.0,33.0,31.0,20.0,34.0,12.0,41.0,42.0,39.0,35.0,17.0,18.0,37.0,42.0,19.0,23.0,39.0,28.0,34.0,22.0,14.0,30.0,17.0,30.0,28.0,37.0,9.0,40.0,10.0,11.0,17.0,38.0,7.0,82.0,31.0,29.0,40.0,34.0,12.0,22.0,25.0,23.0,12.0,8.0,26.0,21.0,11.0,30.0,25.0,21.0,27.0,15.0,6.0,32.0,5.0,29.0,37.0,23.0,17.0,21.0,3.0,11.0,26.0,20.0,18.0,39.0,1.0,30.0
전투,213.0,116.0,103.0,97.0,107.0,81.0,31.0,50.0,87.0,74.0,70.0,73.0,79.0,65.0,0.0,58.0,68.0,60.0,45.0,58.0,57.0,34.0,68.0,34.0,50.0,51.0,44.0,43.0,58.0,45.0,47.0,40.0,44.0,38.0,33.0,26.0,32.0,20.0,35.0,41.0,33.0,46.0,20.0,17.0,51.0,20.0,41.0,36.0,45.0,37.0,41.0,25.0,14.0,42.0,18.0,36.0,32.0,39.0,17.0,35.0,11.0,33.0,22.0,47.0,17.0,39.0,29.0,37.0,31.0,26.0,11.0,20.0,32.0,22.0,18.0,8.0,34.0,20.0,11.0,40.0,34.0,21.0,39.0,15.0,5.0,29.0,9.0,39.0,29.0,16.0,28.0,27.0,2.0,17.0,16.0,18.0,25.0,35.0,3.0,32.0
문제,346.0,132.0,192.0,175.0,191.0,147.0,58.0,122.0,120.0,130.0,97.0,76.0,105.0,55.0,58.0,0.0,82.0,82.0,52.0,105.0,61.0,89.0,73.0,57.0,91.0,104.0,63.0,79.0,64.0,77.0,65.0,74.0,72.0,67.0,73.0,63.0,48.0,32.0,38.0,50.0,62.0,67.0,37.0,25.0,70.0,35.0,46.0,38.0,77.0,70.0,66.0,42.0,29.0,83.0,45.0,52.0,58.0,51.0,30.0,82.0,27.0,49.0,32.0,64.0,24.0,43.0,35.0,42.0,56.0,55.0,19.0,39.0,44.0,43.0,26.0,20.0,40.0,39.0,30.0,52.0,63.0,48.0,51.0,40.0,7.0,34.0,20.0,47.0,46.0,34.0,49.0,41.0,20.0,37.0,16.0,30.0,43.0,55.0,32.0,53.0
시스템,257.0,97.0,126.0,128.0,116.0,90.0,24.0,84.0,91.0,82.0,80.0,60.0,83.0,53.0,68.0,82.0,0.0,61.0,52.0,80.0,55.0,46.0,51.0,39.0,56.0,83.0,48.0,50.0,57.0,66.0,50.0,49.0,51.0,44.0,59.0,43.0,33.0,20.0,30.0,37.0,46.0,49.0,34.0,20.0,53.0,20.0,31.0,31.0,62.0,52.0,48.0,35.0,16.0,46.0,24.0,40.0,38.0,38.0,17.0,51.0,30.0,26.0,18.0,62.0,23.0,33.0,31.0,31.0,53.0,38.0,17.0,36.0,34.0,30.0,15.0,15.0,35.0,27.0,18.0,50.0,51.0,41.0,35.0,30.0,5.0,23.0,21.0,42.0,32.0,24.0,37.0,29.0,7.0,24.0,17.0,25.0,23.0,40.0,17.0,40.0
난이도,319.0,116.0,168.0,153.0,154.0,101.0,68.0,90.0,95.0,123.0,76.0,68.0,94.0,63.0,60.0,82.0,61.0,0.0,40.0,86.0,46.0,53.0,57.0,50.0,67.0,70.0,49.0,62.0,71.0,71.0,52.0,49.0,66.0,60.0,53.0,57.0,58.0,11.0,27.0,51.0,48.0,53.0,41.0,21.0,59.0,33.0,27.0,21.0,67.0,47.0,38.0,40.0,16.0,65.0,30.0,52.0,34.0,45.0,18.0,48.0,21.0,35.0,30.0,67.0,18.0,45.0,32.0,36.0,45.0,35.0,10.0,22.0,44.0,24.0,28.0,13.0,31.0,26.0,22.0,33.0,46.0,38.0,37.0,28.0,4.0,15.0,14.0,50.0,42.0,26.0,26.0,40.0,4.0,23.0,26.0,22.0,23.0,38.0,16.0,44.0
아이템,190.0,66.0,105.0,98.0,85.0,76.0,22.0,60.0,71.0,67.0,72.0,72.0,64.0,51.0,45.0,52.0,52.0,40.0,0.0,64.0,38.0,44.0,42.0,33.0,40.0,67.0,41.0,45.0,44.0,45.0,36.0,37.0,31.0,34.0,45.0,33.0,27.0,15.0,32.0,23.0,36.0,34.0,28.0,19.0,47.0,22.0,26.0,39.0,43.0,30.0,43.0,35.0,13.0,42.0,24.0,33.0,30.0,29.0,16.0,45.0,22.0,24.0,7.0,41.0,17.0,32.0,24.0,25.0,40.0,28.0,4.0,25.0,26.0,13.0,17.0,15.0,35.0,24.0,12.0,37.0,37.0,27.0,23.0,21.0,3.0,19.0,8.0,29.0,25.0,18.0,28.0,19.0,9.0,24.0,26.0,25.0,29.0,39.0,10.0,27.0
처음,407.0,130.0,200.0,204.0,185.0,138.0,56.0,126.0,119.0,113.0,101.0,85.0,117.0,64.0,58.0,105.0,80.0,86.0,64.0,0.0,45.0,72.0,81.0,57.0,109.0,83.0,61.0,69.0,73.0,79.0,71.0,66.0,62.0,60.0,64.0,43.0,46.0,18.0,32.0,56.0,65.0,58.0,47.0,40.0,62.0,39.0,42.0,33.0,65.0,62.0,64.0,51.0,28.0,71.0,33.0,69.0,60.0,50.0,19.0,62.0,32.0,36.0,37.0,67.0,22.0,46.0,34.0,39.0,55.0,57.0,18.0,51.0,44.0,46.0,26.0,13.0,44.0,27.0,30.0,50.0,56.0,46.0,43.0,40.0,3.0,33.0,16.0,41.0,52.0,33.0,43.0,46.0,13.0,44.0,24.0,34.0,41.0,47.0,29.0,43.0
공격,145.0,47.0,72.0,64.0,67.0,58.0,17.0,36.0,62.0,46.0,51.0,58.0,60.0,68.0,57.0,61.0,55.0,46.0,38.0,45.0,0.0,20.0,32.0,28.0,32.0,50.0,34.0,34.0,39.0,43.0,28.0,31.0,19.0,27.0,32.0,20.0,23.0,10.0,34.0,21.0,32.0,37.0,10.0,19.0,30.0,24.0,19.0,17.0,36.0,32.0,38.0,17.0,8.0,31.0,12.0,38.0,24.0,30.0,8.0,30.0,9.0,19.0,11.0,33.0,12.0,45.0,24.0,38.0,37.0,22.0,5.0,13.0,21.0,21.0,12.0,7.0,25.0,27.0,9.0,40.0,33.0,20.0,25.0,12.0,9.0,25.0,7.0,26.0,23.0,15.0,21.0,15.0,4.0,4.0,16.0,14.0,12.0,28.0,4.0,24.0
구매,312.0,99.0,181.0,125.0,152.0,84.0,52.0,100.0,88.0,130.0,66.0,54.0,89.0,26.0,34.0,89.0,46.0,53.0,44.0,72.0,20.0,0.0,47.0,47.0,55.0,52.0,45.0,36.0,42.0,56.0,65.0,42.0,45.0,65.0,56.0,61.0,37.0,28.0,17.0,44.0,43.0,40.0,29.0,62.0,43.0,17.0,30.0,25.0,55.0,44.0,43.0,27.0,18.0,46.0,32.0,31.0,41.0,45.0,36.0,54.0,27.0,34.0,26.0,47.0,9.0,22.0,18.0,18.0,38.0,38.0,12.0,44.0,37.0,31.0,26.0,20.0,37.0,23.0,30.0,32.0,40.0,30.0,25.0,30.0,5.0,14.0,14.0,27.0,31.0,13.0,22.0,29.0,10.0,33.0,14.0,11.0,26.0,24.0,19.0,33.0
반복,264.0,97.0,153.0,147.0,124.0,96.0,46.0,71.0,103.0,90.0,80.0,57.0,116.0,45.0,68.0,73.0,51.0,57.0,42.0,81.0,32.0,47.0,0.0,24.0,51.0,62.0,53.0,46.0,58.0,54.0,50.0,42.0,41.0,48.0,43.0,45.0,28.0,20.0,21.0,35.0,43.0,47.0,24.0,27.0,52.0,23.0,28.0,36.0,49.0,40.0,39.0,53.0,15.0,48.0,19.0,41.0,29.0,54.0,14.0,44.0,18.0,32.0,20.0,40.0,17.0,41.0,28.0,29.0,41.0,32.0,10.0,23.0,31.0,23.0,15.0,9.0,41.0,20.0,16.0,35.0,37.0,26.0,22.0,17.0,4.0,20.0,11.0,30.0,32.0,23.0,28.0,24.0,7.0,24.0,19.0,16.0,34.0,38.0,18.0,25.0
조작,217.0,72.0,111.0,81.0,94.0,62.0,38.0,64.0,56.0,73.0,62.0,46.0,59.0,26.0,34.0,57.0,39.0,50.0,33.0,57.0,28.0,47.0,24.0,0.0,31.0,37.0,33.0,31.0,33.0,33.0,42.0,68.0,62.0,35.0,29.0,25.0,21.0,10.0,16.0,25.0,24.0,33.0,22.0,23.0,36.0,18.0,23.0,14.0,42.0,27.0,30.0,16.0,15.0,32.0,14.0,31.0,26.0,35.0,11.0,36.0,12.0,30.0,31.0,32.0,10.0,26.0,13.0,40.0,31.0,23.0,4.0,22.0,24.0,31.0,18.0,5.0,23.0,17.0,18.0,22.0,29.0,38.0,25.0,10.0,3.0,12.0,6.0,25.0,22.0,9.0,21.0,27.0,3.0,17.0,14.0,21.0,26.0,30.0,10.0,29.0
시작,278.0,91.0,146.0,156.0,136.0,117.0,38.0,92.0,77.0,90.0,71.0,59.0,91.0,40.0,50.0,91.0,56.0,67.0,40.0,109.0,32.0,55.0,51.0,31.0,0.0,67.0,47.0,66.0,70.0,69.0,47.0,56.0,52.0,52.0,45.0,40.0,45.0,22.0,27.0,36.0,47.0,44.0,34.0,28.0,52.0,26.0,30.0,28.0,57.0,41.0,47.0,35.0,23.0,47.0,23.0,40.0,45.0,42.0,25.0,57.0,24.0,29.0,21.0,43.0,12.0,26.0,31.0,30.0,45.0,50.0,14.0,22.0,34.0,40.0,29.0,15.0,34.0,30.0,22.0,43.0,44.0,41.0,35.0,25.0,1.0,22.0,19.0,42.0,40.0,20.0,31.0,32.0,9.0,23.0,16.0,22.0,37.0,40.0,24.0,32.0
필요,284.0,112.0,157.0,156.0,162.0,103.0,44.0,89.0,109.0,101.0,89.0,70.0,96.0,56.0,51.0,104.0,83.0,70.0,67.0,83.0,50.0,52.0,62.0,37.0,67.0,0.0,48.0,61.0,68.0,73.0,50.0,61.0,48.0,54.0,63.0,52.0,37.0,22.0,37.0,35.0,60.0,67.0,44.0,26.0,63.0,22.0,32.0,41.0,64.0,52.0,61.0,50.0,24.0,70.0,29.0,46.0,53.0,52.0,23.0,69.0,28.0,40.0,25.0,65.0,29.0,33.0,31.0,44.0,43.0,45.0,18.0,35.0,36.0,31.0,25.0,20.0,45.0,28.0,18.0,48.0,52.0,43.0,43.0,25.0,7.0,30.0,28.0,41.0,44.0,23.0,45.0,27.0,7.0,32.0,17.0,34.0,44.0,50.0,26.0,39.0
선택,219.0,96.0,123.0,113.0,118.0,79.0,25.0,68.0,85.0,71.0,76.0,62.0,60.0,39.0,44.0,63.0,48.0,49.0,41.0,61.0,34.0,45.0,53.0,33.0,47.0,48.0,0.0,51.0,45.0,53.0,42.0,36.0,35.0,52.0,42.0,38.0,29.0,12.0,31.0,30.0,40.0,45.0,18.0,18.0,45.0,21.0,34.0,22.0,43.0,41.0,45.0,31.0,13.0,55.0,25.0,37.0,37.0,35.0,13.0,43.0,16.0,39.0,18.0,38.0,7.0,25.0,33.0,28.0,39.0,35.0,17.0,21.0,36.0,28.0,23.0,7.0,40.0,19.0,18.0,43.0,40.0,28.0,31.0,20.0,6.0,11.0,8.0,30.0,28.0,30.0,25.0,20.0,1.0,27.0,21.0,13.0,24.0,47.0,16.0,28.0
플레이어,209.0,99.0,139.0,110.0,125.0,92.0,46.0,84.0,85.0,91.0,87.0,60.0,67.0,41.0,43.0,79.0,50.0,62.0,45.0,69.0,34.0,36.0,46.0,31.0,66.0,61.0,51.0,0.0,41.0,61.0,55.0,39.0,37.0,48.0,41.0,38.0,44.0,11.0,17.0,29.0,46.0,43.0,29.0,13.0,59.0,21.0,44.0,18.0,46.0,37.0,48.0,22.0,20.0,64.0,18.0,37.0,38.0,47.0,10.0,50.0,17.0,45.0,25.0,44.0,16.0,28.0,29.0,32.0,39.0,37.0,12.0,26.0,33.0,26.0,23.0,13.0,34.0,25.0,19.0,47.0,52.0,33.0,30.0,36.0,4.0,23.0,9.0,40.0,31.0,21.0,23.0,31.0,4.0,28.0,15.0,21.0,46.0,39.0,22.0,36.0
초반,262.0,95.0,121.0,137.0,120.0,102.0,37.0,77.0,105.0,86.0,75.0,52.0,92.0,49.0,58.0,64.0,57.0,71.0,44.0,73.0,39.0,42.0,58.0,33.0,70.0,68.0,45.0,41.0,0.0,56.0,50.0,40.0,43.0,56.0,43.0,42.0,27.0,16.0,26.0,49.0,39.0,30.0,23.0,31.0,49.0,20.0,29.0,36.0,62.0,40.0,49.0,49.0,18.0,47.0,23.0,36.0,41.0,41.0,17.0,42.0,19.0,39.0,20.0,52.0,15.0,30.0,26.0,29.0,36.0,39.0,16.0,31.0,38.0,21.0,13.0,7.0,31.0,21.0,23.0,32.0,42.0,30.0,38.0,27.0,3.0,24.0,15.0,33.0,44.0,17.0,26.0,24.0,4.0,22.0,18.0,21.0,24.0,40.0,17.0,32.0
이상,281.0,99.0,167.0,165.0,147.0,102.0,31.0,88.0,79.0,103.0,81.0,65.0,97.0,44.0,45.0,77.0,66.0,71.0,45.0,79.0,43.0,56.0,54.0,33.0,69.0,73.0,53.0,61.0,56.0,0.0,54.0,43.0,43.0,44.0,57.0,40.0,43.0,15.0,28.0,45.0,53.0,49.0,30.0,25.0,49.0,23.0,36.0,26.0,62.0,41.0,42.0,40.0,20.0,58.0,36.0,38.0,37.0,53.0,22.0,56.0,22.0,37.0,28.0,49.0,24.0,35.0,30.0,31.0,44.0,35.0,15.0,20.0,34.0,29.0,26.0,10.0,43.0,24.0,20.0,50.0,47.0,34.0,41.0,33.0,4.0,23.0,19.0,33.0,38.0,20.0,32.0,28.0,9.0,20.0,20.0,17.0,33.0,47.0,18.0,45.0
기대,265.0,141.0,142.0,116.0,138.0,75.0,57.0,89.0,110.0,89.0,82.0,66.0,83.0,25.0,47.0,65.0,50.0,52.0,36.0,71.0,28.0,65.0,50.0,42.0,47.0,50.0,42.0,55.0,50.0,54.0,0.0,39.0,48.0,55.0,57.0,48.0,31.0,18.0,15.0,30.0,41.0,42.0,21.0,33.0,40.0,12.0,47.0,20.0,51.0,36.0,37.0,34.0,17.0,55.0,14.0,25.0,39.0,42.0,16.0,42.0,21.0,43.0,31.0,52.0,10.0,22.0,22.0,28.0,34.0,38.0,7.0,44.0,47.0,17.0,18.0,9.0,33.0,19.0,35.0,37.0,36.0,31.0,30.0,21.0,3.0,14.0,13.0,31.0,37.0,17.0,29.0,34.0,2.0,31.0,18.0,20.0,31.0,26.0,15.0,34.0
불편,226.0,80.0,129.0,100.0,102.0,85.0,25.0,74.0,75.0,80.0,63.0,52.0,65.0,30.0,40.0,74.0,49.0,49.0,37.0,66.0,31.0,42.0,42.0,68.0,56.0,61.0,36.0,39.0,40.0,43.0,39.0,0.0,43.0,43.0,45.0,43.0,29.0,16.0,27.0,27.0,46.0,38.0,27.0,17.0,47.0,15.0,20.0,33.0,45.0,36.0,35.0,34.0,15.0,41.0,25.0,38.0,39.0,41.0,18.0,47.0,15.0,31.0,19.0,41.0,18.0,24.0,25.0,33.0,39.0,31.0,7.0,24.0,25.0,28.0,11.0,12.0,28.0,29.0,15.0,27.0,33.0,40.0,30.0,16.0,4.0,18.0,16.0,23.0,25.0,16.0,27.0,19.0,4.0,24.0,12.0,23.0,23.0,29.0,18.0,23.0
그래픽,278.0,110.0,140.0,106.0,116.0,78.0,53.0,80.0,81.0,91.0,68.0,37.0,83.0,32.0,44.0,72.0,51.0,66.0,31.0,62.0,19.0,45.0,41.0,62.0,52.0,48.0,35.0,37.0,43.0,43.0,48.0,43.0,0.0,33.0,38.0,43.0,26.0,22.0,19.0,25.0,30.0,50.0,25.0,23.0,52.0,14.0,28.0,17.0,61.0,45.0,36.0,22.0,15.0,43.0,24.0,35.0,34.0,35.0,22.0,37.0,17.0,37.0,34.0,64.0,12.0,26.0,23.0,24.0,27.0,36.0,17.0,29.0,31.0,37.0,17.0,13.0,23.0,20.0,27.0,27.0,34.0,27.0,22.0,17.0,1.0,7.0,18.0,39.0,29.0,17.0,24.0,38.0,2.0,25.0,11.0,23.0,16.0,28.0,14.0,38.0
평가,257.0,91.0,130.0,113.0,124.0,79.0,42.0,99.0,88.0,96.0,82.0,51.0,72.0,33.0,38.0,67.0,44.0,60.0,34.0,60.0,27.0,65.0,48.0,35.0,52.0,54.0,52.0,48.0,56.0,44.0,55.0,43.0,33.0,0.0,42.0,44.0,27.0,22.0,20.0,36.0,40.0,45.0,21.0,36.0,42.0,19.0,28.0,19.0,49.0,41.0,39.0,25.0,12.0,44.0,33.0,23.0,36.0,37.0,28.0,43.0,23.0,28.0,22.0,40.0,10.0,21.0,25.0,24.0,35.0,28.0,14.0,34.0,38.0,24.0,19.0,16.0,38.0,31.0,22.0,32.0,33.0,29.0,29.0,26.0,2.0,20.0,16.0,34.0,26.0,9.0,24.0,27.0,6.0,18.0,11.0,15.0,29.0,35.0,20.0,30.0
부족,240.0,93.0,128.0,114.0,129.0,81.0,36.0,75.0,92.0,86.0,85.0,55.0,88.0,31.0,33.0,73.0,59.0,53.0,45.0,64.0,32.0,56.0,43.0,29.0,45.0,63.0,42.0,41.0,43.0,57.0,57.0,45.0,38.0,42.0,0.0,50.0,29.0,22.0,21.0,33.0,38.0,50.0,20.0,27.0,43.0,18.0,26.0,34.0,59.0,32.0,40.0,31.0,15.0,51.0,16.0,32.0,51.0,31.0,14.0,47.0,19.0,40.0,25.0,45.0,25.0,32.0,22.0,22.0,42.0,30.0,10.0,21.0,43.0,15.0,16.0,9.0,33.0,21.0,20.0,30.0,35.0,36.0,36.0,21.0,3.0,20.0,16.0,26.0,34.0,18.0,25.0,23.0,4.0,22.0,11.0,13.0,28.0,27.0,24.0,37.0
가격,245.0,94.0,134.0,135.0,116.0,50.0,47.0,68.0,78.0,91.0,68.0,37.0,73.0,20.0,26.0,63.0,43.0,57.0,33.0,43.0,20.0,61.0,45.0,25.0,40.0,52.0,38.0,38.0,42.0,40.0,48.0,43.0,43.0,44.0,50.0,0.0,33.0,14.0,18.0,24.0,42.0,57.0,31.0,19.0,28.0,9.0,20.0,14.0,50.0,41.0,23.0,30.0,16.0,37.0,22.0,25.0,28.0,46.0,27.0,40.0,26.0,33.0,19.0,46.0,12.0,20.0,16.0,9.0,26.0,21.0,13.0,31.0,34.0,15.0,20.0,20.0,32.0,20.0,13.0,29.0,28.0,28.0,30.0,24.0,2.0,8.0,7.0,22.0,21.0,25.0,17.0,26.0,9.0,22.0,11.0,15.0,23.0,22.0,21.0,21.0
도전,160.0,73.0,105.0,90.0,86.0,70.0,40.0,55.0,52.0,64.0,54.0,41.0,55.0,34.0,32.0,48.0,33.0,58.0,27.0,46.0,23.0,37.0,28.0,21.0,45.0,37.0,29.0,44.0,27.0,43.0,31.0,29.0,26.0,27.0,29.0,33.0,0.0,11.0,19.0,32.0,40.0,31.0,15.0,11.0,35.0,23.0,20.0,20.0,39.0,27.0,22.0,25.0,9.0,30.0,10.0,29.0,22.0,29.0,18.0,34.0,11.0,18.0,16.0,34.0,11.0,23.0,21.0,17.0,25.0,25.0,8.0,15.0,26.0,14.0,122.0,7.0,21.0,15.0,10.0,25.0,23.0,20.0,25.0,18.0,2.0,10.0,7.0,30.0,22.0,21.0,23.0,23.0,1.0,20.0,10.0,10.0,14.0,17.0,9.0,18.0
번역,109.0,51.0,55.0,36.0,42.0,36.0,7.0,27.0,30.0,29.0,29.0,24.0,29.0,12.0,20.0,32.0,20.0,11.0,15.0,18.0,10.0,28.0,20.0,10.0,22.0,22.0,12.0,11.0,16.0,15.0,18.0,16.0,22.0,22.0,22.0,14.0,11.0,0.0,9.0,14.0,17.0,39.0,16.0,10.0,10.0,4.0,11.0,15.0,19.0,23.0,14.0,11.0,3.0,16.0,17.0,7.0,18.0,17.0,60.0,13.0,13.0,20.0,8.0,14.0,2.0,5.0,5.0,10.0,15.0,7.0,3.0,9.0,9.0,11.0,10.0,5.0,10.0,7.0,8.0,8.0,11.0,10.0,20.0,9.0,0.0,5.0,4.0,10.0,8.0,8.0,12.0,9.0,1.0,15.0,3.0,8.0,6.0,12.0,5.0,14.0
무기,102.0,32.0,51.0,56.0,55.0,43.0,7.0,29.0,42.0,37.0,39.0,40.0,48.0,41.0,35.0,38.0,30.0,27.0,32.0,32.0,34.0,17.0,21.0,16.0,27.0,37.0,31.0,17.0,26.0,28.0,15.0,27.0,19.0,20.0,21.0,18.0,19.0,9.0,0.0,17.0,26.0,20.0,9.0,6.0,29.0,16.0,8.0,20.0,28.0,16.0,23.0,15.0,5.0,23.0,15.0,24.0,10.0,19.0,9.0,30.0,8.0,11.0,4.0,22.0,6.0,22.0,24.0,22.0,24.0,13.0,2.0,10.0,15.0,13.0,6.0,3.0,17.0,16.0,4.0,18.0,19.0,15.0,18.0,7.0,9.0,18.0,5.0,21.0,9.0,7.0,12.0,10.0,2.0,11.0,20.0,4.0,9.0,25.0,1.0,15.0
중간,183.0,85.0,103.0,90.0,92.0,76.0,41.0,60.0,70.0,68.0,49.0,43.0,54.0,42.0,41.0,50.0,37.0,51.0,23.0,56.0,21.0,44.0,35.0,25.0,36.0,35.0,30.0,29.0,49.0,45.0,30.0,27.0,25.0,36.0,33.0,24.0,32.0,14.0,17.0,0.0,19.0,27.0,21.0,23.0,31.0,27.0,26.0,20.0,43.0,35.0,28.0,28.0,16.0,28.0,10.0,29.0,30.0,30.0,15.0,32.0,12.0,31.0,25.0,32.0,9.0,26.0,12.0,26.0,23.0,22.0,6.0,24.0,21.0,23.0,18.0,5.0,18.0,16.0,13.0,21.0,23.0,17.0,22.0,16.0,2.0,17.0,12.0,24.0,35.0,16.0,13.0,25.0,4.0,23.0,13.0,10.0,23.0,24.0,8.0,25.0
추가,213.0,61.0,110.0,103.0,108.0,67.0,20.0,75.0,79.0,72.0,74.0,50.0,77.0,39.0,33.0,62.0,46.0,48.0,36.0,65.0,32.0,43.0,43.0,24.0,47.0,60.0,40.0,46.0,39.0,53.0,41.0,46.0,30.0,40.0,38.0,42.0,40.0,17.0,26.0,19.0,0.0,41.0,26.0,15.0,41.0,15.0,14.0,24.0,41.0,30.0,40.0,30.0,14.0,45.0,40.0,23.0,27.0,35.0,19.0,44.0,38.0,20.0,18.0,32.0,15.0,23.0,26.0,23.0,40.0,24.0,10.0,36.0,28.0,23.0,22.0,19.0,24.0,27.0,12.0,38.0,32.0,26.0,28.0,37.0,5.0,16.0,13.0,17.0,27.0,13.0,38.0,13.0,4.0,31.0,16.0,13.0,23.0,30.0,14.0,22.0
수준,232.0,100.0,132.0,112.0,110.0,71.0,37.0,78.0,79.0,68.0,76.0,63.0,76.0,35.0,46.0,67.0,49.0,53.0,34.0,58.0,37.0,40.0,47.0,33.0,44.0,67.0,45.0,43.0,30.0,49.0,42.0,38.0,50.0,45.0,50.0,57.0,31.0,39.0,20.0,27.0,41.0,0.0,22.0,21.0,33.0,15.0,29.0,21.0,53.0,37.0,34.0,29.0,12.0,60.0,22.0,27.0,38.0,39.0,28.0,40.0,19.0,37.0,21.0,38.0,16.0,25.0,21.0,25.0,36.0,34.0,10.0,29.0,32.0,20.0,17.0,11.0,30.0,24.0,22.0,30.0,37.0,30.0,33.0,19.0,4.0,16.0,14.0,34.0,22.0,20.0,24.0,17.0,4.0,28.0,12.0,21.0,24.0,29.0,11.0,29.0
모드,149.0,49.0,91.0,68.0,65.0,38.0,8.0,45.0,43.0,47.0,31.0,31.0,43.0,17.0,20.0,37.0,34.0,41.0,28.0,47.0,10.0,29.0,24.0,22.0,34.0,44.0,18.0,29.0,23.0,30.0,21.0,27.0,25.0,21.0,20.0,31.0,15.0,16.0,9.0,21.0,26.0,22.0,0.0,7.0,21.0,10.0,8.0,6.0,21.0,24.0,17.0,20.0,13.0,28.0,15.0,19.0,20.0,19.0,16.0,26.0,18.0,17.0,10.0,21.0,5.0,11.0,10.0,15.0,25.0,12.0,7.0,10.0,18.0,16.0,9.0,12.0,15.0,10.0,9.0,13.0,21.0,16.0,23.0,10.0,3.0,6.0,10.0,14.0,17.0,8.0,24.0,16.0,6.0,11.0,12.0,16.0,13.0,17.0,7.0,20.0
환불,213.0,41.0,95.0,131.0,73.0,45.0,22.0,49.0,43.0,45.0,32.0,33.0,57.0,18.0,17.0,25.0,20.0,21.0,19.0,40.0,19.0,62.0,27.0,23.0,28.0,26.0,18.0,13.0,31.0,25.0,33.0,17.0,23.0,36.0,27.0,19.0,11.0,10.0,6.0,23.0,15.0,21.0,7.0,0.0,20.0,14.0,11.0,8.0,25.0,21.0,17.0,14.0,22.0,15.0,14.0,22.0,17.0,13.0,23.0,23.0,7.0,15.0,9.0,22.0,6.0,14.0,5.0,11.0,17.0,22.0,6.0,19.0,15.0,16.0,6.0,14.0,19.0,8.0,8.0,13.0,13.0,24.0,15.0,18.0,3.0,6.0,11.0,15.0,11.0,9.0,21.0,12.0,5.0,10.0,12.0,13.0,5.0,12.0,8.0,12.0
방식,220.0,107.0,143.0,107.0,117.0,105.0,51.0,72.0,88.0,86.0,68.0,65.0,77.0,37.0,51.0,70.0,53.0,59.0,47.0,62.0,30.0,43.0,52.0,36.0,52.0,63.0,45.0,59.0,49.0,49.0,40.0,47.0,52.0,42.0,43.0,28.0,35.0,10.0,29.0,31.0,41.0,33.0,21.0,20.0,0.0,23.0,32.0,28.0,44.0,48.0,42.0,26.0,13.0,49.0,14.0,34.0,44.0,47.0,17.0,52.0,15.0,39.0,30.0,38.0,18.0,33.0,30.0,35.0,43.0,40.0,15.0,20.0,34.0,25.0,15.0,11.0,31.0,33.0,24.0,46.0,40.0,36.0,30.0,19.0,4.0,17.0,13.0,37.0,30.0,20.0,28.0,37.0,6.0,35.0,16.0,25.0,29.0,39.0,14.0,30.0
스테이지,112.0,30.0,60.0,49.0,53.0,44.0,20.0,39.0,40.0,35.0,30.0,26.0,41.0,42.0,20.0,35.0,20.0,33.0,22.0,39.0,24.0,17.0,23.0,18.0,26.0,22.0,21.0,21.0,20.0,23.0,12.0,15.0,14.0,19.0,18.0,9.0,23.0,4.0,16.0,27.0,15.0,15.0,10.0,14.0,23.0,0.0,7.0,4.0,23.0,16.0,18.0,14.0,7.0,18.0,15.0,13.0,10.0,22.0,9.0,19.0,6.0,6.0,8.0,19.0,5.0,25.0,18.0,21.0,17.0,31.0,1.0,9.0,14.0,12.0,15.0,3.0,9.0,6.0,7.0,9.0,15.0,7.0,14.0,10.0,6.0,7.0,2.0,16.0,18.0,5.0,12.0,11.0,1.0,5.0,15.0,6.0,9.0,16.0,2.0,14.0
주인공,145.0,120.0,93.0,74.0,91.0,67.0,30.0,59.0,66.0,52.0,51.0,60.0,41.0,19.0,41.0,46.0,31.0,27.0,26.0,42.0,19.0,30.0,28.0,23.0,30.0,32.0,34.0,44.0,29.0,36.0,47.0,20.0,28.0,28.0,26.0,20.0,20.0,11.0,8.0,26.0,14.0,29.0,8.0,11.0,32.0,7.0,0.0,14.0,39.0,37.0,30.0,13.0,16.0,37.0,4.0,16.0,27.0,17.0,5.0,40.0,10.0,50.0,29.0,32.0,6.0,17.0,11.0,22.0,19.0,27.0,2.0,15.0,31.0,15.0,14.0,1.0,24.0,11.0,26.0,31.0,28.0,19.0,23.0,17.0,1.0,12.0,5.0,28.0,27.0,17.0,16.0,23.0,0.0,28.0,5.0,10.0,23.0,20.0,10.0,22.0
퀘스트,109.0,47.0,59.0,69.0,58.0,60.0,8.0,34.0,41.0,38.0,35.0,40.0,39.0,23.0,36.0,38.0,31.0,21.0,39.0,33.0,17.0,25.0,36.0,14.0,28.0,41.0,22.0,18.0,36.0,26.0,20.0,33.0,17.0,19.0,34.0,14.0,20.0,15.0,20.0,20.0,24.0,21.0,6.0,8.0,28.0,4.0,14.0,0.0,26.0,18.0,20.0,25.0,6.0,23.0,9.0,19.0,19.0,26.0,15.0,21.0,11.0,16.0,6.0,18.0,9.0,17.0,14.0,21.0,21.0,17.0,5.0,10.0,15.0,7.0,11.0,1.0,20.0,10.0,3.0,16.0,17.0,11.0,16.0,10.0,0.0,19.0,9.0,17.0,10.0,10.0,17.0,9.0,2.0,16.0,3.0,14.0,13.0,24.0,12.0,17.0
단점,233.0,107.0,140.0,117.0,131.0,90.0,42.0,89.0,107.0,93.0,66.0,74.0,82.0,39.0,45.0,77.0,62.0,67.0,43.0,65.0,36.0,55.0,49.0,42.0,57.0,64.0,43.0,46.0,62.0,62.0,51.0,45.0,61.0,49.0,59.0,50.0,39.0,19.0,28.0,43.0,41.0,53.0,21.0,25.0,44.0,23.0,39.0,26.0,0.0,46.0,41.0,32.0,14.0,47.0,25.0,37.0,38.0,45.0,25.0,49.0,16.0,44.0,31.0,145.0,14.0,26.0,26.0,30.0,39.0,36.0,13.0,26.0,34.0,23.0,24.0,17.0,31.0,25.0,28.0,33.0,44.0,31.0,34.0,22.0,5.0,20.0,10.0,39.0,36.0,16.0,26.0,38.0,5.0,30.0,17.0,24.0,31.0,40.0,15.0,37.0
이해,213.0,117.0,117.0,103.0,114.0,73.0,46.0,92.0,77.0,75.0,66.0,49.0,55.0,28.0,37.0,70.0,52.0,47.0,30.0,62.0,32.0,44.0,40.0,27.0,41.0,52.0,41.0,37.0,40.0,41.0,36.0,36.0,45.0,41.0,32.0,41.0,27.0,23.0,16.0,35.0,30.0,37.0,24.0,21.0,48.0,16.0,37.0,18.0,46.0,0.0,45.0,28.0,22.0,35.0,24.0,32.0,41.0,34.0,22.0,38.0,18.0,30.0,26.0,50.0,8.0,25.0,25.0,21.0,33.0,33.0,6.0,24.0,26.0,25.0,12.0,7.0,30.0,25.0,28.0,33.0,28.0,25.0,27.0,34.0,2.0,12.0,11.0,33.0,33.0,24.0,20.0,30.0,4.0,35.0,8.0,16.0,19.0,33.0,12.0,23.0
사용,163.0,66.0,103.0,83.0,94.0,71.0,36.0,60.0,69.0,59.0,55.0,44.0,65.0,34.0,41.0,66.0,48.0,38.0,43.0,64.0,38.0,43.0,39.0,30.0,47.0,61.0,45.0,48.0,49.0,42.0,37.0,35.0,36.0,39.0,40.0,23.0,22.0,14.0,23.0,28.0,40.0,34.0,17.0,17.0,42.0,18.0,30.0,20.0,41.0,45.0,0.0,27.0,12.0,44.0,23.0,26.0,41.0,31.0,10.0,47.0,23.0,29.0,22.0,38.0,16.0,23.0,24.0,30.0,31.0,39.0,8.0,28.0,29.0,22.0,18.0,7.0,30.0,24.0,22.0,44.0,40.0,33.0,41.0,27.0,2.0,19.0,13.0,29.0,30.0,15.0,33.0,21.0,4.0,19.0,12.0,14.0,31.0,36.0,23.0,31.0
노가다,156.0,50.0,84.0,95.0,72.0,60.0,11.0,47.0,57.0,50.0,59.0,38.0,60.0,22.0,25.0,42.0,35.0,40.0,35.0,51.0,17.0,27.0,53.0,16.0,35.0,50.0,31.0,22.0,49.0,40.0,34.0,34.0,22.0,25.0,31.0,30.0,25.0,11.0,15.0,28.0,30.0,29.0,20.0,14.0,26.0,14.0,13.0,25.0,32.0,28.0,27.0,0.0,8.0,35.0,10.0,27.0,22.0,25.0,9.0,29.0,17.0,16.0,9.0,28.0,19.0,19.0,28.0,17.0,26.0,22.0,4.0,17.0,16.0,14.0,13.0,7.0,27.0,16.0,4.0,20.0,21.0,20.0,17.0,10.0,0.0,12.0,11.0,20.0,26.0,15.0,21.0,16.0,2.0,13.0,11.0,19.0,24.0,24.0,15.0,19.0
친구,136.0,34.0,71.0,56.0,51.0,32.0,20.0,46.0,24.0,49.0,18.0,25.0,30.0,14.0,14.0,29.0,16.0,16.0,13.0,28.0,8.0,18.0,15.0,15.0,23.0,24.0,13.0,20.0,18.0,20.0,17.0,15.0,15.0,12.0,15.0,16.0,9.0,3.0,5.0,16.0,14.0,12.0,13.0,22.0,13.0,7.0,16.0,6.0,14.0,22.0,12.0,8.0,0.0,14.0,6.0,12.0,14.0,13.0,7.0,23.0,11.0,8.0,10.0,11.0,4.0,8.0,7.0,9.0,13.0,14.0,5.0,9.0,14.0,4.0,5.0,22.0,8.0,2.0,4.0,17.0,10.0,6.0,13.0,8.0,2.0,9.0,2.0,8.0,17.0,10.0,6.0,7.0,16.0,8.0,9.0,7.0,9.0,11.0,4.0,11.0
사실,211.0,98.0,129.0,114.0,132.0,83.0,36.0,88.0,87.0,91.0,75.0,62.0,76.0,30.0,42.0,83.0,46.0,65.0,42.0,71.0,31.0,46.0,48.0,32.0,47.0,70.0,55.0,64.0,47.0,58.0,55.0,41.0,43.0,44.0,51.0,37.0,30.0,16.0,23.0,28.0,45.0,60.0,28.0,15.0,49.0,18.0,37.0,23.0,47.0,35.0,44.0,35.0,14.0,0.0,19.0,31.0,41.0,33.0,12.0,55.0,17.0,29.0,21.0,39.0,18.0,25.0,23.0,29.0,36.0,35.0,14.0,30.0,31.0,29.0,17.0,10.0,41.0,17.0,21.0,42.0,44.0,37.0,34.0,22.0,1.0,14.0,10.0,33.0,36.0,22.0,39.0,37.0,10.0,29.0,21.0,18.0,32.0,36.0,19.0,32.0
패치,156.0,30.0,61.0,48.0,60.0,41.0,9.0,42.0,38.0,36.0,29.0,27.0,34.0,17.0,18.0,45.0,24.0,30.0,24.0,33.0,12.0,32.0,19.0,14.0,23.0,29.0,25.0,18.0,23.0,36.0,14.0,25.0,24.0,33.0,16.0,22.0,10.0,17.0,15.0,10.0,40.0,22.0,15.0,14.0,14.0,15.0,4.0,9.0,25.0,24.0,23.0,10.0,6.0,19.0,0.0,19.0,17.0,16.0,42.0,19.0,20.0,13.0,6.0,16.0,6.0,14.0,12.0,11.0,11.0,18.0,10.0,26.0,15.0,16.0,5.0,8.0,9.0,14.0,5.0,11.0,14.0,14.0,16.0,21.0,2.0,8.0,7.0,10.0,10.0,6.0,15.0,6.0,5.0,11.0,6.0,5.0,7.0,15.0,8.0,13.0
짜증,182.0,62.0,89.0,94.0,84.0,57.0,37.0,56.0,57.0,50.0,60.0,33.0,60.0,30.0,36.0,52.0,40.0,52.0,33.0,69.0,38.0,31.0,41.0,31.0,40.0,46.0,37.0,37.0,36.0,38.0,25.0,38.0,35.0,23.0,32.0,25.0,29.0,7.0,24.0,29.0,23.0,27.0,19.0,22.0,34.0,13.0,16.0,19.0,37.0,32.0,26.0,27.0,12.0,31.0,19.0,0.0,31.0,28.0,13.0,34.0,14.0,23.0,18.0,36.0,12.0,25.0,23.0,25.0,30.0,29.0,7.0,12.0,24.0,31.0,13.0,9.0,25.0,22.0,9.0,31.0,28.0,22.0,26.0,15.0,6.0,15.0,14.0,29.0,30.0,12.0,30.0,19.0,4.0,20.0,15.0,17.0,20.0,24.0,18.0,24.0
설명,161.0,84.0,101.0,89.0,86.0,70.0,41.0,70.0,66.0,64.0,48.0,43.0,49.0,28.0,32.0,58.0,38.0,34.0,30.0,60.0,24.0,41.0,29.0,26.0,45.0,53.0,37.0,38.0,41.0,37.0,39.0,39.0,34.0,36.0,51.0,28.0,22.0,18.0,10.0,30.0,27.0,38.0,20.0,17.0,44.0,10.0,27.0,19.0,38.0,41.0,41.0,22.0,14.0,41.0,17.0,31.0,0.0,36.0,15.0,39.0,7.0,26.0,20.0,34.0,9.0,18.0,20.0,18.0,30.0,30.0,12.0,20.0,28.0,20.0,15.0,5.0,22.0,25.0,20.0,35.0,31.0,28.0,36.0,14.0,2.0,13.0,8.0,23.0,26.0,13.0,27.0,23.0,0.0,21.0,6.0,41.0,26.0,30.0,15.0,25.0
타임,204.0,92.0,222.0,134.0,101.0,69.0,57.0,66.0,75.0,81.0,69.0,45.0,70.0,37.0,39.0,51.0,38.0,45.0,29.0,50.0,30.0,45.0,54.0,35.0,42.0,52.0,35.0,47.0,41.0,53.0,42.0,41.0,35.0,37.0,31.0,46.0,29.0,17.0,19.0,30.0,35.0,39.0,19.0,13.0,47.0,22.0,17.0,26.0,45.0,34.0,31.0,25.0,13.0,33.0,16.0,28.0,36.0,0.0,18.0,43.0,15.0,34.0,22.0,41.0,13.0,22.0,29.0,28.0,40.0,20.0,10.0,21.0,33.0,16.0,22.0,11.0,28.0,22.0,16.0,35.0,29.0,19.0,24.0,12.0,3.0,14.0,8.0,22.0,24.0,17.0,22.0,22.0,3.0,26.0,17.0,19.0,29.0,30.0,4.0,29.0
한글,113.0,44.0,67.0,50.0,48.0,28.0,10.0,38.0,29.0,36.0,21.0,17.0,33.0,9.0,17.0,30.0,17.0,18.0,16.0,19.0,8.0,36.0,14.0,11.0,25.0,23.0,13.0,10.0,17.0,22.0,16.0,18.0,22.0,28.0,14.0,27.0,18.0,60.0,9.0,15.0,19.0,28.0,16.0,23.0,17.0,9.0,5.0,15.0,25.0,22.0,10.0,9.0,7.0,12.0,42.0,13.0,15.0,18.0,0.0,16.0,17.0,14.0,7.0,26.0,2.0,1.0,8.0,10.0,12.0,12.0,4.0,19.0,13.0,12.0,12.0,10.0,10.0,9.0,7.0,5.0,9.0,14.0,13.0,10.0,1.0,9.0,6.0,9.0,9.0,9.0,9.0,13.0,2.0,14.0,5.0,10.0,4.0,14.0,6.0,6.0
이유,220.0,104.0,142.0,127.0,129.0,83.0,26.0,91.0,80.0,87.0,76.0,49.0,86.0,40.0,35.0,82.0,51.0,48.0,45.0,62.0,30.0,54.0,44.0,36.0,57.0,69.0,43.0,50.0,42.0,56.0,42.0,47.0,37.0,43.0,47.0,40.0,34.0,13.0,30.0,32.0,44.0,40.0,26.0,23.0,52.0,19.0,40.0,21.0,49.0,38.0,47.0,29.0,23.0,55.0,19.0,34.0,39.0,43.0,16.0,0.0,18.0,32.0,27.0,41.0,17.0,28.0,25.0,28.0,32.0,37.0,11.0,34.0,30.0,24.0,20.0,12.0,26.0,31.0,19.0,37.0,47.0,31.0,32.0,27.0,7.0,20.0,11.0,32.0,28.0,17.0,35.0,21.0,10.0,32.0,21.0,18.0,35.0,41.0,12.0,34.0
업데이트,132.0,27.0,61.0,43.0,46.0,30.0,2.0,31.0,29.0,42.0,21.0,13.0,26.0,10.0,11.0,27.0,30.0,21.0,22.0,32.0,9.0,27.0,18.0,12.0,24.0,28.0,16.0,17.0,19.0,22.0,21.0,15.0,17.0,23.0,19.0,26.0,11.0,13.0,8.0,12.0,38.0,19.0,18.0,7.0,15.0,6.0,10.0,11.0,16.0,18.0,23.0,17.0,11.0,17.0,20.0,14.0,7.0,15.0,17.0,18.0,0.0,3.0,5.0,13.0,7.0,7.0,9.0,10.0,13.0,7.0,7.0,27.0,15.0,6.0,4.0,10.0,11.0,6.0,7.0,12.0,12.0,9.0,13.0,27.0,1.0,6.0,9.0,11.0,14.0,5.0,20.0,7.0,5.0,12.0,5.0,3.0,10.0,13.0,8.0,8.0
몰입,175.0,107.0,104.0,83.0,106.0,69.0,44.0,62.0,83.0,63.0,71.0,49.0,53.0,11.0,33.0,49.0,26.0,35.0,24.0,36.0,19.0,34.0,32.0,30.0,29.0,40.0,39.0,45.0,39.0,37.0,43.0,31.0,37.0,28.0,40.0,33.0,18.0,20.0,11.0,31.0,20.0,37.0,17.0,15.0,39.0,6.0,50.0,16.0,44.0,30.0,29.0,16.0,8.0,29.0,13.0,23.0,26.0,34.0,14.0,32.0,3.0,0.0,36.0,37.0,3.0,19.0,18.0,25.0,22.0,19.0,3.0,13.0,27.0,19.0,8.0,6.0,22.0,16.0,21.0,29.0,30.0,29.0,21.0,16.0,0.0,10.0,8.0,21.0,19.0,11.0,14.0,22.0,1.0,25.0,5.0,11.0,27.0,23.0,9.0,27.0
연출,110.0,83.0,76.0,53.0,65.0,42.0,31.0,54.0,40.0,47.0,39.0,29.0,34.0,17.0,22.0,32.0,18.0,30.0,7.0,37.0,11.0,26.0,20.0,31.0,21.0,25.0,18.0,25.0,20.0,28.0,31.0,19.0,34.0,22.0,25.0,19.0,16.0,8.0,4.0,25.0,18.0,21.0,10.0,9.0,30.0,8.0,29.0,6.0,31.0,26.0,22.0,9.0,10.0,21.0,6.0,18.0,20.0,22.0,7.0,27.0,5.0,36.0,0.0,35.0,2.0,16.0,12.0,18.0,16.0,22.0,3.0,19.0,22.0,24.0,12.0,3.0,18.0,10.0,22.0,20.0,20.0,19.0,16.0,16.0,0.0,7.0,2.0,20.0,25.0,13.0,8.0,30.0,1.0,19.0,4.0,4.0,16.0,15.0,10.0,20.0
장점,210.0,106.0,121.0,110.0,116.0,78.0,39.0,84.0,86.0,91.0,63.0,59.0,77.0,38.0,47.0,64.0,62.0,67.0,41.0,67.0,33.0,47.0,40.0,32.0,43.0,65.0,38.0,44.0,52.0,49.0,52.0,41.0,64.0,40.0,45.0,46.0,34.0,14.0,22.0,32.0,32.0,38.0,21.0,22.0,38.0,19.0,32.0,18.0,145.0,50.0,38.0,28.0,11.0,39.0,16.0,36.0,34.0,41.0,26.0,41.0,13.0,37.0,35.0,0.0,16.0,27.0,29.0,28.0,35.0,35.0,6.0,26.0,34.0,23.0,19.0,13.0,27.0,25.0,22.0,30.0,40.0,29.0,26.0,24.0,5.0,18.0,7.0,40.0,31.0,15.0,22.0,44.0,8.0,16.0,15.0,24.0,24.0,37.0,16.0,27.0
자원,70.0,14.0,36.0,37.0,35.0,25.0,5.0,15.0,24.0,16.0,30.0,11.0,22.0,7.0,17.0,24.0,23.0,18.0,17.0,22.0,12.0,9.0,17.0,10.0,12.0,29.0,7.0,16.0,15.0,24.0,10.0,18.0,12.0,10.0,25.0,12.0,11.0,2.0,6.0,9.0,15.0,16.0,5.0,6.0,18.0,5.0,6.0,9.0,14.0,8.0,16.0,19.0,4.0,18.0,6.0,12.0,9.0,13.0,2.0,17.0,7.0,3.0,2.0,16.0,0.0,9.0,8.0,17.0,14.0,13.0,4.0,6.0,7.0,3.0,5.0,4.0,7.0,9.0,0.0,9.0,19.0,11.0,13.0,6.0,1.0,10.0,20.0,8.0,7.0,5.0,8.0,9.0,2.0,2.0,2.0,3.0,8.0,10.0,9.0,8.0
패턴,134.0,45.0,66.0,64.0,69.0,48.0,18.0,38.0,58.0,42.0,42.0,37.0,50.0,82.0,39.0,43.0,33.0,45.0,32.0,46.0,45.0,22.0,41.0,26.0,26.0,33.0,25.0,28.0,30.0,35.0,22.0,24.0,26.0,21.0,32.0,20.0,23.0,5.0,22.0,26.0,23.0,25.0,11.0,14.0,33.0,25.0,17.0,17.0,26.0,25.0,23.0,19.0,8.0,25.0,14.0,25.0,18.0,22.0,1.0,28.0,7.0,19.0,16.0,27.0,9.0,0.0,22.0,24.0,30.0,21.0,1.0,10.0,12.0,15.0,9.0,5.0,19.0,14.0,9.0,21.0,16.0,24.0,19.0,10.0,2.0,15.0,5.0,23.0,20.0,22.0,17.0,20.0,1.0,6.0,16.0,8.0,19.0,26.0,4.0,19.0
레벨,116.0,46.0,65.0,62.0,68.0,52.0,24.0,36.0,40.0,48.0,40.0,33.0,40.0,31.0,29.0,35.0,31.0,32.0,24.0,34.0,24.0,18.0,28.0,13.0,31.0,31.0,33.0,29.0,26.0,30.0,22.0,25.0,23.0,25.0,22.0,16.0,21.0,5.0,24.0,12.0,26.0,21.0,10.0,5.0,30.0,18.0,11.0,14.0,26.0,25.0,24.0,28.0,7.0,23.0,12.0,23.0,20.0,29.0,8.0,25.0,9.0,18.0,12.0,29.0,8.0,22.0,0.0,17.0,23.0,24.0,5.0,15.0,14.0,12.0,11.0,4.0,12.0,21.0,6.0,22.0,19.0,14.0,19.0,14.0,4.0,12.0,2.0,24.0,11.0,8.0,15.0,10.0,1.0,13.0,15.0,13.0,11.0,27.0,6.0,17.0
이동,127.0,46.0,75.0,65.0,68.0,58.0,26.0,46.0,46.0,45.0,52.0,43.0,43.0,29.0,37.0,42.0,31.0,36.0,25.0,39.0,38.0,18.0,29.0,40.0,30.0,44.0,28.0,32.0,29.0,31.0,28.0,33.0,24.0,24.0,22.0,9.0,17.0,10.0,22.0,26.0,23.0,25.0,15.0,11.0,35.0,21.0,22.0,21.0,30.0,21.0,30.0,17.0,9.0,29.0,11.0,25.0,18.0,28.0,10.0,28.0,10.0,25.0,18.0,28.0,17.0,24.0,17.0,0.0,28.0,32.0,3.0,14.0,18.0,27.0,10.0,2.0,15.0,18.0,7.0,19.0,23.0,30.0,18.0,10.0,4.0,23.0,11.0,20.0,21.0,9.0,20.0,13.0,3.0,18.0,10.0,11.0,21.0,27.0,8.0,22.0
기본,170.0,60.0,98.0,91.0,92.0,66.0,23.0,56.0,68.0,69.0,61.0,54.0,62.0,40.0,31.0,56.0,53.0,45.0,40.0,55.0,37.0,38.0,41.0,31.0,45.0,43.0,39.0,39.0,36.0,44.0,34.0,39.0,27.0,35.0,42.0,26.0,25.0,15.0,24.0,23.0,40.0,36.0,25.0,17.0,43.0,17.0,19.0,21.0,39.0,33.0,31.0,26.0,13.0,36.0,11.0,30.0,30.0,40.0,12.0,32.0,13.0,22.0,16.0,35.0,14.0,30.0,23.0,28.0,0.0,26.0,5.0,14.0,26.0,20.0,18.0,8.0,31.0,21.0,13.0,37.0,29.0,30.0,29.0,24.0,4.0,14.0,12.0,32.0,26.0,12.0,21.0,12.0,6.0,15.0,19.0,19.0,19.0,32.0,15.0,27.0
다음,159.0,70.0,86.0,90.0,97.0,80.0,29.0,63.0,67.0,60.0,47.0,37.0,57.0,34.0,26.0,55.0,38.0,35.0,28.0,57.0,22.0,38.0,32.0,23.0,50.0,45.0,35.0,37.0,39.0,35.0,38.0,31.0,36.0,28.0,30.0,21.0,25.0,7.0,13.0,22.0,24.0,34.0,12.0,22.0,40.0,31.0,27.0,17.0,36.0,33.0,39.0,22.0,14.0,35.0,18.0,29.0,30.0,20.0,12.0,37.0,7.0,19.0,22.0,35.0,13.0,21.0,24.0,32.0,26.0,0.0,4.0,27.0,24.0,22.0,14.0,3.0,22.0,20.0,23.0,32.0,31.0,27.0,24.0,20.0,3.0,19.0,14.0,28.0,27.0,12.0,23.0,21.0,5.0,26.0,14.0,15.0,22.0,29.0,13.0,31.0
카드,78.0,29.0,37.0,31.0,29.0,19.0,4.0,21.0,19.0,21.0,25.0,11.0,24.0,12.0,11.0,19.0,17.0,10.0,4.0,18.0,5.0,12.0,10.0,4.0,14.0,18.0,17.0,12.0,16.0,15.0,7.0,7.0,17.0,14.0,10.0,13.0,8.0,3.0,2.0,6.0,10.0,10.0,7.0,6.0,15.0,1.0,2.0,5.0,13.0,6.0,8.0,4.0,5.0,14.0,10.0,7.0,12.0,10.0,4.0,11.0,7.0,3.0,3.0,6.0,4.0,1.0,5.0,3.0,5.0,4.0,0.0,11.0,7.0,3.0,6.0,0.0,10.0,5.0,3.0,10.0,8.0,3.0,11.0,4.0,0.0,2.0,5.0,8.0,6.0,3.0,8.0,6.0,0.0,6.0,7.0,7.0,5.0,5.0,7.0,8.0
출시,163.0,53.0,81.0,67.0,83.0,49.0,18.0,53.0,56.0,58.0,37.0,35.0,38.0,22.0,20.0,39.0,36.0,22.0,25.0,51.0,13.0,44.0,23.0,22.0,22.0,35.0,21.0,26.0,31.0,20.0,44.0,24.0,29.0,34.0,21.0,31.0,15.0,9.0,10.0,24.0,36.0,29.0,10.0,19.0,20.0,9.0,15.0,10.0,26.0,24.0,28.0,17.0,9.0,30.0,26.0,12.0,20.0,21.0,19.0,34.0,27.0,13.0,19.0,26.0,6.0,10.0,15.0,14.0,14.0,27.0,11.0,0.0,23.0,14.0,7.0,10.0,16.0,11.0,12.0,27.0,23.0,21.0,28.0,22.0,3.0,11.0,9.0,17.0,25.0,13.0,18.0,18.0,8.0,23.0,10.0,11.0,15.0,21.0,10.0,19.0
개인,172.0,89.0,103.0,78.0,108.0,63.0,34.0,59.0,83.0,86.0,69.0,44.0,62.0,25.0,32.0,44.0,34.0,44.0,26.0,44.0,21.0,37.0,31.0,24.0,34.0,36.0,36.0,33.0,38.0,34.0,47.0,25.0,31.0,38.0,43.0,34.0,26.0,9.0,15.0,21.0,28.0,32.0,18.0,15.0,34.0,14.0,31.0,15.0,34.0,26.0,29.0,16.0,14.0,31.0,15.0,24.0,28.0,33.0,13.0,30.0,15.0,27.0,22.0,34.0,7.0,12.0,14.0,18.0,26.0,24.0,7.0,23.0,0.0,17.0,16.0,11.0,19.0,14.0,19.0,24.0,28.0,24.0,22.0,21.0,4.0,13.0,8.0,27.0,24.0,18.0,17.0,23.0,5.0,25.0,11.0,15.0,24.0,24.0,5.0,24.0
화면,154.0,43.0,83.0,62.0,56.0,50.0,18.0,41.0,37.0,45.0,33.0,38.0,36.0,23.0,22.0,43.0,30.0,24.0,13.0,46.0,21.0,31.0,23.0,31.0,40.0,31.0,28.0,26.0,21.0,29.0,17.0,28.0,37.0,24.0,15.0,15.0,14.0,11.0,13.0,23.0,23.0,20.0,16.0,16.0,25.0,12.0,15.0,7.0,23.0,25.0,22.0,14.0,4.0,29.0,16.0,31.0,20.0,16.0,12.0,24.0,6.0,19.0,24.0,23.0,3.0,15.0,12.0,27.0,20.0,22.0,3.0,14.0,17.0,0.0,10.0,12.0,14.0,16.0,15.0,16.0,18.0,26.0,17.0,15.0,1.0,10.0,2.0,16.0,19.0,7.0,17.0,14.0,5.0,19.0,6.0,11.0,9.0,16.0,10.0,19.0
과제,104.0,42.0,63.0,57.0,47.0,35.0,31.0,30.0,31.0,41.0,28.0,24.0,29.0,12.0,18.0,26.0,15.0,28.0,17.0,26.0,12.0,26.0,15.0,18.0,29.0,25.0,23.0,23.0,13.0,26.0,18.0,11.0,17.0,19.0,16.0,20.0,122.0,10.0,6.0,18.0,22.0,17.0,9.0,6.0,15.0,15.0,14.0,11.0,24.0,12.0,18.0,13.0,5.0,17.0,5.0,13.0,15.0,22.0,12.0,20.0,4.0,8.0,12.0,19.0,5.0,9.0,11.0,10.0,18.0,14.0,6.0,7.0,16.0,10.0,0.0,2.0,11.0,9.0,7.0,15.0,15.0,13.0,15.0,8.0,1.0,2.0,5.0,16.0,12.0,13.0,16.0,14.0,0.0,14.0,6.0,6.0,5.0,10.0,6.0,11.0
멀티,86.0,18.0,53.0,33.0,32.0,22.0,6.0,33.0,17.0,24.0,16.0,20.0,20.0,8.0,8.0,20.0,15.0,13.0,15.0,13.0,7.0,20.0,9.0,5.0,15.0,20.0,7.0,13.0,7.0,10.0,9.0,12.0,13.0,16.0,9.0,20.0,7.0,5.0,3.0,5.0,19.0,11.0,12.0,14.0,11.0,3.0,1.0,1.0,17.0,7.0,7.0,7.0,22.0,10.0,8.0,9.0,5.0,11.0,10.0,12.0,10.0,6.0,3.0,13.0,4.0,5.0,4.0,2.0,8.0,3.0,0.0,10.0,11.0,12.0,2.0,0.0,3.0,3.0,6.0,6.0,6.0,11.0,10.0,9.0,2.0,5.0,1.0,9.0,9.0,5.0,9.0,6.0,23.0,12.0,3.0,7.0,11.0,8.0,3.0,4.0
의미,152.0,78.0,87.0,95.0,76.0,57.0,24.0,50.0,57.0,47.0,60.0,41.0,44.0,26.0,34.0,40.0,35.0,31.0,35.0,44.0,25.0,37.0,41.0,23.0,34.0,45.0,40.0,34.0,31.0,43.0,33.0,28.0,23.0,38.0,33.0,32.0,21.0,10.0,17.0,18.0,24.0,30.0,15.0,19.0,31.0,9.0,24.0,20.0,31.0,30.0,30.0,27.0,8.0,41.0,9.0,25.0,22.0,28.0,10.0,26.0,11.0,22.0,18.0,27.0,7.0,19.0,12.0,15.0,31.0,22.0,10.0,16.0,19.0,14.0,11.0,3.0,0.0,13.0,14.0,30.0,29.0,23.0,19.0,17.0,4.0,11.0,9.0,20.0,30.0,12.0,18.0,16.0,3.0,18.0,13.0,9.0,22.0,26.0,15.0,22.0
배치,99.0,34.0,53.0,52.0,47.0,39.0,20.0,32.0,45.0,35.0,30.0,27.0,42.0,21.0,20.0,39.0,27.0,26.0,24.0,27.0,27.0,23.0,20.0,17.0,30.0,28.0,19.0,25.0,21.0,24.0,19.0,29.0,20.0,31.0,21.0,20.0,15.0,7.0,16.0,16.0,27.0,24.0,10.0,8.0,33.0,6.0,11.0,10.0,25.0,25.0,24.0,16.0,2.0,17.0,14.0,22.0,25.0,22.0,9.0,31.0,6.0,16.0,10.0,25.0,9.0,14.0,21.0,18.0,21.0,20.0,5.0,11.0,14.0,16.0,9.0,3.0,13.0,0.0,3.0,24.0,18.0,21.0,19.0,13.0,2.0,12.0,11.0,16.0,11.0,9.0,18.0,9.0,1.0,15.0,9.0,8.0,18.0,24.0,9.0,17.0
작품,104.0,66.0,59.0,44.0,58.0,38.0,24.0,33.0,43.0,35.0,36.0,24.0,36.0,11.0,11.0,30.0,18.0,22.0,12.0,30.0,9.0,30.0,16.0,18.0,22.0,18.0,18.0,19.0,23.0,20.0,35.0,15.0,27.0,22.0,20.0,13.0,10.0,8.0,4.0,13.0,12.0,22.0,9.0,8.0,24.0,7.0,26.0,3.0,28.0,28.0,22.0,4.0,4.0,21.0,5.0,9.0,20.0,16.0,7.0,19.0,7.0,21.0,22.0,22.0,0.0,9.0,6.0,7.0,13.0,23.0,3.0,12.0,19.0,15.0,7.0,6.0,14.0,3.0,0.0,13.0,18.0,19.0,13.0,13.0,1.0,2.0,3.0,17.0,16.0,6.0,12.0,15.0,2.0,23.0,1.0,11.0,12.0,13.0,6.0,13.0
상황,159.0,60.0,102.0,89.0,90.0,72.0,27.0,52.0,63.0,58.0,57.0,52.0,51.0,30.0,40.0,52.0,50.0,33.0,37.0,50.0,40.0,32.0,35.0,22.0,43.0,48.0,43.0,47.0,32.0,50.0,37.0,27.0,27.0,32.0,30.0,29.0,25.0,8.0,18.0,21.0,38.0,30.0,13.0,13.0,46.0,9.0,31.0,16.0,33.0,33.0,44.0,20.0,17.0,42.0,11.0,31.0,35.0,35.0,5.0,37.0,12.0,29.0,20.0,30.0,9.0,21.0,22.0,19.0,37.0,32.0,10.0,27.0,24.0,16.0,15.0,6.0,30.0,24.0,13.0,0.0,38.0,22.0,32.0,20.0,2.0,15.0,12.0,28.0,23.0,15.0,22.0,25.0,7.0,19.0,15.0,13.0,28.0,39.0,14.0,24.0
존재,149.0,62.0,99.0,90.0,89.0,63.0,26.0,63.0,65.0,57.0,60.0,50.0,48.0,25.0,34.0,63.0,51.0,46.0,37.0,56.0,33.0,40.0,37.0,29.0,44.0,52.0,40.0,52.0,42.0,47.0,36.0,33.0,34.0,33.0,35.0,28.0,23.0,11.0,19.0,23.0,32.0,37.0,21.0,13.0,40.0,15.0,28.0,17.0,44.0,28.0,40.0,21.0,10.0,44.0,14.0,28.0,31.0,29.0,9.0,47.0,12.0,30.0,20.0,40.0,19.0,16.0,19.0,23.0,29.0,31.0,8.0,23.0,28.0,18.0,15.0,6.0,29.0,18.0,18.0,38.0,0.0,28.0,25.0,15.0,5.0,21.0,11.0,31.0,23.0,19.0,21.0,25.0,5.0,16.0,16.0,16.0,24.0,34.0,14.0,25.0
설정,147.0,58.0,88.0,66.0,77.0,49.0,19.0,52.0,57.0,48.0,45.0,43.0,47.0,21.0,21.0,48.0,41.0,38.0,27.0,46.0,20.0,30.0,26.0,38.0,41.0,43.0,28.0,33.0,30.0,34.0,31.0,40.0,27.0,29.0,36.0,28.0,20.0,10.0,15.0,17.0,26.0,30.0,16.0,24.0,36.0,7.0,19.0,11.0,31.0,25.0,33.0,20.0,6.0,37.0,14.0,22.0,28.0,19.0,14.0,31.0,9.0,29.0,19.0,29.0,11.0,24.0,14.0,30.0,30.0,27.0,3.0,21.0,24.0,26.0,13.0,11.0,23.0,21.0,19.0,22.0,28.0,0.0,23.0,19.0,2.0,15.0,9.0,27.0,21.0,14.0,18.0,21.0,6.0,21.0,11.0,16.0,16.0,25.0,13.0,22.0
상태,143.0,54.0,91.0,69.0,83.0,54.0,26.0,53.0,49.0,56.0,42.0,38.0,49.0,27.0,39.0,51.0,35.0,37.0,23.0,43.0,25.0,25.0,22.0,25.0,35.0,43.0,31.0,30.0,38.0,41.0,30.0,30.0,22.0,29.0,36.0,30.0,25.0,20.0,18.0,22.0,28.0,33.0,23.0,15.0,30.0,14.0,23.0,16.0,34.0,27.0,41.0,17.0,13.0,34.0,16.0,26.0,36.0,24.0,13.0,32.0,13.0,21.0,16.0,26.0,13.0,19.0,19.0,18.0,29.0,24.0,11.0,28.0,22.0,17.0,15.0,10.0,19.0,19.0,13.0,32.0,25.0,23.0,0.0,14.0,3.0,11.0,10.0,23.0,18.0,10.0,20.0,18.0,12.0,15.0,12.0,11.0,18.0,20.0,15.0,28.0
개발자,147.0,41.0,73.0,58.0,65.0,42.0,24.0,57.0,32.0,43.0,43.0,19.0,42.0,15.0,15.0,40.0,30.0,28.0,21.0,40.0,12.0,30.0,17.0,10.0,25.0,25.0,20.0,36.0,27.0,33.0,21.0,16.0,17.0,26.0,21.0,24.0,18.0,9.0,7.0,16.0,37.0,19.0,10.0,18.0,19.0,10.0,17.0,10.0,22.0,34.0,27.0,10.0,8.0,22.0,21.0,15.0,14.0,12.0,10.0,27.0,27.0,16.0,16.0,24.0,6.0,10.0,14.0,10.0,24.0,20.0,4.0,22.0,21.0,15.0,8.0,9.0,17.0,13.0,13.0,20.0,15.0,19.0,14.0,0.0,2.0,8.0,3.0,14.0,21.0,11.0,10.0,10.0,9.0,16.0,4.0,6.0,15.0,17.0,7.0,13.0
코어,14.0,4.0,10.0,10.0,9.0,6.0,0.0,5.0,7.0,9.0,4.0,5.0,10.0,6.0,5.0,7.0,5.0,4.0,3.0,3.0,9.0,5.0,4.0,3.0,1.0,7.0,6.0,4.0,3.0,4.0,3.0,4.0,1.0,2.0,3.0,2.0,2.0,0.0,9.0,2.0,5.0,4.0,3.0,3.0,4.0,6.0,1.0,0.0,5.0,2.0,2.0,0.0,2.0,1.0,2.0,6.0,2.0,3.0,1.0,7.0,1.0,0.0,0.0,5.0,1.0,2.0,4.0,4.0,4.0,3.0,0.0,3.0,4.0,1.0,1.0,2.0,4.0,2.0,1.0,2.0,5.0,2.0,3.0,2.0,0.0,2.0,1.0,5.0,1.0,0.0,2.0,0.0,1.0,0.0,6.0,1.0,2.0,3.0,0.0,1.0
지역,70.0,23.0,44.0,50.0,42.0,35.0,5.0,30.0,36.0,25.0,25.0,19.0,26.0,32.0,29.0,34.0,23.0,15.0,19.0,33.0,25.0,14.0,20.0,12.0,22.0,30.0,11.0,23.0,24.0,23.0,14.0,18.0,7.0,20.0,20.0,8.0,10.0,5.0,18.0,17.0,16.0,16.0,6.0,6.0,17.0,7.0,12.0,19.0,20.0,12.0,19.0,12.0,9.0,14.0,8.0,15.0,13.0,14.0,9.0,20.0,6.0,10.0,7.0,18.0,10.0,15.0,12.0,23.0,14.0,19.0,2.0,11.0,13.0,10.0,2.0,5.0,11.0,12.0,2.0,15.0,21.0,15.0,11.0,8.0,2.0,0.0,7.0,17.0,15.0,4.0,7.0,8.0,6.0,6.0,4.0,8.0,10.0,23.0,4.0,14.0
건물,69.0,13.0,33.0,34.0,29.0,19.0,2.0,20.0,27.0,14.0,26.0,8.0,27.0,5.0,9.0,20.0,21.0,14.0,8.0,16.0,7.0,14.0,11.0,6.0,19.0,28.0,8.0,9.0,15.0,19.0,13.0,16.0,18.0,16.0,16.0,7.0,7.0,4.0,5.0,12.0,13.0,14.0,10.0,11.0,13.0,2.0,5.0,9.0,10.0,11.0,13.0,11.0,2.0,10.0,7.0,14.0,8.0,8.0,6.0,11.0,9.0,8.0,2.0,7.0,20.0,5.0,2.0,11.0,12.0,14.0,5.0,9.0,8.0,2.0,5.0,1.0,9.0,11.0,3.0,12.0,11.0,9.0,10.0,3.0,1.0,7.0,0.0,5.0,8.0,2.0,13.0,7.0,0.0,3.0,1.0,4.0,3.0,5.0,8.0,9.0
장르,143.0,61.0,80.0,66.0,76.0,57.0,26.0,55.0,56.0,55.0,54.0,42.0,59.0,29.0,39.0,47.0,42.0,50.0,29.0,41.0,26.0,27.0,30.0,25.0,42.0,41.0,30.0,40.0,33.0,33.0,31.0,23.0,39.0,34.0,26.0,22.0,30.0,10.0,21.0,24.0,17.0,34.0,14.0,15.0,37.0,16.0,28.0,17.0,39.0,33.0,29.0,20.0,8.0,33.0,10.0,29.0,23.0,22.0,9.0,32.0,11.0,21.0,20.0,40.0,8.0,23.0,24.0,20.0,32.0,28.0,8.0,17.0,27.0,16.0,16.0,9.0,20.0,16.0,17.0,28.0,31.0,27.0,23.0,14.0,5.0,17.0,5.0,0.0,22.0,14.0,18.0,24.0,4.0,15.0,29.0,21.0,22.0,30.0,4.0,26.0
마지막,159.0,83.0,90.0,86.0,99.0,64.0,42.0,58.0,64.0,60.0,47.0,34.0,48.0,37.0,29.0,46.0,32.0,42.0,25.0,52.0,23.0,31.0,32.0,22.0,40.0,44.0,28.0,31.0,44.0,38.0,37.0,25.0,29.0,26.0,34.0,21.0,22.0,8.0,9.0,35.0,27.0,22.0,17.0,11.0,30.0,18.0,27.0,10.0,36.0,33.0,30.0,26.0,17.0,36.0,10.0,30.0,26.0,24.0,9.0,28.0,14.0,19.0,25.0,31.0,7.0,20.0,11.0,21.0,26.0,27.0,6.0,25.0,24.0,19.0,12.0,9.0,30.0,11.0,16.0,23.0,23.0,21.0,18.0,21.0,1.0,15.0,8.0,22.0,0.0,16.0,19.0,24.0,4.0,22.0,3.0,8.0,18.0,24.0,11.0,21.0
회차,94.0,50.0,63.0,47.0,51.0,39.0,16.0,26.0,37.0,43.0,33.0,30.0,30.0,23.0,16.0,34.0,24.0,26.0,18.0,33.0,15.0,13.0,23.0,9.0,20.0,23.0,30.0,21.0,17.0,20.0,17.0,16.0,17.0,9.0,18.0,25.0,21.0,8.0,7.0,16.0,13.0,20.0,8.0,9.0,20.0,5.0,17.0,10.0,16.0,24.0,15.0,15.0,10.0,22.0,6.0,12.0,13.0,17.0,9.0,17.0,5.0,11.0,13.0,15.0,5.0,22.0,8.0,9.0,12.0,12.0,3.0,13.0,18.0,7.0,13.0,5.0,12.0,9.0,6.0,15.0,19.0,14.0,10.0,11.0,0.0,4.0,2.0,14.0,16.0,0.0,13.0,15.0,1.0,15.0,4.0,6.0,14.0,18.0,3.0,9.0
기능,134.0,41.0,70.0,80.0,64.0,44.0,22.0,43.0,50.0,33.0,44.0,32.0,45.0,17.0,28.0,49.0,37.0,26.0,28.0,43.0,21.0,22.0,28.0,21.0,31.0,45.0,25.0,23.0,26.0,32.0,29.0,27.0,24.0,24.0,25.0,17.0,23.0,12.0,12.0,13.0,38.0,24.0,24.0,21.0,28.0,12.0,16.0,17.0,26.0,20.0,33.0,21.0,6.0,39.0,15.0,30.0,27.0,22.0,9.0,35.0,20.0,14.0,8.0,22.0,8.0,17.0,15.0,20.0,21.0,23.0,8.0,18.0,17.0,17.0,16.0,9.0,18.0,18.0,12.0,22.0,21.0,18.0,20.0,10.0,2.0,7.0,13.0,18.0,19.0,13.0,0.0,12.0,6.0,19.0,8.0,12.0,11.0,23.0,11.0,19.0
분위기,142.0,83.0,92.0,54.0,81.0,50.0,36.0,55.0,74.0,51.0,40.0,35.0,43.0,21.0,27.0,41.0,29.0,40.0,19.0,46.0,15.0,29.0,24.0,27.0,32.0,27.0,20.0,31.0,24.0,28.0,34.0,19.0,38.0,27.0,23.0,26.0,23.0,9.0,10.0,25.0,13.0,17.0,16.0,12.0,37.0,11.0,23.0,9.0,38.0,30.0,21.0,16.0,7.0,37.0,6.0,19.0,23.0,22.0,13.0,21.0,7.0,22.0,30.0,44.0,9.0,20.0,10.0,13.0,12.0,21.0,6.0,18.0,23.0,14.0,14.0,6.0,16.0,9.0,15.0,25.0,25.0,21.0,18.0,10.0,0.0,8.0,7.0,24.0,24.0,15.0,12.0,0.0,4.0,17.0,5.0,16.0,18.0,17.0,8.0,22.0
서버,49.0,4.0,21.0,21.0,13.0,7.0,1.0,22.0,4.0,12.0,6.0,11.0,12.0,3.0,2.0,20.0,7.0,4.0,9.0,13.0,4.0,10.0,7.0,3.0,9.0,7.0,1.0,4.0,4.0,9.0,2.0,4.0,2.0,6.0,4.0,9.0,1.0,1.0,2.0,4.0,4.0,4.0,6.0,5.0,6.0,1.0,0.0,2.0,5.0,4.0,4.0,2.0,16.0,10.0,5.0,4.0,0.0,3.0,2.0,10.0,5.0,1.0,1.0,8.0,2.0,1.0,1.0,3.0,6.0,5.0,0.0,8.0,5.0,5.0,0.0,23.0,3.0,1.0,2.0,7.0,5.0,6.0,12.0,9.0,1.0,6.0,0.0,4.0,4.0,1.0,6.0,4.0,0.0,2.0,4.0,4.0,6.0,5.0,1.0,1.0
내용,141.0,86.0,84.0,65.0,82.0,54.0,27.0,55.0,58.0,48.0,42.0,24.0,35.0,11.0,17.0,37.0,24.0,23.0,24.0,44.0,4.0,33.0,24.0,17.0,23.0,32.0,27.0,28.0,22.0,20.0,31.0,24.0,25.0,18.0,22.0,22.0,20.0,15.0,11.0,23.0,31.0,28.0,11.0,10.0,35.0,5.0,28.0,16.0,30.0,35.0,19.0,13.0,8.0,29.0,11.0,20.0,21.0,26.0,14.0,32.0,12.0,25.0,19.0,16.0,2.0,6.0,13.0,18.0,15.0,26.0,6.0,23.0,25.0,19.0,14.0,12.0,18.0,15.0,23.0,19.0,16.0,21.0,15.0,16.0,0.0,6.0,3.0,15.0,22.0,15.0,19.0,17.0,2.0,0.0,3.0,9.0,19.0,26.0,10.0,16.0
로그,101.0,17.0,52.0,40.0,45.0,21.0,3.0,28.0,30.0,29.0,35.0,23.0,38.0,26.0,16.0,16.0,17.0,26.0,26.0,24.0,16.0,14.0,19.0,14.0,16.0,17.0,21.0,15.0,18.0,20.0,18.0,12.0,11.0,11.0,11.0,11.0,10.0,3.0,20.0,13.0,16.0,12.0,12.0,12.0,16.0,15.0,5.0,3.0,17.0,8.0,12.0,11.0,9.0,21.0,6.0,15.0,6.0,17.0,5.0,21.0,5.0,5.0,4.0,15.0,2.0,16.0,15.0,10.0,19.0,14.0,7.0,10.0,11.0,6.0,6.0,3.0,13.0,9.0,1.0,15.0,16.0,11.0,12.0,4.0,6.0,4.0,1.0,29.0,3.0,4.0,8.0,5.0,4.0,3.0,0.0,7.0,8.0,15.0,1.0,4.0
친절,146.0,49.0,66.0,59.0,52.0,50.0,19.0,34.0,37.0,35.0,29.0,28.0,32.0,20.0,18.0,30.0,25.0,22.0,25.0,34.0,14.0,11.0,16.0,21.0,22.0,34.0,13.0,21.0,21.0,17.0,20.0,23.0,23.0,15.0,13.0,15.0,10.0,8.0,4.0,10.0,13.0,21.0,16.0,13.0,25.0,6.0,10.0,14.0,24.0,16.0,14.0,19.0,7.0,18.0,5.0,17.0,41.0,19.0,10.0,18.0,3.0,11.0,4.0,24.0,3.0,8.0,13.0,11.0,19.0,15.0,7.0,11.0,15.0,11.0,6.0,7.0,9.0,8.0,11.0,13.0,16.0,16.0,11.0,6.0,1.0,8.0,4.0,21.0,8.0,6.0,12.0,16.0,4.0,9.0,7.0,0.0,14.0,17.0,7.0,15.0
과정,111.0,59.0,71.0,69.0,69.0,48.0,29.0,43.0,49.0,50.0,50.0,33.0,50.0,18.0,25.0,43.0,23.0,23.0,29.0,41.0,12.0,26.0,34.0,26.0,37.0,44.0,24.0,46.0,24.0,33.0,31.0,23.0,16.0,29.0,28.0,23.0,14.0,6.0,9.0,23.0,23.0,24.0,13.0,5.0,29.0,9.0,23.0,13.0,31.0,19.0,31.0,24.0,9.0,32.0,7.0,20.0,26.0,29.0,4.0,35.0,10.0,27.0,16.0,24.0,8.0,19.0,11.0,21.0,19.0,22.0,5.0,15.0,24.0,9.0,5.0,11.0,22.0,18.0,12.0,28.0,24.0,16.0,18.0,15.0,2.0,10.0,3.0,22.0,18.0,14.0,11.0,18.0,6.0,19.0,8.0,14.0,0.0,30.0,7.0,19.0
특정,137.0,61.0,80.0,75.0,78.0,65.0,25.0,51.0,55.0,53.0,52.0,48.0,43.0,39.0,35.0,55.0,40.0,38.0,39.0,47.0,28.0,24.0,38.0,30.0,40.0,50.0,47.0,39.0,40.0,47.0,26.0,29.0,28.0,35.0,27.0,22.0,17.0,12.0,25.0,24.0,30.0,29.0,17.0,12.0,39.0,16.0,20.0,24.0,40.0,33.0,36.0,24.0,11.0,36.0,15.0,24.0,30.0,30.0,14.0,41.0,13.0,23.0,15.0,37.0,10.0,26.0,27.0,27.0,32.0,29.0,5.0,21.0,24.0,16.0,10.0,8.0,26.0,24.0,13.0,39.0,34.0,25.0,20.0,17.0,3.0,23.0,5.0,30.0,24.0,18.0,23.0,17.0,5.0,26.0,15.0,17.0,30.0,0.0,12.0,26.0
물건,73.0,25.0,40.0,45.0,35.0,28.0,11.0,30.0,28.0,24.0,24.0,14.0,24.0,1.0,3.0,32.0,17.0,16.0,10.0,29.0,4.0,19.0,18.0,10.0,24.0,26.0,16.0,22.0,17.0,18.0,15.0,18.0,14.0,20.0,24.0,21.0,9.0,5.0,1.0,8.0,14.0,11.0,7.0,8.0,14.0,2.0,10.0,12.0,15.0,12.0,23.0,15.0,4.0,19.0,8.0,18.0,15.0,4.0,6.0,12.0,8.0,9.0,10.0,16.0,9.0,4.0,6.0,8.0,15.0,13.0,7.0,10.0,5.0,10.0,6.0,3.0,15.0,9.0,6.0,14.0,14.0,13.0,15.0,7.0,0.0,4.0,8.0,4.0,11.0,3.0,11.0,8.0,1.0,10.0,1.0,7.0,7.0,12.0,0.0,9.0
전체,142.0,68.0,78.0,76.0,71.0,60.0,24.0,49.0,65.0,59.0,50.0,42.0,47.0,30.0,32.0,53.0,40.0,44.0,27.0,43.0,24.0,33.0,25.0,29.0,32.0,39.0,28.0,36.0,32.0,45.0,34.0,23.0,38.0,30.0,37.0,21.0,18.0,14.0,15.0,25.0,22.0,29.0,20.0,12.0,30.0,14.0,22.0,17.0,37.0,23.0,31.0,19.0,11.0,32.0,13.0,24.0,25.0,29.0,6.0,34.0,8.0,27.0,20.0,27.0,8.0,19.0,17.0,22.0,27.0,31.0,8.0,19.0,24.0,19.0,11.0,4.0,22.0,17.0,13.0,24.0,25.0,22.0,28.0,13.0,1.0,14.0,9.0,26.0,21.0,9.0,19.0,22.0,1.0,16.0,4.0,15.0,19.0,26.0,9.0,0.0
