,게임,멀티,플레이,나오,생각,시간,추가,만들,스토리,재미,정도,퍼즐,사람,난이도,부족,추천,진행,부분,캐릭터,보이,느낌,보스,사랑해,도전,아이템,가지,재밌,경우,모드,어렵,모르,하나,박하민,요소,시작,무기,해파리,당근,필요,전투,과제,선택,공격,처음,아쉽,번역,초반,이상,한글,레벨,쿠키,사용,니코,구매,시스템,가격,자체,스테이지,그래픽,전작,단점,방식,존재,주인공,친구,문제,중간,시리즈,회차,건물,퀘스트,플레이어,아델라,이렇,개인,카드,이야기,평가,다음,그것,설정,조작,사실,타임,기본,나무,패치,마음,여기,기능,기대,식량,들어가,그림,배치,힘들,마지막,자신,장점,이후
게임,0.0,170.0,1730.0,1166.0,1426.0,1390.0,604.0,1224.0,1068.0,1135.0,1206.0,616.0,890.0,916.0,352.0,1204.0,784.0,738.0,588.0,874.0,896.0,422.0,6.0,632.0,414.0,794.0,530.0,538.0,402.0,822.0,826.0,730.0,0.0,674.0,650.0,208.0,2.0,2.0,612.0,342.0,430.0,442.0,308.0,748.0,630.0,334.0,484.0,452.0,406.0,342.0,8.0,436.0,4.0,502.0,396.0,546.0,564.0,270.0,536.0,254.0,510.0,454.0,430.0,358.0,292.0,448.0,318.0,238.0,222.0,176.0,220.0,316.0,2.0,424.0,442.0,176.0,328.0,388.0,386.0,386.0,294.0,318.0,406.0,452.0,388.0,104.0,274.0,384.0,352.0,298.0,440.0,70.0,302.0,230.0,220.0,368.0,328.0,272.0,340.0,406.0
멀티,170.0,0.0,134.0,82.0,70.0,74.0,54.0,72.0,52.0,73.0,78.0,18.0,70.0,56.0,30.0,74.0,54.0,52.0,32.0,54.0,56.0,36.0,0.0,40.0,30.0,56.0,29.0,42.0,42.0,48.0,46.0,48.0,0.0,48.0,48.0,14.0,0.0,0.0,50.0,28.0,30.0,40.0,20.0,46.0,56.0,34.0,30.0,32.0,28.0,14.0,0.0,36.0,0.0,34.0,40.0,36.0,38.0,8.0,44.0,22.0,40.0,22.0,38.0,20.0,66.0,50.0,20.0,12.0,18.0,10.0,16.0,34.0,0.0,34.0,34.0,8.0,18.0,26.0,24.0,18.0,16.0,28.0,30.0,40.0,26.0,2.0,22.0,28.0,20.0,24.0,22.0,4.0,20.0,10.0,8.0,22.0,20.0,32.0,26.0,24.0
플레이,1730.0,134.0,0.0,640.0,804.0,850.0,414.0,646.0,620.0,585.0,742.0,302.0,444.0,580.0,200.0,684.0,480.0,462.0,374.0,508.0,476.0,264.0,4.0,360.0,266.0,478.0,259.0,366.0,244.0,476.0,444.0,446.0,0.0,422.0,370.0,144.0,2.0,0.0,368.0,212.0,246.0,306.0,206.0,388.0,360.0,198.0,286.0,262.0,250.0,224.0,6.0,294.0,4.0,318.0,268.0,330.0,342.0,156.0,314.0,172.0,312.0,296.0,272.0,226.0,130.0,280.0,198.0,150.0,162.0,86.0,154.0,242.0,0.0,238.0,284.0,76.0,224.0,216.0,248.0,216.0,192.0,216.0,252.0,438.0,238.0,62.0,178.0,232.0,236.0,184.0,252.0,34.0,188.0,80.0,128.0,206.0,202.0,160.0,200.0,264.0
나오,1166.0,82.0,640.0,0.0,608.0,550.0,286.0,498.0,392.0,384.0,536.0,214.0,366.0,350.0,158.0,444.0,336.0,368.0,262.0,418.0,378.0,224.0,2.0,274.0,208.0,358.0,173.0,288.0,182.0,288.0,356.0,356.0,0.0,286.0,294.0,126.0,4.0,0.0,270.0,178.0,186.0,208.0,182.0,346.0,268.0,162.0,254.0,220.0,194.0,184.0,2.0,232.0,4.0,190.0,190.0,208.0,242.0,118.0,236.0,124.0,222.0,190.0,198.0,170.0,88.0,190.0,162.0,118.0,96.0,96.0,114.0,128.0,2.0,200.0,232.0,96.0,158.0,194.0,214.0,222.0,132.0,134.0,200.0,188.0,194.0,56.0,138.0,182.0,200.0,138.0,224.0,38.0,162.0,104.0,104.0,168.0,170.0,120.0,164.0,210.0
생각,1426.0,70.0,804.0,608.0,0.0,628.0,320.0,624.0,500.0,469.0,632.0,244.0,470.0,456.0,206.0,546.0,388.0,394.0,294.0,470.0,446.0,250.0,2.0,278.0,184.0,440.0,199.0,326.0,192.0,384.0,386.0,392.0,0.0,356.0,344.0,118.0,2.0,0.0,318.0,180.0,176.0,260.0,180.0,374.0,302.0,154.0,302.0,254.0,182.0,186.0,2.0,230.0,0.0,270.0,222.0,272.0,288.0,124.0,258.0,116.0,292.0,226.0,234.0,194.0,82.0,262.0,166.0,106.0,118.0,102.0,148.0,190.0,0.0,248.0,280.0,68.0,158.0,222.0,224.0,220.0,156.0,148.0,226.0,216.0,228.0,60.0,148.0,196.0,208.0,150.0,220.0,46.0,194.0,90.0,154.0,188.0,186.0,160.0,216.0,232.0
시간,1390.0,74.0,850.0,550.0,628.0,0.0,298.0,576.0,452.0,470.0,722.0,226.0,406.0,412.0,190.0,494.0,358.0,366.0,274.0,410.0,416.0,204.0,4.0,314.0,212.0,396.0,201.0,282.0,188.0,374.0,442.0,374.0,0.0,312.0,342.0,118.0,6.0,2.0,308.0,162.0,248.0,224.0,180.0,348.0,280.0,150.0,284.0,272.0,192.0,162.0,2.0,230.0,8.0,216.0,186.0,288.0,266.0,128.0,216.0,98.0,260.0,166.0,240.0,178.0,122.0,218.0,142.0,86.0,114.0,88.0,136.0,168.0,0.0,228.0,228.0,92.0,140.0,194.0,242.0,198.0,128.0,132.0,210.0,306.0,218.0,68.0,130.0,190.0,188.0,152.0,160.0,34.0,172.0,98.0,120.0,178.0,198.0,134.0,198.0,190.0
추가,604.0,54.0,414.0,286.0,320.0,298.0,0.0,310.0,222.0,234.0,316.0,88.0,202.0,224.0,106.0,268.0,198.0,212.0,136.0,226.0,192.0,118.0,0.0,138.0,156.0,238.0,88.0,172.0,140.0,186.0,208.0,202.0,0.0,186.0,176.0,90.0,0.0,0.0,210.0,90.0,84.0,122.0,100.0,196.0,154.0,112.0,110.0,128.0,106.0,120.0,0.0,160.0,0.0,140.0,122.0,132.0,154.0,76.0,106.0,72.0,132.0,122.0,114.0,70.0,46.0,142.0,92.0,54.0,58.0,46.0,80.0,84.0,0.0,126.0,138.0,44.0,74.0,110.0,124.0,106.0,114.0,56.0,84.0,106.0,150.0,38.0,114.0,78.0,110.0,116.0,106.0,18.0,98.0,36.0,62.0,106.0,74.0,64.0,96.0,162.0
만들,1224.0,72.0,646.0,498.0,624.0,576.0,310.0,0.0,416.0,427.0,558.0,180.0,468.0,378.0,166.0,464.0,312.0,340.0,250.0,442.0,376.0,210.0,0.0,248.0,186.0,424.0,160.0,276.0,196.0,336.0,342.0,380.0,0.0,292.0,300.0,114.0,2.0,0.0,296.0,144.0,142.0,218.0,174.0,320.0,224.0,134.0,242.0,226.0,158.0,178.0,4.0,234.0,0.0,190.0,212.0,196.0,240.0,90.0,196.0,98.0,246.0,188.0,228.0,180.0,80.0,226.0,132.0,100.0,78.0,126.0,116.0,170.0,2.0,222.0,208.0,48.0,158.0,178.0,214.0,214.0,148.0,146.0,196.0,190.0,206.0,76.0,116.0,172.0,196.0,144.0,144.0,46.0,170.0,88.0,118.0,180.0,148.0,172.0,176.0,208.0
스토리,1068.0,52.0,620.0,392.0,500.0,452.0,222.0,416.0,0.0,351.0,468.0,290.0,286.0,376.0,114.0,430.0,384.0,282.0,256.0,298.0,382.0,186.0,4.0,256.0,162.0,276.0,157.0,222.0,170.0,300.0,250.0,300.0,0.0,288.0,200.0,74.0,2.0,0.0,198.0,156.0,172.0,192.0,110.0,226.0,248.0,152.0,188.0,146.0,160.0,106.0,0.0,160.0,8.0,168.0,148.0,190.0,242.0,72.0,230.0,156.0,214.0,158.0,188.0,222.0,44.0,162.0,136.0,102.0,142.0,30.0,108.0,156.0,2.0,142.0,202.0,46.0,200.0,146.0,144.0,136.0,106.0,132.0,162.0,208.0,144.0,28.0,88.0,148.0,178.0,100.0,180.0,14.0,100.0,72.0,84.0,114.0,130.0,100.0,162.0,186.0
재미,1135.0,73.0,585.0,384.0,469.0,470.0,234.0,427.0,351.0,0.0,452.0,155.0,319.0,339.0,146.0,470.0,290.0,270.0,209.0,279.0,327.0,186.0,0.0,205.0,171.0,286.0,119.0,228.0,133.0,315.0,272.0,250.0,0.0,286.0,244.0,110.0,1.0,0.0,219.0,157.0,137.0,151.0,144.0,285.0,220.0,107.0,214.0,153.0,126.0,132.0,6.0,160.0,0.0,186.0,162.0,185.0,188.0,104.0,177.0,100.0,201.0,164.0,153.0,122.0,97.0,163.0,112.0,80.0,93.0,57.0,99.0,143.0,0.0,170.0,193.0,49.0,109.0,141.0,141.0,129.0,88.0,139.0,158.0,163.0,153.0,39.0,95.0,145.0,141.0,100.0,145.0,20.0,96.0,60.0,97.0,127.0,101.0,90.0,155.0,145.0
정도,1206.0,78.0,742.0,536.0,632.0,722.0,316.0,558.0,468.0,452.0,0.0,200.0,392.0,454.0,198.0,466.0,398.0,362.0,282.0,464.0,418.0,234.0,2.0,302.0,210.0,402.0,193.0,318.0,186.0,400.0,352.0,400.0,0.0,336.0,310.0,114.0,2.0,0.0,324.0,192.0,206.0,222.0,194.0,330.0,286.0,168.0,266.0,256.0,188.0,174.0,2.0,240.0,4.0,214.0,224.0,278.0,278.0,110.0,236.0,112.0,276.0,210.0,250.0,196.0,92.0,260.0,146.0,94.0,120.0,94.0,110.0,184.0,0.0,194.0,246.0,76.0,162.0,204.0,206.0,202.0,156.0,152.0,206.0,248.0,240.0,52.0,144.0,180.0,206.0,150.0,194.0,36.0,186.0,90.0,120.0,176.0,162.0,150.0,186.0,218.0
퍼즐,616.0,18.0,302.0,214.0,244.0,226.0,88.0,180.0,290.0,155.0,200.0,0.0,158.0,278.0,28.0,252.0,166.0,162.0,78.0,168.0,154.0,44.0,0.0,154.0,68.0,128.0,56.0,98.0,56.0,224.0,92.0,120.0,0.0,152.0,104.0,8.0,0.0,0.0,84.0,46.0,116.0,42.0,22.0,126.0,114.0,52.0,84.0,64.0,62.0,56.0,0.0,72.0,8.0,82.0,34.0,92.0,126.0,66.0,94.0,86.0,80.0,102.0,80.0,88.0,40.0,58.0,76.0,86.0,52.0,8.0,16.0,78.0,0.0,68.0,92.0,26.0,104.0,66.0,70.0,44.0,44.0,58.0,94.0,112.0,42.0,10.0,22.0,76.0,62.0,22.0,74.0,0.0,62.0,48.0,42.0,48.0,62.0,30.0,58.0,74.0
사람,890.0,70.0,444.0,366.0,470.0,406.0,202.0,468.0,286.0,319.0,392.0,158.0,0.0,248.0,124.0,364.0,248.0,232.0,158.0,310.0,286.0,132.0,0.0,196.0,114.0,260.0,138.0,216.0,140.0,252.0,286.0,284.0,0.0,212.0,238.0,58.0,2.0,0.0,226.0,98.0,128.0,146.0,110.0,272.0,154.0,98.0,170.0,204.0,120.0,120.0,2.0,156.0,0.0,150.0,160.0,146.0,184.0,62.0,160.0,88.0,196.0,134.0,188.0,94.0,68.0,160.0,88.0,74.0,74.0,62.0,84.0,110.0,0.0,158.0,148.0,34.0,122.0,144.0,144.0,166.0,88.0,84.0,174.0,126.0,138.0,42.0,90.0,146.0,138.0,70.0,112.0,46.0,134.0,84.0,86.0,144.0,122.0,106.0,152.0,158.0
난이도,916.0,56.0,580.0,350.0,456.0,412.0,224.0,378.0,376.0,339.0,454.0,278.0,248.0,0.0,130.0,358.0,294.0,256.0,208.0,334.0,264.0,222.0,0.0,246.0,150.0,300.0,131.0,248.0,162.0,418.0,230.0,242.0,0.0,254.0,206.0,108.0,2.0,0.0,210.0,138.0,172.0,116.0,154.0,238.0,222.0,98.0,180.0,154.0,136.0,168.0,0.0,178.0,0.0,148.0,162.0,224.0,198.0,124.0,226.0,104.0,194.0,158.0,174.0,114.0,58.0,166.0,118.0,92.0,110.0,54.0,68.0,112.0,0.0,122.0,166.0,54.0,102.0,154.0,138.0,92.0,88.0,146.0,140.0,202.0,160.0,36.0,110.0,138.0,126.0,94.0,150.0,6.0,96.0,50.0,98.0,122.0,112.0,88.0,136.0,172.0
부족,352.0,30.0,200.0,158.0,206.0,190.0,106.0,166.0,114.0,146.0,198.0,28.0,124.0,130.0,0.0,124.0,114.0,152.0,98.0,144.0,156.0,68.0,0.0,52.0,84.0,128.0,56.0,122.0,64.0,116.0,122.0,128.0,0.0,112.0,86.0,56.0,0.0,0.0,132.0,74.0,30.0,78.0,62.0,118.0,100.0,60.0,114.0,70.0,64.0,66.0,0.0,90.0,0.0,76.0,80.0,72.0,108.0,22.0,72.0,18.0,110.0,76.0,78.0,48.0,32.0,90.0,60.0,34.0,32.0,62.0,56.0,62.0,0.0,82.0,78.0,14.0,36.0,76.0,68.0,76.0,58.0,48.0,72.0,70.0,102.0,40.0,64.0,50.0,58.0,66.0,76.0,40.0,74.0,20.0,56.0,80.0,58.0,40.0,82.0,80.0
추천,1204.0,74.0,684.0,444.0,546.0,494.0,268.0,464.0,430.0,470.0,466.0,252.0,364.0,358.0,124.0,0.0,332.0,320.0,242.0,374.0,322.0,190.0,0.0,308.0,192.0,332.0,197.0,250.0,152.0,358.0,284.0,272.0,0.0,278.0,284.0,86.0,4.0,0.0,236.0,170.0,206.0,214.0,146.0,282.0,226.0,152.0,242.0,194.0,166.0,160.0,4.0,198.0,4.0,226.0,168.0,258.0,218.0,96.0,234.0,150.0,202.0,182.0,182.0,162.0,110.0,160.0,136.0,116.0,118.0,82.0,106.0,160.0,0.0,194.0,214.0,72.0,134.0,162.0,188.0,162.0,128.0,146.0,186.0,216.0,164.0,40.0,98.0,158.0,186.0,120.0,162.0,24.0,138.0,80.0,102.0,156.0,166.0,128.0,148.0,192.0
진행,784.0,54.0,480.0,336.0,388.0,358.0,198.0,312.0,384.0,290.0,398.0,166.0,248.0,294.0,114.0,332.0,0.0,254.0,212.0,256.0,246.0,148.0,0.0,226.0,178.0,280.0,109.0,254.0,126.0,252.0,216.0,248.0,0.0,218.0,236.0,76.0,2.0,0.0,226.0,138.0,162.0,182.0,112.0,226.0,190.0,124.0,192.0,162.0,120.0,126.0,2.0,182.0,4.0,162.0,136.0,178.0,180.0,84.0,148.0,86.0,178.0,184.0,146.0,158.0,48.0,170.0,126.0,82.0,104.0,56.0,108.0,138.0,0.0,130.0,180.0,46.0,148.0,132.0,164.0,122.0,102.0,92.0,136.0,146.0,144.0,30.0,88.0,130.0,136.0,124.0,126.0,10.0,118.0,52.0,88.0,114.0,126.0,90.0,138.0,166.0
부분,738.0,52.0,462.0,368.0,394.0,366.0,212.0,340.0,282.0,270.0,362.0,162.0,232.0,256.0,152.0,320.0,254.0,0.0,172.0,308.0,286.0,142.0,0.0,152.0,158.0,270.0,105.0,206.0,112.0,242.0,226.0,210.0,0.0,234.0,176.0,68.0,0.0,0.0,196.0,134.0,96.0,152.0,114.0,228.0,236.0,128.0,164.0,136.0,116.0,110.0,2.0,148.0,4.0,154.0,160.0,160.0,198.0,58.0,174.0,88.0,172.0,124.0,140.0,108.0,38.0,186.0,128.0,68.0,72.0,58.0,68.0,124.0,0.0,134.0,170.0,52.0,124.0,120.0,124.0,142.0,114.0,98.0,126.0,116.0,152.0,36.0,88.0,130.0,130.0,108.0,164.0,18.0,116.0,76.0,70.0,116.0,102.0,66.0,126.0,128.0
캐릭터,588.0,32.0,374.0,262.0,294.0,274.0,136.0,250.0,256.0,209.0,282.0,78.0,158.0,208.0,98.0,242.0,212.0,172.0,0.0,222.0,224.0,148.0,0.0,164.0,138.0,184.0,83.0,148.0,100.0,150.0,144.0,198.0,0.0,168.0,154.0,78.0,0.0,0.0,152.0,126.0,108.0,158.0,128.0,172.0,158.0,96.0,120.0,116.0,80.0,88.0,0.0,112.0,0.0,108.0,124.0,146.0,124.0,50.0,116.0,62.0,124.0,120.0,110.0,94.0,46.0,126.0,82.0,38.0,92.0,18.0,76.0,106.0,0.0,112.0,120.0,32.0,86.0,88.0,102.0,96.0,76.0,82.0,94.0,114.0,120.0,22.0,64.0,114.0,86.0,88.0,102.0,12.0,78.0,56.0,66.0,92.0,74.0,78.0,88.0,90.0
보이,874.0,54.0,508.0,418.0,470.0,410.0,226.0,442.0,298.0,279.0,464.0,168.0,310.0,334.0,144.0,374.0,256.0,308.0,222.0,0.0,298.0,158.0,2.0,192.0,132.0,286.0,109.0,228.0,130.0,266.0,300.0,276.0,2.0,264.0,218.0,70.0,4.0,0.0,250.0,124.0,128.0,156.0,128.0,276.0,168.0,128.0,176.0,200.0,142.0,120.0,0.0,174.0,0.0,144.0,178.0,178.0,222.0,82.0,230.0,108.0,232.0,156.0,190.0,146.0,76.0,188.0,120.0,106.0,74.0,60.0,94.0,156.0,0.0,150.0,136.0,52.0,130.0,152.0,146.0,174.0,92.0,138.0,174.0,172.0,148.0,38.0,94.0,132.0,168.0,104.0,160.0,24.0,156.0,120.0,88.0,164.0,140.0,118.0,156.0,168.0
느낌,896.0,56.0,476.0,378.0,446.0,416.0,192.0,376.0,382.0,327.0,418.0,154.0,286.0,264.0,156.0,322.0,246.0,286.0,224.0,298.0,0.0,168.0,0.0,146.0,174.0,288.0,151.0,212.0,120.0,256.0,236.0,254.0,0.0,270.0,202.0,96.0,0.0,0.0,186.0,154.0,102.0,152.0,132.0,248.0,254.0,112.0,210.0,156.0,122.0,124.0,4.0,164.0,4.0,144.0,160.0,166.0,196.0,80.0,190.0,98.0,196.0,126.0,188.0,132.0,56.0,148.0,130.0,82.0,90.0,64.0,84.0,124.0,0.0,150.0,168.0,28.0,124.0,126.0,142.0,168.0,112.0,112.0,156.0,122.0,166.0,40.0,98.0,138.0,134.0,110.0,166.0,30.0,108.0,78.0,82.0,112.0,106.0,84.0,142.0,172.0
보스,422.0,36.0,264.0,224.0,250.0,204.0,118.0,210.0,186.0,186.0,234.0,44.0,132.0,222.0,68.0,190.0,148.0,142.0,148.0,158.0,168.0,0.0,0.0,120.0,140.0,144.0,79.0,124.0,84.0,172.0,136.0,138.0,0.0,134.0,118.0,102.0,0.0,0.0,98.0,140.0,66.0,86.0,144.0,140.0,120.0,66.0,106.0,86.0,68.0,98.0,0.0,114.0,0.0,86.0,98.0,78.0,94.0,68.0,94.0,60.0,114.0,94.0,102.0,72.0,30.0,78.0,76.0,42.0,80.0,18.0,42.0,68.0,0.0,76.0,98.0,40.0,38.0,76.0,86.0,70.0,42.0,84.0,76.0,92.0,118.0,20.0,50.0,82.0,78.0,52.0,74.0,2.0,50.0,22.0,50.0,72.0,90.0,48.0,92.0,84.0
사랑해,6.0,0.0,4.0,2.0,2.0,4.0,0.0,0.0,4.0,0.0,2.0,0.0,0.0,0.0,0.0,0.0,0.0,0.0,0.0,2.0,0.0,0.0,0.0,0.0,0.0,2.0,0.0,0.0,2.0,0.0,2.0,0.0,2.0,0.0,0.0,0.0,0.0,0.0,0.0,0.0,0.0,0.0,0.0,0.0,0.0,0.0,0.0,0.0,0.0,0.0,0.0,0.0,0.0,0.0,0.0,0.0,0.0,0.0,0.0,0.0,0.0,0.0,0.0,0.0,2.0,0.0,2.0,0.0,0.0,0.0,0.0,0.0,0.0,0.0,0.0,0.0,0.0,0.0,0.0,0.0,0.0,0.0,0.0,0.0,0.0,0.0,0.0,2.0,2.0,0.0,2.0,0.0,2.0,0.0,0.0,2.0,0.0,0.0,0.0,0.0
도전,632.0,40.0,360.0,274.0,278.0,314.0,138.0,248.0,256.0,205.0,302.0,154.0,196.0,246.0,52.0,308.0,226.0,152.0,164.0,192.0,146.0,120.0,0.0,0.0,112.0,212.0,72.0,162.0,126.0,192.0,142.0,202.0,0.0,146.0,160.0,48.0,2.0,0.0,150.0,84.0,570.0,124.0,82.0,164.0,112.0,60.0,98.0,104.0,102.0,100.0,2.0,122.0,4.0,122.0,68.0,138.0,90.0,72.0,118.0,86.0,96.0,110.0,122.0,82.0,34.0,112.0,66.0,72.0,96.0,28.0,56.0,88.0,0.0,78.0,112.0,80.0,98.0,102.0,92.0,88.0,58.0,94.0,74.0,140.0,94.0,24.0,60.0,70.0,102.0,64.0,84.0,6.0,86.0,50.0,64.0,86.0,96.0,82.0,70.0,122.0
아이템,414.0,30.0,266.0,208.0,184.0,212.0,156.0,186.0,162.0,171.0,210.0,68.0,114.0,150.0,84.0,192.0,178.0,158.0,138.0,132.0,174.0,140.0,0.0,112.0,0.0,152.0,67.0,158.0,68.0,126.0,120.0,150.0,0.0,148.0,110.0,80.0,0.0,0.0,140.0,86.0,70.0,104.0,98.0,154.0,112.0,62.0,128.0,86.0,52.0,106.0,0.0,136.0,4.0,78.0,102.0,74.0,80.0,44.0,88.0,40.0,90.0,90.0,100.0,62.0,30.0,102.0,54.0,32.0,66.0,42.0,72.0,74.0,0.0,76.0,84.0,32.0,50.0,62.0,80.0,84.0,48.0,56.0,68.0,80.0,86.0,30.0,56.0,60.0,62.0,66.0,70.0,10.0,66.0,30.0,42.0,92.0,70.0,54.0,62.0,100.0
가지,794.0,56.0,478.0,358.0,440.0,396.0,238.0,424.0,276.0,286.0,402.0,128.0,260.0,300.0,128.0,332.0,280.0,270.0,184.0,286.0,288.0,144.0,2.0,212.0,152.0,0.0,101.0,254.0,138.0,244.0,232.0,276.0,0.0,238.0,210.0,90.0,0.0,2.0,206.0,124.0,136.0,190.0,138.0,218.0,172.0,100.0,190.0,162.0,92.0,126.0,2.0,182.0,4.0,160.0,156.0,170.0,194.0,74.0,134.0,72.0,184.0,140.0,194.0,142.0,66.0,178.0,102.0,88.0,80.0,72.0,82.0,128.0,0.0,146.0,174.0,54.0,122.0,152.0,138.0,162.0,102.0,112.0,150.0,138.0,162.0,42.0,74.0,134.0,150.0,100.0,116.0,32.0,132.0,70.0,94.0,120.0,122.0,134.0,140.0,176.0
재밌,530.0,29.0,259.0,173.0,199.0,201.0,88.0,160.0,157.0,119.0,193.0,56.0,138.0,131.0,56.0,197.0,109.0,105.0,83.0,109.0,151.0,79.0,0.0,72.0,67.0,101.0,0.0,87.0,58.0,137.0,117.0,100.0,0.0,118.0,89.0,48.0,1.0,0.0,82.0,64.0,55.0,59.0,54.0,129.0,98.0,49.0,87.0,66.0,46.0,55.0,2.0,61.0,0.0,95.0,70.0,66.0,66.0,48.0,68.0,47.0,80.0,47.0,53.0,39.0,58.0,70.0,48.0,32.0,37.0,22.0,44.0,39.0,0.0,81.0,76.0,22.0,35.0,43.0,60.0,60.0,33.0,47.0,50.0,63.0,63.0,14.0,40.0,61.0,57.0,41.0,69.0,6.0,42.0,31.0,33.0,50.0,44.0,28.0,57.0,65.0
경우,538.0,42.0,366.0,288.0,326.0,282.0,172.0,276.0,222.0,228.0,318.0,98.0,216.0,248.0,122.0,250.0,254.0,206.0,148.0,228.0,212.0,124.0,0.0,162.0,158.0,254.0,87.0,0.0,98.0,208.0,188.0,226.0,0.0,156.0,176.0,66.0,4.0,0.0,196.0,138.0,100.0,144.0,122.0,190.0,144.0,80.0,160.0,138.0,80.0,124.0,0.0,160.0,4.0,122.0,122.0,126.0,150.0,44.0,120.0,52.0,146.0,118.0,168.0,86.0,40.0,136.0,66.0,70.0,64.0,60.0,90.0,130.0,0.0,134.0,142.0,44.0,102.0,108.0,128.0,120.0,92.0,88.0,116.0,112.0,144.0,38.0,68.0,104.0,144.0,86.0,86.0,30.0,112.0,56.0,116.0,104.0,96.0,86.0,92.0,138.0
모드,402.0,42.0,244.0,182.0,192.0,188.0,140.0,196.0,170.0,133.0,186.0,56.0,140.0,162.0,64.0,152.0,126.0,112.0,100.0,130.0,120.0,84.0,2.0,126.0,68.0,138.0,58.0,98.0,0.0,142.0,104.0,118.0,2.0,124.0,94.0,38.0,0.0,0.0,106.0,46.0,92.0,86.0,66.0,112.0,82.0,68.0,74.0,86.0,78.0,58.0,0.0,102.0,4.0,66.0,72.0,104.0,104.0,48.0,74.0,54.0,90.0,68.0,90.0,44.0,40.0,94.0,38.0,28.0,64.0,30.0,32.0,68.0,0.0,68.0,74.0,32.0,40.0,62.0,72.0,68.0,66.0,50.0,68.0,72.0,90.0,18.0,64.0,56.0,84.0,64.0,58.0,10.0,70.0,16.0,40.0,60.0,46.0,48.0,70.0,86.0
어렵,822.0,48.0,476.0,288.0,384.0,374.0,186.0,336.0,300.0,315.0,400.0,224.0,252.0,418.0,116.0,358.0,252.0,242.0,150.0,266.0,256.0,172.0,0.0,192.0,126.0,244.0,137.0,208.0,142.0,0.0,194.0,220.0,0.0,196.0,200.0,72.0,2.0,0.0,168.0,122.0,136.0,114.0,120.0,228.0,188.0,84.0,180.0,144.0,108.0,130.0,0.0,158.0,0.0,118.0,148.0,132.0,200.0,100.0,152.0,82.0,168.0,134.0,172.0,114.0,54.0,136.0,108.0,74.0,92.0,40.0,62.0,122.0,0.0,126.0,134.0,58.0,80.0,138.0,140.0,108.0,78.0,98.0,136.0,140.0,130.0,26.0,80.0,100.0,120.0,84.0,104.0,16.0,76.0,64.0,84.0,116.0,108.0,64.0,114.0,128.0
모르,826.0,46.0,444.0,356.0,386.0,442.0,208.0,342.0,250.0,272.0,352.0,92.0,286.0,230.0,122.0,284.0,216.0,226.0,144.0,300.0,236.0,136.0,2.0,142.0,120.0,232.0,117.0,188.0,104.0,194.0,0.0,248.0,0.0,186.0,214.0,76.0,0.0,0.0,188.0,106.0,90.0,160.0,118.0,268.0,164.0,68.0,174.0,150.0,118.0,100.0,0.0,158.0,0.0,120.0,126.0,120.0,172.0,58.0,126.0,60.0,138.0,108.0,146.0,94.0,84.0,152.0,114.0,60.0,58.0,82.0,80.0,104.0,0.0,172.0,146.0,34.0,94.0,134.0,120.0,152.0,104.0,88.0,144.0,124.0,134.0,52.0,96.0,112.0,120.0,108.0,134.0,38.0,120.0,70.0,76.0,120.0,104.0,98.0,104.0,96.0
하나,730.0,48.0,446.0,356.0,392.0,374.0,202.0,380.0,300.0,250.0,400.0,120.0,284.0,242.0,128.0,272.0,248.0,210.0,198.0,276.0,254.0,138.0,0.0,202.0,150.0,276.0,100.0,226.0,118.0,220.0,248.0,0.0,0.0,212.0,226.0,92.0,2.0,0.0,218.0,124.0,134.0,182.0,130.0,236.0,164.0,98.0,168.0,172.0,94.0,118.0,4.0,182.0,0.0,144.0,138.0,170.0,170.0,68.0,150.0,70.0,156.0,152.0,160.0,118.0,62.0,166.0,102.0,62.0,70.0,72.0,98.0,120.0,0.0,160.0,154.0,44.0,114.0,148.0,158.0,148.0,104.0,92.0,140.0,122.0,152.0,46.0,88.0,124.0,140.0,102.0,122.0,30.0,120.0,80.0,82.0,124.0,122.0,102.0,106.0,152.0
박하민,0.0,0.0,0.0,0.0,0.0,0.0,0.0,0.0,0.0,0.0,0.0,0.0,0.0,0.0,0.0,0.0,0.0,0.0,0.0,2.0,0.0,0.0,2.0,0.0,0.0,0.0,0.0,0.0,2.0,0.0,0.0,0.0,0.0,0.0,0.0,0.0,0.0,0.0,0.0,0.0,0.0,0.0,0.0,0.0,0.0,0.0,0.0,0.0,0.0,0.0,0.0,0.0,0.0,0.0,0.0,0.0,0.0,0.0,0.0,0.0,0.0,0.0,0.0,0.0,0.0,0.0,0.0,0.0,0.0,0.0,0.0,0.0,0.0,0.0,0.0,0.0,0.0,0.0,0.0,0.0,0.0,0.0,0.0,0.0,0.0,0.0,0.0,2.0,0.0,0.0,0.0,0.0,0.0,0.0,0.0,0.0,0.0,0.0,0.0,0.0
요소,674.0,48.0,422.0,286.0,356.0,312.0,186.0,292.0,288.0,286.0,336.0,152.0,212.0,254.0,112.0,278.0,218.0,234.0,168.0,264.0,270.0,134.0,0.0,146.0,148.0,238.0,118.0,156.0,124.0,196.0,186.0,212.0,0.0,0.0,150.0,78.0,2.0,0.0,156.0,102.0,104.0,112.0,108.0,180.0,166.0,88.0,150.0,118.0,98.0,92.0,0.0,142.0,0.0,134.0,122.0,114.0,162.0,70.0,146.0,72.0,164.0,134.0,158.0,102.0,34.0,146.0,106.0,56.0,74.0,50.0,74.0,118.0,0.0,90.0,124.0,34.0,100.0,116.0,98.0,90.0,74.0,98.0,122.0,158.0,124.0,32.0,78.0,94.0,102.0,94.0,126.0,12.0,86.0,36.0,56.0,96.0,74.0,78.0,142.0,104.0
시작,650.0,48.0,370.0,294.0,344.0,342.0,176.0,300.0,200.0,244.0,310.0,104.0,238.0,206.0,86.0,284.0,236.0,176.0,154.0,218.0,202.0,118.0,0.0,160.0,110.0,210.0,89.0,176.0,94.0,200.0,214.0,226.0,0.0,150.0,0.0,64.0,2.0,0.0,154.0,90.0,102.0,136.0,106.0,288.0,120.0,78.0,166.0,126.0,88.0,92.0,0.0,136.0,0.0,124.0,116.0,106.0,142.0,82.0,114.0,40.0,140.0,114.0,132.0,104.0,48.0,128.0,92.0,46.0,66.0,68.0,56.0,130.0,0.0,132.0,120.0,40.0,84.0,128.0,142.0,116.0,100.0,74.0,114.0,108.0,132.0,36.0,76.0,96.0,136.0,78.0,86.0,30.0,130.0,48.0,88.0,110.0,102.0,96.0,84.0,118.0
무기,208.0,14.0,144.0,126.0,118.0,118.0,90.0,114.0,74.0,110.0,114.0,8.0,58.0,108.0,56.0,86.0,76.0,68.0,78.0,70.0,96.0,102.0,0.0,48.0,80.0,90.0,48.0,66.0,38.0,72.0,76.0,92.0,0.0,78.0,64.0,0.0,0.0,0.0,76.0,78.0,30.0,46.0,92.0,62.0,52.0,28.0,74.0,44.0,32.0,64.0,0.0,70.0,0.0,52.0,68.0,44.0,54.0,32.0,34.0,20.0,68.0,52.0,68.0,32.0,20.0,50.0,40.0,10.0,26.0,26.0,50.0,32.0,0.0,48.0,54.0,12.0,16.0,40.0,40.0,66.0,28.0,30.0,48.0,34.0,80.0,20.0,36.0,44.0,36.0,44.0,44.0,6.0,32.0,0.0,24.0,34.0,38.0,32.0,60.0,50.0
해파리,2.0,0.0,2.0,4.0,2.0,6.0,0.0,2.0,2.0,1.0,2.0,0.0,2.0,2.0,0.0,4.0,2.0,0.0,0.0,4.0,0.0,0.0,0.0,2.0,0.0,0.0,1.0,4.0,0.0,2.0,0.0,2.0,0.0,2.0,2.0,0.0,0.0,0.0,4.0,2.0,2.0,0.0,2.0,2.0,0.0,0.0,2.0,2.0,0.0,0.0,0.0,2.0,0.0,2.0,0.0,0.0,0.0,0.0,0.0,0.0,0.0,0.0,0.0,0.0,0.0,0.0,0.0,0.0,0.0,0.0,2.0,0.0,0.0,2.0,0.0,0.0,0.0,0.0,2.0,2.0,0.0,0.0,4.0,2.0,0.0,0.0,0.0,0.0,2.0,0.0,0.0,0.0,0.0,0.0,0.0,0.0,2.0,0.0,0.0,2.0
당근,2.0,0.0,0.0,0.0,0.0,2.0,0.0,0.0,0.0,0.0,0.0,0.0,0.0,0.0,0.0,0.0,0.0,0.0,0.0,0.0,0.0,0.0,0.0,0.0,0.0,2.0,0.0,0.0,0.0,0.0,0.0,0.0,0.0,0.0,0.0,0.0,0.0,0.0,0.0,0.0,0.0,0.0,0.0,0.0,0.0,0.0,0.0,0.0,0.0,0.0,0.0,0.0,0.0,0.0,0.0,0.0,0.0,0.0,0.0,0.0,0.0,0.0,0.0,0.0,0.0,0.0,0.0,0.0,0.0,0.0,0.0,0.0,0.0,0.0,0.0,0.0,0.0,0.0,0.0,0.0,0.0,0.0,0.0,0.0,0.0,2.0,0.0,0.0,0.0,0.0,0.0,0.0,0.0,0.0,0.0,0.0,0.0,0.0,0.0,0.0
필요,612.0,50.0,368.0,270.0,318.0,308.0,210.0,296.0,198.0,219.0,324.0,84.0,226.0,210.0,132.0,236.0,226.0,196.0,152.0,250.0,186.0,98.0,0.0,150.0,140.0,206.0,82.0,196.0,106.0,168.0,188.0,218.0,0.0,156.0,154.0,76.0,4.0,0.0,0.0,96.0,104.0,134.0,92.0,160.0,106.0,94.0,162.0,134.0,110.0,112.0,2.0,154.0,0.0,130.0,122.0,120.0,140.0,52.0,132.0,38.0,134.0,114.0,136.0,80.0,50.0,160.0,76.0,54.0,50.0,86.0,86.0,88.0,0.0,120.0,124.0,44.0,82.0,104.0,114.0,116.0,80.0,78.0,114.0,102.0,142.0,54.0,90.0,80.0,106.0,98.0,102.0,34.0,120.0,36.0,66.0,118.0,92.0,84.0,112.0,112.0
전투,342.0,28.0,212.0,178.0,180.0,162.0,90.0,144.0,156.0,157.0,192.0,46.0,98.0,138.0,74.0,170.0,138.0,134.0,126.0,124.0,154.0,140.0,0.0,84.0,86.0,124.0,64.0,138.0,46.0,122.0,106.0,124.0,0.0,102.0,90.0,78.0,2.0,0.0,96.0,0.0,48.0,60.0,122.0,102.0,124.0,50.0,88.0,62.0,64.0,74.0,0.0,86.0,0.0,70.0,82.0,58.0,74.0,28.0,78.0,42.0,88.0,98.0,74.0,54.0,16.0,66.0,74.0,32.0,54.0,32.0,80.0,54.0,0.0,50.0,76.0,34.0,42.0,60.0,68.0,68.0,40.0,64.0,54.0,60.0,86.0,20.0,36.0,52.0,62.0,68.0,82.0,10.0,48.0,4.0,44.0,74.0,52.0,52.0,62.0,60.0
과제,430.0,30.0,246.0,186.0,176.0,248.0,84.0,142.0,172.0,137.0,206.0,116.0,128.0,172.0,30.0,206.0,162.0,96.0,108.0,128.0,102.0,66.0,0.0,570.0,70.0,136.0,55.0,100.0,92.0,136.0,90.0,134.0,0.0,104.0,102.0,30.0,2.0,0.0,104.0,48.0,0.0,86.0,52.0,110.0,68.0,40.0,66.0,88.0,76.0,66.0,0.0,92.0,4.0,96.0,46.0,90.0,64.0,50.0,76.0,54.0,56.0,70.0,80.0,50.0,24.0,74.0,44.0,58.0,78.0,18.0,42.0,58.0,0.0,54.0,70.0,56.0,78.0,56.0,74.0,54.0,36.0,58.0,38.0,112.0,60.0,18.0,38.0,34.0,50.0,56.0,44.0,0.0,44.0,34.0,44.0,66.0,70.0,56.0,48.0,88.0
선택,442.0,40.0,306.0,208.0,260.0,224.0,122.0,218.0,192.0,151.0,222.0,42.0,146.0,116.0,78.0,214.0,182.0,152.0,158.0,156.0,152.0,86.0,0.0,124.0,104.0,190.0,59.0,144.0,86.0,114.0,160.0,182.0,0.0,112.0,136.0,46.0,0.0,0.0,134.0,60.0,86.0,0.0,72.0,130.0,100.0,74.0,100.0,86.0,56.0,76.0,0.0,120.0,0.0,74.0,106.0,92.0,98.0,42.0,72.0,50.0,78.0,100.0,90.0,88.0,40.0,102.0,68.0,28.0,62.0,24.0,46.0,96.0,0.0,118.0,84.0,38.0,76.0,80.0,92.0,80.0,72.0,58.0,74.0,100.0,86.0,30.0,50.0,82.0,92.0,68.0,84.0,20.0,82.0,34.0,50.0,64.0,86.0,86.0,78.0,84.0
공격,308.0,20.0,206.0,182.0,180.0,180.0,100.0,174.0,110.0,144.0,194.0,22.0,110.0,154.0,62.0,146.0,112.0,114.0,128.0,128.0,132.0,144.0,0.0,82.0,98.0,138.0,54.0,122.0,66.0,120.0,118.0,130.0,0.0,108.0,106.0,92.0,2.0,0.0,92.0,122.0,52.0,72.0,0.0,118.0,84.0,44.0,98.0,78.0,46.0,78.0,0.0,116.0,0.0,78.0,106.0,56.0,58.0,52.0,74.0,36.0,110.0,76.0,86.0,64.0,22.0,80.0,76.0,24.0,46.0,20.0,54.0,68.0,0.0,58.0,82.0,26.0,44.0,68.0,66.0,76.0,40.0,80.0,70.0,78.0,112.0,18.0,44.0,72.0,82.0,52.0,72.0,10.0,60.0,20.0,46.0,70.0,72.0,64.0,64.0,66.0
처음,748.0,46.0,388.0,346.0,374.0,348.0,196.0,320.0,226.0,285.0,330.0,126.0,272.0,238.0,118.0,282.0,226.0,228.0,172.0,276.0,248.0,140.0,0.0,164.0,154.0,218.0,129.0,190.0,112.0,228.0,268.0,236.0,0.0,180.0,288.0,62.0,2.0,0.0,160.0,102.0,110.0,130.0,118.0,0.0,150.0,90.0,158.0,150.0,98.0,108.0,0.0,128.0,0.0,140.0,118.0,142.0,150.0,60.0,140.0,64.0,136.0,130.0,134.0,88.0,54.0,132.0,92.0,60.0,78.0,58.0,98.0,116.0,0.0,158.0,124.0,42.0,98.0,144.0,132.0,162.0,82.0,98.0,130.0,132.0,142.0,36.0,78.0,124.0,124.0,72.0,116.0,26.0,100.0,62.0,84.0,120.0,114.0,92.0,92.0,134.0
아쉽,630.0,56.0,360.0,268.0,302.0,280.0,154.0,224.0,248.0,220.0,286.0,114.0,154.0,222.0,100.0,226.0,190.0,236.0,158.0,168.0,254.0,120.0,0.0,112.0,112.0,172.0,98.0,144.0,82.0,188.0,164.0,164.0,0.0,166.0,120.0,52.0,0.0,0.0,106.0,124.0,68.0,100.0,84.0,150.0,0.0,94.0,116.0,80.0,84.0,86.0,0.0,102.0,0.0,106.0,108.0,140.0,126.0,60.0,132.0,74.0,136.0,84.0,102.0,76.0,30.0,114.0,78.0,62.0,58.0,26.0,58.0,82.0,0.0,84.0,122.0,30.0,82.0,80.0,118.0,82.0,68.0,76.0,82.0,114.0,98.0,16.0,70.0,118.0,84.0,72.0,150.0,8.0,62.0,34.0,60.0,70.0,64.0,34.0,90.0,90.0
번역,334.0,34.0,198.0,162.0,154.0,150.0,112.0,134.0,152.0,107.0,168.0,52.0,98.0,98.0,60.0,152.0,124.0,128.0,96.0,128.0,112.0,66.0,0.0,60.0,62.0,100.0,49.0,80.0,68.0,84.0,68.0,98.0,0.0,88.0,78.0,28.0,0.0,0.0,94.0,50.0,40.0,74.0,44.0,90.0,94.0,0.0,92.0,60.0,150.0,36.0,0.0,66.0,0.0,38.0,52.0,70.0,82.0,20.0,82.0,48.0,60.0,74.0,52.0,48.0,16.0,86.0,46.0,22.0,34.0,36.0,52.0,50.0,0.0,56.0,46.0,18.0,54.0,48.0,72.0,32.0,50.0,30.0,46.0,46.0,74.0,16.0,76.0,50.0,60.0,50.0,72.0,10.0,48.0,36.0,28.0,50.0,24.0,30.0,54.0,80.0
초반,484.0,30.0,286.0,254.0,302.0,284.0,110.0,242.0,188.0,214.0,266.0,84.0,170.0,180.0,114.0,242.0,192.0,164.0,120.0,176.0,210.0,106.0,0.0,98.0,128.0,190.0,87.0,160.0,74.0,180.0,174.0,168.0,0.0,150.0,166.0,74.0,2.0,0.0,162.0,88.0,66.0,100.0,98.0,158.0,116.0,92.0,0.0,114.0,80.0,102.0,2.0,144.0,0.0,108.0,94.0,92.0,108.0,38.0,112.0,24.0,136.0,82.0,114.0,74.0,36.0,126.0,100.0,22.0,64.0,64.0,94.0,66.0,0.0,114.0,108.0,34.0,52.0,84.0,106.0,106.0,58.0,62.0,100.0,82.0,106.0,42.0,80.0,100.0,94.0,84.0,84.0,40.0,90.0,24.0,82.0,104.0,68.0,66.0,96.0,118.0
이상,452.0,32.0,262.0,220.0,254.0,272.0,128.0,226.0,146.0,153.0,256.0,64.0,204.0,154.0,70.0,194.0,162.0,136.0,116.0,200.0,156.0,86.0,0.0,104.0,86.0,162.0,66.0,138.0,86.0,144.0,150.0,172.0,0.0,118.0,126.0,44.0,2.0,0.0,134.0,62.0,88.0,86.0,78.0,150.0,80.0,60.0,114.0,0.0,60.0,62.0,0.0,110.0,4.0,78.0,76.0,114.0,108.0,40.0,100.0,40.0,100.0,86.0,118.0,58.0,46.0,98.0,66.0,34.0,50.0,48.0,42.0,60.0,2.0,104.0,80.0,30.0,54.0,100.0,104.0,96.0,70.0,52.0,80.0,100.0,106.0,36.0,44.0,50.0,74.0,74.0,76.0,20.0,88.0,28.0,48.0,76.0,88.0,64.0,68.0,112.0
한글,406.0,28.0,250.0,194.0,182.0,192.0,106.0,158.0,160.0,126.0,188.0,62.0,120.0,136.0,64.0,166.0,120.0,116.0,80.0,142.0,122.0,68.0,0.0,102.0,52.0,92.0,46.0,80.0,78.0,108.0,118.0,94.0,0.0,98.0,88.0,32.0,0.0,0.0,110.0,64.0,76.0,56.0,46.0,98.0,84.0,150.0,80.0,60.0,0.0,42.0,0.0,80.0,0.0,74.0,68.0,78.0,94.0,14.0,94.0,32.0,86.0,62.0,56.0,46.0,22.0,70.0,52.0,30.0,30.0,38.0,46.0,60.0,0.0,54.0,72.0,32.0,48.0,50.0,54.0,36.0,40.0,34.0,42.0,76.0,66.0,20.0,140.0,60.0,48.0,38.0,54.0,16.0,46.0,34.0,24.0,48.0,42.0,34.0,60.0,58.0
레벨,342.0,14.0,224.0,184.0,186.0,162.0,120.0,178.0,106.0,132.0,174.0,56.0,120.0,168.0,66.0,160.0,126.0,110.0,88.0,120.0,124.0,98.0,0.0,100.0,106.0,126.0,55.0,124.0,58.0,130.0,100.0,118.0,0.0,92.0,92.0,64.0,0.0,0.0,112.0,74.0,66.0,76.0,78.0,108.0,86.0,36.0,102.0,62.0,42.0,0.0,2.0,94.0,0.0,72.0,80.0,80.0,86.0,46.0,68.0,28.0,72.0,70.0,100.0,36.0,22.0,94.0,52.0,34.0,32.0,30.0,62.0,48.0,0.0,56.0,84.0,28.0,48.0,70.0,58.0,78.0,60.0,48.0,70.0,70.0,82.0,22.0,52.0,48.0,58.0,54.0,40.0,8.0,60.0,8.0,48.0,74.0,44.0,48.0,58.0,98.0
쿠키,8.0,0.0,6.0,2.0,2.0,2.0,0.0,4.0,0.0,6.0,2.0,0.0,2.0,0.0,0.0,4.0,2.0,2.0,0.0,0.0,4.0,0.0,0.0,2.0,0.0,2.0,2.0,0.0,0.0,0.0,0.0,4.0,0.0,0.0,0.0,0.0,0.0,0.0,2.0,0.0,0.0,0.0,0.0,0.0,0.0,0.0,2.0,0.0,0.0,2.0,0.0,0.0,0.0,2.0,0.0,2.0,0.0,2.0,0.0,0.0,0.0,0.0,2.0,0.0,6.0,0.0,0.0,0.0,0.0,2.0,0.0,0.0,0.0,0.0,0.0,0.0,0.0,0.0,2.0,0.0,0.0,0.0,0.0,0.0,0.0,0.0,2.0,0.0,0.0,2.0,0.0,0.0,0.0,0.0,0.0,0.0,0.0,0.0,0.0,0.0
사용,436.0,36.0,294.0,232.0,230.0,230.0,160.0,234.0,160.0,160.0,240.0,72.0,156.0,178.0,90.0,198.0,182.0,148.0,112.0,174.0,164.0,114.0,0.0,122.0,136.0,182.0,61.0,160.0,102.0,158.0,158.0,182.0,0.0,142.0,136.0,70.0,2.0,0.0,154.0,86.0,92.0,120.0,116.0,128.0,102.0,66.0,144.0,110.0,80.0,94.0,0.0,0.0,4.0,98.0,90.0,90.0,114.0,46.0,90.0,28.0,110.0,88.0,132.0,64.0,36.0,120.0,70.0,38.0,70.0,54.0,48.0,86.0,0.0,106.0,96.0,50.0,60.0,86.0,94.0,94.0,88.0,66.0,88.0,106.0,108.0,40.0,56.0,90.0,74.0,90.0,70.0,20.0,90.0,30.0,66.0,70.0,86.0,82.0,84.0,112.0
니코,4.0,0.0,4.0,4.0,0.0,8.0,0.0,0.0,8.0,0.0,4.0,8.0,0.0,0.0,0.0,4.0,4.0,4.0,0.0,0.0,4.0,0.0,0.0,4.0,4.0,4.0,0.0,4.0,4.0,0.0,0.0,0.0,0.0,0.0,0.0,0.0,0.0,0.0,0.0,0.0,4.0,0.0,0.0,0.0,0.0,0.0,0.0,4.0,0.0,0.0,0.0,4.0,0.0,0.0,0.0,0.0,0.0,0.0,0.0,0.0,0.0,0.0,4.0,4.0,0.0,0.0,4.0,0.0,4.0,0.0,0.0,0.0,0.0,0.0,4.0,0.0,4.0,0.0,0.0,4.0,0.0,0.0,0.0,4.0,0.0,0.0,0.0,0.0,0.0,0.0,0.0,0.0,4.0,0.0,0.0,0.0,4.0,0.0,0.0,4.0
구매,502.0,34.0,318.0,190.0,270.0,216.0,140.0,190.0,168.0,186.0,214.0,82.0,150.0,148.0,76.0,226.0,162.0,154.0,108.0,144.0,144.0,86.0,0.0,122.0,78.0,160.0,95.0,122.0,66.0,118.0,120.0,144.0,0.0,134.0,124.0,52.0,2.0,0.0,130.0,70.0,96.0,74.0,78.0,140.0,106.0,38.0,108.0,78.0,74.0,72.0,2.0,98.0,0.0,0.0,94.0,122.0,92.0,30.0,100.0,44.0,98.0,84.0,92.0,52.0,32.0,76.0,52.0,60.0,32.0,24.0,42.0,76.0,0.0,72.0,88.0,44.0,62.0,76.0,62.0,64.0,48.0,66.0,66.0,90.0,94.0,18.0,60.0,76.0,80.0,54.0,80.0,14.0,60.0,22.0,40.0,58.0,60.0,60.0,78.0,80.0
시스템,396.0,40.0,268.0,190.0,222.0,186.0,122.0,212.0,148.0,162.0,224.0,34.0,160.0,162.0,80.0,168.0,136.0,160.0,124.0,178.0,160.0,98.0,0.0,68.0,102.0,156.0,70.0,122.0,72.0,148.0,126.0,138.0,0.0,122.0,116.0,68.0,0.0,0.0,122.0,82.0,46.0,106.0,106.0,118.0,108.0,52.0,94.0,76.0,68.0,80.0,0.0,90.0,0.0,94.0,0.0,68.0,118.0,46.0,102.0,44.0,134.0,64.0,110.0,62.0,16.0,124.0,70.0,40.0,30.0,30.0,58.0,68.0,0.0,78.0,78.0,32.0,42.0,76.0,74.0,88.0,50.0,58.0,114.0,70.0,122.0,28.0,70.0,76.0,86.0,60.0,80.0,22.0,80.0,28.0,40.0,66.0,52.0,60.0,82.0,74.0
가격,546.0,36.0,330.0,208.0,272.0,288.0,132.0,196.0,190.0,185.0,278.0,92.0,146.0,224.0,72.0,258.0,178.0,160.0,146.0,178.0,166.0,78.0,0.0,138.0,74.0,170.0,66.0,126.0,104.0,132.0,120.0,170.0,0.0,114.0,106.0,44.0,0.0,0.0,120.0,58.0,90.0,92.0,56.0,142.0,140.0,70.0,92.0,114.0,78.0,80.0,2.0,90.0,0.0,122.0,68.0,0.0,112.0,48.0,134.0,60.0,122.0,100.0,116.0,68.0,22.0,92.0,70.0,40.0,44.0,30.0,32.0,84.0,0.0,80.0,104.0,30.0,62.0,90.0,78.0,84.0,60.0,68.0,78.0,110.0,84.0,12.0,62.0,78.0,82.0,50.0,56.0,6.0,72.0,54.0,50.0,68.0,64.0,60.0,96.0,112.0
자체,564.0,38.0,342.0,242.0,288.0,266.0,154.0,240.0,242.0,188.0,278.0,126.0,184.0,198.0,108.0,218.0,180.0,198.0,124.0,222.0,196.0,94.0,0.0,90.0,80.0,194.0,66.0,150.0,104.0,200.0,172.0,170.0,0.0,162.0,142.0,54.0,0.0,0.0,140.0,74.0,64.0,98.0,58.0,150.0,126.0,82.0,108.0,108.0,94.0,86.0,0.0,114.0,0.0,92.0,118.0,112.0,0.0,48.0,150.0,54.0,140.0,84.0,124.0,92.0,42.0,130.0,88.0,70.0,48.0,38.0,36.0,96.0,2.0,102.0,114.0,38.0,72.0,98.0,90.0,86.0,82.0,78.0,130.0,102.0,116.0,18.0,68.0,82.0,90.0,66.0,68.0,14.0,80.0,42.0,62.0,86.0,62.0,78.0,92.0,78.0
스테이지,270.0,8.0,156.0,118.0,124.0,128.0,76.0,90.0,72.0,104.0,110.0,66.0,62.0,124.0,22.0,96.0,84.0,58.0,50.0,82.0,80.0,68.0,0.0,72.0,44.0,74.0,48.0,44.0,48.0,100.0,58.0,68.0,0.0,70.0,82.0,32.0,0.0,0.0,52.0,28.0,50.0,42.0,52.0,60.0,60.0,20.0,38.0,40.0,14.0,46.0,2.0,46.0,0.0,30.0,46.0,48.0,48.0,0.0,22.0,28.0,42.0,52.0,44.0,22.0,24.0,40.0,32.0,24.0,6.0,6.0,10.0,20.0,0.0,34.0,48.0,26.0,14.0,36.0,48.0,42.0,26.0,28.0,40.0,56.0,54.0,4.0,32.0,30.0,32.0,20.0,42.0,0.0,34.0,24.0,30.0,32.0,42.0,14.0,46.0,50.0
그래픽,536.0,44.0,314.0,236.0,258.0,216.0,106.0,196.0,230.0,177.0,236.0,94.0,160.0,226.0,72.0,234.0,148.0,174.0,116.0,230.0,190.0,94.0,0.0,118.0,88.0,134.0,68.0,120.0,74.0,152.0,126.0,150.0,0.0,146.0,114.0,34.0,0.0,0.0,132.0,78.0,76.0,72.0,74.0,140.0,132.0,82.0,112.0,100.0,94.0,68.0,0.0,90.0,0.0,100.0,102.0,134.0,150.0,22.0,0.0,58.0,144.0,86.0,112.0,68.0,40.0,94.0,76.0,48.0,46.0,32.0,46.0,82.0,0.0,80.0,92.0,36.0,64.0,86.0,82.0,80.0,54.0,98.0,86.0,108.0,94.0,22.0,44.0,74.0,80.0,58.0,100.0,10.0,64.0,32.0,42.0,70.0,52.0,68.0,108.0,58.0
전작,254.0,22.0,172.0,124.0,116.0,98.0,72.0,98.0,156.0,100.0,112.0,86.0,88.0,104.0,18.0,150.0,86.0,88.0,62.0,108.0,98.0,60.0,0.0,86.0,40.0,72.0,47.0,52.0,54.0,82.0,60.0,70.0,0.0,72.0,40.0,20.0,0.0,0.0,38.0,42.0,54.0,50.0,36.0,64.0,74.0,48.0,24.0,40.0,32.0,28.0,0.0,28.0,0.0,44.0,44.0,60.0,54.0,28.0,58.0,0.0,42.0,50.0,44.0,40.0,12.0,36.0,24.0,82.0,28.0,6.0,14.0,28.0,0.0,32.0,50.0,20.0,50.0,32.0,52.0,32.0,28.0,38.0,52.0,52.0,50.0,2.0,12.0,32.0,44.0,30.0,38.0,0.0,36.0,32.0,16.0,30.0,58.0,18.0,32.0,54.0
단점,510.0,40.0,312.0,222.0,292.0,260.0,132.0,246.0,214.0,201.0,276.0,80.0,196.0,194.0,110.0,202.0,178.0,172.0,124.0,232.0,196.0,114.0,0.0,96.0,90.0,184.0,80.0,146.0,90.0,168.0,138.0,156.0,0.0,164.0,140.0,68.0,0.0,0.0,134.0,88.0,56.0,78.0,110.0,136.0,136.0,60.0,136.0,100.0,86.0,72.0,0.0,110.0,0.0,98.0,134.0,122.0,140.0,42.0,144.0,42.0,0.0,98.0,116.0,72.0,14.0,104.0,82.0,64.0,66.0,36.0,74.0,100.0,0.0,102.0,118.0,30.0,66.0,106.0,94.0,92.0,76.0,86.0,116.0,102.0,114.0,32.0,60.0,98.0,94.0,70.0,96.0,16.0,64.0,42.0,74.0,78.0,72.0,76.0,284.0,100.0
방식,454.0,22.0,296.0,190.0,226.0,166.0,122.0,188.0,158.0,164.0,210.0,102.0,134.0,158.0,76.0,182.0,184.0,124.0,120.0,156.0,126.0,94.0,0.0,110.0,90.0,140.0,47.0,118.0,68.0,134.0,108.0,152.0,0.0,134.0,114.0,52.0,0.0,0.0,114.0,98.0,70.0,100.0,76.0,130.0,84.0,74.0,82.0,86.0,62.0,70.0,0.0,88.0,0.0,84.0,64.0,100.0,84.0,52.0,86.0,50.0,98.0,0.0,94.0,64.0,20.0,108.0,70.0,54.0,40.0,22.0,68.0,90.0,0.0,58.0,90.0,28.0,58.0,84.0,84.0,48.0,76.0,80.0,86.0,88.0,74.0,14.0,54.0,52.0,82.0,82.0,86.0,6.0,54.0,38.0,50.0,62.0,72.0,58.0,80.0,74.0
존재,430.0,38.0,272.0,198.0,234.0,240.0,114.0,228.0,188.0,153.0,250.0,80.0,188.0,174.0,78.0,182.0,146.0,140.0,110.0,190.0,188.0,102.0,0.0,122.0,100.0,194.0,53.0,168.0,90.0,172.0,146.0,160.0,0.0,158.0,132.0,68.0,0.0,0.0,136.0,74.0,80.0,90.0,86.0,134.0,102.0,52.0,114.0,118.0,56.0,100.0,2.0,132.0,4.0,92.0,110.0,116.0,124.0,44.0,112.0,44.0,116.0,94.0,0.0,86.0,28.0,102.0,46.0,44.0,52.0,36.0,50.0,102.0,0.0,84.0,84.0,30.0,70.0,100.0,78.0,98.0,68.0,66.0,122.0,98.0,124.0,28.0,58.0,64.0,94.0,64.0,56.0,18.0,66.0,20.0,50.0,92.0,96.0,82.0,86.0,106.0
주인공,358.0,20.0,226.0,170.0,194.0,178.0,70.0,180.0,222.0,122.0,196.0,88.0,94.0,114.0,48.0,162.0,158.0,108.0,94.0,146.0,132.0,72.0,0.0,82.0,62.0,142.0,39.0,86.0,44.0,114.0,94.0,118.0,0.0,102.0,104.0,32.0,0.0,0.0,80.0,54.0,50.0,88.0,64.0,88.0,76.0,48.0,74.0,58.0,46.0,36.0,0.0,64.0,4.0,52.0,62.0,68.0,92.0,22.0,68.0,40.0,72.0,64.0,86.0,0.0,22.0,62.0,50.0,30.0,50.0,12.0,42.0,92.0,0.0,70.0,88.0,6.0,108.0,74.0,54.0,70.0,32.0,54.0,86.0,80.0,60.0,12.0,22.0,60.0,98.0,42.0,62.0,4.0,56.0,32.0,30.0,52.0,72.0,54.0,54.0,78.0
친구,292.0,66.0,130.0,88.0,82.0,122.0,46.0,80.0,44.0,97.0,92.0,40.0,68.0,58.0,32.0,110.0,48.0,38.0,46.0,76.0,56.0,30.0,2.0,34.0,30.0,66.0,58.0,40.0,40.0,54.0,84.0,62.0,0.0,34.0,48.0,20.0,0.0,0.0,50.0,16.0,24.0,40.0,22.0,54.0,30.0,16.0,36.0,46.0,22.0,22.0,6.0,36.0,0.0,32.0,16.0,22.0,42.0,24.0,40.0,12.0,14.0,20.0,28.0,22.0,0.0,34.0,20.0,16.0,16.0,10.0,18.0,26.0,0.0,40.0,30.0,4.0,16.0,24.0,46.0,42.0,20.0,12.0,30.0,26.0,22.0,10.0,16.0,28.0,38.0,20.0,22.0,6.0,28.0,20.0,10.0,32.0,36.0,32.0,18.0,26.0
문제,448.0,50.0,280.0,190.0,262.0,218.0,142.0,226.0,162.0,163.0,260.0,58.0,160.0,166.0,90.0,160.0,170.0,186.0,126.0,188.0,148.0,78.0,0.0,112.0,102.0,178.0,70.0,136.0,94.0,136.0,152.0,166.0,0.0,146.0,128.0,50.0,0.0,0.0,160.0,66.0,74.0,102.0,80.0,132.0,114.0,86.0,126.0,98.0,70.0,94.0,0.0,120.0,0.0,76.0,124.0,92.0,130.0,40.0,94.0,36.0,104.0,108.0,102.0,62.0,34.0,0.0,82.0,36.0,42.0,44.0,62.0,62.0,0.0,70.0,88.0,14.0,56.0,82.0,86.0,74.0,76.0,60.0,90.0,72.0,114.0,24.0,78.0,68.0,86.0,78.0,78.0,28.0,62.0,32.0,40.0,80.0,58.0,52.0,80.0,86.0
중간,318.0,20.0,198.0,162.0,166.0,142.0,92.0,132.0,136.0,112.0,146.0,76.0,88.0,118.0,60.0,136.0,126.0,128.0,82.0,120.0,130.0,76.0,2.0,66.0,54.0,102.0,48.0,66.0,38.0,108.0,114.0,102.0,0.0,106.0,92.0,40.0,0.0,0.0,76.0,74.0,44.0,68.0,76.0,92.0,78.0,46.0,100.0,66.0,52.0,52.0,0.0,70.0,4.0,52.0,70.0,70.0,88.0,32.0,76.0,24.0,82.0,70.0,46.0,50.0,20.0,82.0,0.0,34.0,34.0,34.0,22.0,46.0,0.0,66.0,68.0,22.0,38.0,68.0,78.0,60.0,28.0,30.0,60.0,54.0,64.0,18.0,32.0,42.0,48.0,52.0,48.0,12.0,54.0,16.0,20.0,66.0,52.0,28.0,62.0,54.0
시리즈,238.0,12.0,150.0,118.0,106.0,86.0,54.0,100.0,102.0,80.0,94.0,86.0,74.0,92.0,34.0,116.0,82.0,68.0,38.0,106.0,82.0,42.0,0.0,72.0,32.0,88.0,32.0,70.0,28.0,74.0,60.0,62.0,0.0,56.0,46.0,10.0,0.0,0.0,54.0,32.0,58.0,28.0,24.0,60.0,62.0,22.0,22.0,34.0,30.0,34.0,0.0,38.0,0.0,60.0,40.0,40.0,70.0,24.0,48.0,82.0,64.0,54.0,44.0,30.0,16.0,36.0,34.0,0.0,26.0,4.0,12.0,32.0,2.0,32.0,50.0,14.0,40.0,36.0,36.0,34.0,24.0,36.0,62.0,46.0,28.0,6.0,10.0,34.0,40.0,28.0,26.0,2.0,30.0,18.0,16.0,28.0,30.0,28.0,38.0,48.0
회차,222.0,18.0,162.0,96.0,118.0,114.0,58.0,78.0,142.0,93.0,120.0,52.0,74.0,110.0,32.0,118.0,104.0,72.0,92.0,74.0,90.0,80.0,0.0,96.0,66.0,80.0,37.0,64.0,64.0,92.0,58.0,70.0,0.0,74.0,66.0,26.0,0.0,0.0,50.0,54.0,78.0,62.0,46.0,78.0,58.0,34.0,64.0,50.0,30.0,32.0,0.0,70.0,4.0,32.0,30.0,44.0,48.0,6.0,46.0,28.0,66.0,40.0,52.0,50.0,16.0,42.0,34.0,26.0,0.0,4.0,32.0,38.0,0.0,38.0,54.0,12.0,48.0,48.0,32.0,44.0,30.0,40.0,42.0,70.0,40.0,10.0,30.0,48.0,44.0,36.0,30.0,6.0,34.0,10.0,20.0,32.0,54.0,32.0,54.0,52.0
건물,176.0,10.0,86.0,96.0,102.0,88.0,46.0,126.0,30.0,57.0,94.0,8.0,62.0,54.0,62.0,82.0,56.0,58.0,18.0,60.0,64.0,18.0,0.0,28.0,42.0,72.0,22.0,60.0,30.0,40.0,82.0,72.0,0.0,50.0,68.0,26.0,0.0,0.0,86.0,32.0,18.0,24.0,20.0,58.0,26.0,36.0,64.0,48.0,38.0,30.0,2.0,54.0,0.0,24.0,30.0,30.0,38.0,6.0,32.0,6.0,36.0,22.0,36.0,12.0,10.0,44.0,34.0,4.0,4.0,0.0,18.0,24.0,0.0,42.0,34.0,4.0,10.0,38.0,46.0,32.0,30.0,10.0,26.0,12.0,44.0,38.0,28.0,22.0,24.0,42.0,24.0,36.0,54.0,4.0,52.0,38.0,14.0,28.0,34.0,48.0
퀘스트,220.0,16.0,154.0,114.0,148.0,136.0,80.0,116.0,108.0,99.0,110.0,16.0,84.0,68.0,56.0,106.0,108.0,68.0,76.0,94.0,84.0,42.0,0.0,56.0,72.0,82.0,44.0,90.0,32.0,62.0,80.0,98.0,0.0,74.0,56.0,50.0,2.0,0.0,86.0,80.0,42.0,46.0,54.0,98.0,58.0,52.0,94.0,42.0,46.0,62.0,0.0,48.0,0.0,42.0,58.0,32.0,36.0,10.0,46.0,14.0,74.0,68.0,50.0,42.0,18.0,62.0,22.0,12.0,32.0,18.0,0.0,38.0,0.0,42.0,48.0,6.0,20.0,42.0,38.0,44.0,26.0,30.0,38.0,46.0,54.0,28.0,50.0,36.0,46.0,58.0,46.0,6.0,30.0,12.0,30.0,52.0,42.0,28.0,48.0,56.0
플레이어,316.0,34.0,242.0,128.0,190.0,168.0,84.0,170.0,156.0,143.0,184.0,78.0,110.0,112.0,62.0,160.0,138.0,124.0,106.0,156.0,124.0,68.0,0.0,88.0,74.0,128.0,39.0,130.0,68.0,122.0,104.0,120.0,0.0,118.0,130.0,32.0,0.0,0.0,88.0,54.0,58.0,96.0,68.0,116.0,82.0,50.0,66.0,60.0,60.0,48.0,0.0,86.0,0.0,76.0,68.0,84.0,96.0,20.0,82.0,28.0,100.0,90.0,102.0,92.0,26.0,62.0,46.0,32.0,38.0,24.0,38.0,0.0,0.0,70.0,82.0,24.0,74.0,84.0,80.0,64.0,46.0,80.0,80.0,88.0,64.0,12.0,26.0,72.0,94.0,54.0,44.0,4.0,58.0,36.0,56.0,50.0,60.0,66.0,64.0,66.0
아델라,2.0,0.0,0.0,2.0,0.0,0.0,0.0,2.0,2.0,0.0,0.0,0.0,0.0,0.0,0.0,0.0,0.0,0.0,0.0,0.0,0.0,0.0,0.0,0.0,0.0,0.0,0.0,0.0,0.0,0.0,0.0,0.0,0.0,0.0,0.0,0.0,0.0,0.0,0.0,0.0,0.0,0.0,0.0,0.0,0.0,0.0,0.0,2.0,0.0,0.0,0.0,0.0,0.0,0.0,0.0,0.0,2.0,0.0,0.0,0.0,0.0,0.0,0.0,0.0,0.0,0.0,0.0,2.0,0.0,0.0,0.0,0.0,0.0,0.0,0.0,0.0,2.0,0.0,0.0,0.0,2.0,0.0,0.0,0.0,0.0,0.0,0.0,0.0,0.0,0.0,0.0,0.0,0.0,0.0,0.0,2.0,0.0,2.0,0.0,0.0
이렇,424.0,34.0,238.0,200.0,248.0,228.0,126.0,222.0,142.0,170.0,194.0,68.0,158.0,122.0,82.0,194.0,130.0,134.0,112.0,150.0,150.0,76.0,0.0,78.0,76.0,146.0,81.0,134.0,68.0,126.0,172.0,160.0,0.0,90.0,132.0,48.0,2.0,0.0,120.0,50.0,54.0,118.0,58.0,158.0,84.0,56.0,114.0,104.0,54.0,56.0,0.0,106.0,0.0,72.0,78.0,80.0,102.0,34.0,80.0,32.0,102.0,58.0,84.0,70.0,40.0,70.0,66.0,32.0,38.0,42.0,42.0,70.0,0.0,0.0,80.0,14.0,52.0,70.0,94.0,110.0,62.0,38.0,78.0,72.0,96.0,30.0,52.0,64.0,82.0,76.0,64.0,16.0,88.0,52.0,48.0,72.0,66.0,60.0,72.0,74.0
개인,442.0,34.0,284.0,232.0,280.0,228.0,138.0,208.0,202.0,193.0,246.0,92.0,148.0,166.0,78.0,214.0,180.0,170.0,120.0,136.0,168.0,98.0,0.0,112.0,84.0,174.0,76.0,142.0,74.0,134.0,146.0,154.0,0.0,124.0,120.0,54.0,0.0,0.0,124.0,76.0,70.0,84.0,82.0,124.0,122.0,46.0,108.0,80.0,72.0,84.0,0.0,96.0,4.0,88.0,78.0,104.0,114.0,48.0,92.0,50.0,118.0,90.0,84.0,88.0,30.0,88.0,68.0,50.0,54.0,34.0,48.0,82.0,0.0,80.0,0.0,26.0,80.0,118.0,76.0,86.0,82.0,76.0,92.0,98.0,96.0,24.0,42.0,100.0,92.0,66.0,72.0,14.0,88.0,32.0,48.0,74.0,66.0,48.0,72.0,98.0
카드,176.0,8.0,76.0,96.0,68.0,92.0,44.0,48.0,46.0,49.0,76.0,26.0,34.0,54.0,14.0,72.0,46.0,52.0,32.0,52.0,28.0,40.0,0.0,80.0,32.0,54.0,22.0,44.0,32.0,58.0,34.0,44.0,0.0,34.0,40.0,12.0,0.0,0.0,44.0,34.0,56.0,38.0,26.0,42.0,30.0,18.0,34.0,30.0,32.0,28.0,0.0,50.0,0.0,44.0,32.0,30.0,38.0,26.0,36.0,20.0,30.0,28.0,30.0,6.0,4.0,14.0,22.0,14.0,12.0,4.0,6.0,24.0,0.0,14.0,26.0,0.0,18.0,30.0,22.0,38.0,24.0,14.0,24.0,36.0,26.0,6.0,18.0,24.0,26.0,16.0,22.0,0.0,12.0,12.0,16.0,20.0,24.0,20.0,26.0,18.0
이야기,328.0,18.0,224.0,158.0,158.0,140.0,74.0,158.0,200.0,109.0,162.0,104.0,122.0,102.0,36.0,134.0,148.0,124.0,86.0,130.0,124.0,38.0,0.0,98.0,50.0,122.0,35.0,102.0,40.0,80.0,94.0,114.0,0.0,100.0,84.0,16.0,0.0,0.0,82.0,42.0,78.0,76.0,44.0,98.0,82.0,54.0,52.0,54.0,48.0,48.0,0.0,60.0,4.0,62.0,42.0,62.0,72.0,14.0,64.0,50.0,66.0,58.0,70.0,108.0,16.0,56.0,38.0,40.0,48.0,10.0,20.0,74.0,2.0,52.0,80.0,18.0,0.0,52.0,48.0,58.0,54.0,54.0,74.0,78.0,56.0,12.0,26.0,62.0,78.0,24.0,62.0,8.0,50.0,28.0,32.0,52.0,62.0,56.0,54.0,82.0
평가,388.0,26.0,216.0,194.0,222.0,194.0,110.0,178.0,146.0,141.0,204.0,66.0,144.0,154.0,76.0,162.0,132.0,120.0,88.0,152.0,126.0,76.0,0.0,102.0,62.0,152.0,43.0,108.0,62.0,138.0,134.0,148.0,0.0,116.0,128.0,40.0,0.0,0.0,104.0,60.0,56.0,80.0,68.0,144.0,80.0,48.0,84.0,100.0,50.0,70.0,0.0,86.0,0.0,76.0,76.0,90.0,98.0,36.0,86.0,32.0,106.0,84.0,100.0,74.0,24.0,82.0,68.0,36.0,48.0,38.0,42.0,84.0,0.0,70.0,118.0,30.0,52.0,0.0,72.0,48.0,58.0,58.0,76.0,78.0,106.0,26.0,50.0,64.0,74.0,58.0,56.0,16.0,76.0,22.0,46.0,64.0,68.0,52.0,68.0,78.0
다음,386.0,24.0,248.0,214.0,224.0,242.0,124.0,214.0,144.0,141.0,206.0,70.0,144.0,138.0,68.0,188.0,164.0,124.0,102.0,146.0,142.0,86.0,0.0,92.0,80.0,138.0,60.0,128.0,72.0,140.0,120.0,158.0,0.0,98.0,142.0,40.0,2.0,0.0,114.0,68.0,74.0,92.0,66.0,132.0,118.0,72.0,106.0,104.0,54.0,58.0,2.0,94.0,0.0,62.0,74.0,78.0,90.0,48.0,82.0,52.0,94.0,84.0,78.0,54.0,46.0,86.0,78.0,36.0,32.0,46.0,38.0,80.0,0.0,94.0,76.0,22.0,48.0,72.0,0.0,66.0,60.0,34.0,82.0,40.0,78.0,26.0,40.0,68.0,86.0,70.0,102.0,10.0,60.0,32.0,76.0,78.0,70.0,60.0,68.0,82.0
그것,386.0,18.0,216.0,222.0,220.0,198.0,106.0,214.0,136.0,129.0,202.0,44.0,166.0,92.0,76.0,162.0,122.0,142.0,96.0,174.0,168.0,70.0,0.0,88.0,84.0,162.0,60.0,120.0,68.0,108.0,152.0,148.0,0.0,90.0,116.0,66.0,2.0,0.0,116.0,68.0,54.0,80.0,76.0,162.0,82.0,32.0,106.0,96.0,36.0,78.0,0.0,94.0,4.0,64.0,88.0,84.0,86.0,42.0,80.0,32.0,92.0,48.0,98.0,70.0,42.0,74.0,60.0,34.0,44.0,32.0,44.0,64.0,0.0,110.0,86.0,38.0,58.0,48.0,66.0,0.0,62.0,36.0,98.0,68.0,76.0,22.0,36.0,76.0,94.0,60.0,62.0,16.0,80.0,40.0,34.0,86.0,80.0,70.0,82.0,70.0
설정,294.0,16.0,192.0,132.0,156.0,128.0,114.0,148.0,106.0,88.0,156.0,44.0,88.0,88.0,58.0,128.0,102.0,114.0,76.0,92.0,112.0,42.0,0.0,58.0,48.0,102.0,33.0,92.0,66.0,78.0,104.0,104.0,0.0,74.0,100.0,28.0,0.0,0.0,80.0,40.0,36.0,72.0,40.0,82.0,68.0,50.0,58.0,70.0,40.0,60.0,0.0,88.0,0.0,48.0,50.0,60.0,82.0,26.0,54.0,28.0,76.0,76.0,68.0,32.0,20.0,76.0,28.0,24.0,30.0,30.0,26.0,46.0,2.0,62.0,82.0,24.0,54.0,58.0,60.0,62.0,0.0,44.0,50.0,48.0,68.0,26.0,56.0,42.0,70.0,48.0,42.0,16.0,58.0,18.0,42.0,48.0,42.0,42.0,48.0,74.0
조작,318.0,28.0,216.0,134.0,148.0,132.0,56.0,146.0,132.0,139.0,152.0,58.0,84.0,146.0,48.0,146.0,92.0,98.0,82.0,138.0,112.0,84.0,0.0,94.0,56.0,112.0,47.0,88.0,50.0,98.0,88.0,92.0,0.0,98.0,74.0,30.0,0.0,0.0,78.0,64.0,58.0,58.0,80.0,98.0,76.0,30.0,62.0,52.0,34.0,48.0,0.0,66.0,0.0,66.0,58.0,68.0,78.0,28.0,98.0,38.0,86.0,80.0,66.0,54.0,12.0,60.0,30.0,36.0,40.0,10.0,30.0,80.0,0.0,38.0,76.0,14.0,54.0,58.0,34.0,36.0,44.0,0.0,52.0,96.0,46.0,10.0,12.0,48.0,60.0,48.0,52.0,8.0,38.0,16.0,30.0,60.0,54.0,48.0,64.0,42.0
사실,406.0,30.0,252.0,200.0,226.0,210.0,84.0,196.0,162.0,158.0,206.0,94.0,174.0,140.0,72.0,186.0,136.0,126.0,94.0,174.0,156.0,76.0,0.0,74.0,68.0,150.0,50.0,116.0,68.0,136.0,144.0,140.0,0.0,122.0,114.0,48.0,4.0,0.0,114.0,54.0,38.0,74.0,70.0,130.0,82.0,46.0,100.0,80.0,42.0,70.0,0.0,88.0,0.0,66.0,114.0,78.0,130.0,40.0,86.0,52.0,116.0,86.0,122.0,86.0,30.0,90.0,60.0,62.0,42.0,26.0,38.0,80.0,0.0,78.0,92.0,24.0,74.0,76.0,82.0,98.0,50.0,52.0,0.0,76.0,86.0,22.0,38.0,78.0,108.0,38.0,62.0,10.0,62.0,40.0,50.0,72.0,64.0,70.0,92.0,80.0
타임,452.0,40.0,438.0,188.0,216.0,306.0,106.0,190.0,208.0,163.0,248.0,112.0,126.0,202.0,70.0,216.0,146.0,116.0,114.0,172.0,122.0,92.0,0.0,140.0,80.0,138.0,63.0,112.0,72.0,140.0,124.0,122.0,0.0,158.0,108.0,34.0,2.0,0.0,102.0,60.0,112.0,100.0,78.0,132.0,114.0,46.0,82.0,100.0,76.0,70.0,0.0,106.0,4.0,90.0,70.0,110.0,102.0,56.0,108.0,52.0,102.0,88.0,98.0,80.0,26.0,72.0,54.0,46.0,70.0,12.0,46.0,88.0,0.0,72.0,98.0,36.0,78.0,78.0,40.0,68.0,48.0,96.0,76.0,0.0,76.0,16.0,42.0,70.0,70.0,52.0,74.0,4.0,64.0,22.0,40.0,72.0,88.0,52.0,74.0,86.0
기본,388.0,26.0,238.0,194.0,228.0,218.0,150.0,206.0,144.0,153.0,240.0,42.0,138.0,160.0,102.0,164.0,144.0,152.0,120.0,148.0,166.0,118.0,0.0,94.0,86.0,162.0,63.0,144.0,90.0,130.0,134.0,152.0,0.0,124.0,132.0,80.0,0.0,0.0,142.0,86.0,60.0,86.0,112.0,142.0,98.0,74.0,106.0,106.0,66.0,82.0,0.0,108.0,0.0,94.0,122.0,84.0,116.0,54.0,94.0,50.0,114.0,74.0,124.0,60.0,22.0,114.0,64.0,28.0,40.0,44.0,54.0,64.0,0.0,96.0,96.0,26.0,56.0,106.0,78.0,76.0,68.0,46.0,86.0,76.0,0.0,26.0,70.0,74.0,80.0,66.0,72.0,24.0,92.0,20.0,64.0,62.0,74.0,56.0,74.0,108.0
나무,104.0,2.0,62.0,56.0,60.0,68.0,38.0,76.0,28.0,39.0,52.0,10.0,42.0,36.0,40.0,40.0,30.0,36.0,22.0,38.0,40.0,20.0,0.0,24.0,30.0,42.0,14.0,38.0,18.0,26.0,52.0,46.0,0.0,32.0,36.0,20.0,0.0,2.0,54.0,20.0,18.0,30.0,18.0,36.0,16.0,16.0,42.0,36.0,20.0,22.0,0.0,40.0,0.0,18.0,28.0,12.0,18.0,4.0,22.0,2.0,32.0,14.0,28.0,12.0,10.0,24.0,18.0,6.0,10.0,38.0,28.0,12.0,0.0,30.0,24.0,6.0,12.0,26.0,26.0,22.0,26.0,10.0,22.0,16.0,26.0,0.0,22.0,10.0,30.0,22.0,20.0,20.0,28.0,6.0,18.0,26.0,16.0,16.0,24.0,30.0
패치,274.0,22.0,178.0,138.0,148.0,130.0,114.0,116.0,88.0,95.0,144.0,22.0,90.0,110.0,64.0,98.0,88.0,88.0,64.0,94.0,98.0,50.0,0.0,60.0,56.0,74.0,40.0,68.0,64.0,80.0,96.0,88.0,0.0,78.0,76.0,36.0,0.0,0.0,90.0,36.0,38.0,50.0,44.0,78.0,70.0,76.0,80.0,44.0,140.0,52.0,2.0,56.0,0.0,60.0,70.0,62.0,68.0,32.0,44.0,12.0,60.0,54.0,58.0,22.0,16.0,78.0,32.0,10.0,30.0,28.0,50.0,26.0,0.0,52.0,42.0,18.0,26.0,50.0,40.0,36.0,56.0,12.0,38.0,42.0,70.0,22.0,0.0,40.0,48.0,38.0,52.0,14.0,50.0,14.0,36.0,36.0,44.0,14.0,36.0,64.0
마음,384.0,28.0,232.0,182.0,196.0,190.0,78.0,172.0,148.0,145.0,180.0,76.0,146.0,138.0,50.0,158.0,130.0,130.0,114.0,132.0,138.0,82.0,2.0,70.0,60.0,134.0,61.0,104.0,56.0,100.0,112.0,124.0,2.0,94.0,96.0,44.0,0.0,0.0,80.0,52.0,34.0,82.0,72.0,124.0,118.0,50.0,100.0,50.0,60.0,48.0,0.0,90.0,0.0,76.0,76.0,78.0,82.0,30.0,74.0,32.0,98.0,52.0,64.0,60.0,28.0,68.0,42.0,34.0,48.0,22.0,36.0,72.0,0.0,64.0,100.0,24.0,62.0,64.0,68.0,76.0,42.0,48.0,78.0,70.0,74.0,10.0,40.0,0.0,72.0,44.0,70.0,8.0,68.0,48.0,50.0,44.0,62.0,64.0,60.0,60.0
여기,352.0,20.0,236.0,200.0,208.0,188.0,110.0,196.0,178.0,141.0,206.0,62.0,138.0,126.0,58.0,186.0,136.0,130.0,86.0,168.0,134.0,78.0,2.0,102.0,62.0,150.0,57.0,144.0,84.0,120.0,120.0,140.0,0.0,102.0,136.0,36.0,2.0,0.0,106.0,62.0,50.0,92.0,82.0,124.0,84.0,60.0,94.0,74.0,48.0,58.0,0.0,74.0,0.0,80.0,86.0,82.0,90.0,32.0,80.0,44.0,94.0,82.0,94.0,98.0,38.0,86.0,48.0,40.0,44.0,24.0,46.0,94.0,0.0,82.0,92.0,26.0,78.0,74.0,86.0,94.0,70.0,60.0,108.0,70.0,80.0,30.0,48.0,72.0,0.0,60.0,58.0,16.0,78.0,38.0,48.0,72.0,66.0,58.0,76.0,98.0
기능,298.0,24.0,184.0,138.0,150.0,152.0,116.0,144.0,100.0,100.0,150.0,22.0,70.0,94.0,66.0,120.0,124.0,108.0,88.0,104.0,110.0,52.0,0.0,64.0,66.0,100.0,41.0,86.0,64.0,84.0,108.0,102.0,0.0,94.0,78.0,44.0,0.0,0.0,98.0,68.0,56.0,68.0,52.0,72.0,72.0,50.0,84.0,74.0,38.0,54.0,2.0,90.0,0.0,54.0,60.0,50.0,66.0,20.0,58.0,30.0,70.0,82.0,64.0,42.0,20.0,78.0,52.0,28.0,36.0,42.0,58.0,54.0,0.0,76.0,66.0,16.0,24.0,58.0,70.0,60.0,48.0,48.0,38.0,52.0,66.0,22.0,38.0,44.0,60.0,0.0,52.0,6.0,38.0,26.0,26.0,32.0,42.0,40.0,58.0,36.0
기대,440.0,22.0,252.0,224.0,220.0,160.0,106.0,144.0,180.0,145.0,194.0,74.0,112.0,150.0,76.0,162.0,126.0,164.0,102.0,160.0,166.0,74.0,2.0,84.0,70.0,116.0,69.0,86.0,58.0,104.0,134.0,122.0,0.0,126.0,86.0,44.0,0.0,0.0,102.0,82.0,44.0,84.0,72.0,116.0,150.0,72.0,84.0,76.0,54.0,40.0,0.0,70.0,0.0,80.0,80.0,56.0,68.0,42.0,100.0,38.0,96.0,86.0,56.0,62.0,22.0,78.0,48.0,26.0,30.0,24.0,46.0,44.0,0.0,64.0,72.0,22.0,62.0,56.0,102.0,62.0,42.0,52.0,62.0,74.0,72.0,20.0,52.0,70.0,58.0,52.0,0.0,4.0,54.0,28.0,38.0,58.0,52.0,34.0,44.0,60.0
식량,70.0,4.0,34.0,38.0,46.0,34.0,18.0,46.0,14.0,20.0,36.0,0.0,46.0,6.0,40.0,24.0,10.0,18.0,12.0,24.0,30.0,2.0,0.0,6.0,10.0,32.0,6.0,30.0,10.0,16.0,38.0,30.0,0.0,12.0,30.0,6.0,0.0,0.0,34.0,10.0,0.0,20.0,10.0,26.0,8.0,10.0,40.0,20.0,16.0,8.0,0.0,20.0,0.0,14.0,22.0,6.0,14.0,0.0,10.0,0.0,16.0,6.0,18.0,4.0,6.0,28.0,12.0,2.0,6.0,36.0,6.0,4.0,0.0,16.0,14.0,0.0,8.0,16.0,10.0,16.0,16.0,8.0,10.0,4.0,24.0,20.0,14.0,8.0,16.0,6.0,4.0,0.0,24.0,2.0,12.0,10.0,14.0,18.0,8.0,10.0
들어가,302.0,20.0,188.0,162.0,194.0,172.0,98.0,170.0,100.0,96.0,186.0,62.0,134.0,96.0,74.0,138.0,118.0,116.0,78.0,156.0,108.0,50.0,2.0,86.0,66.0,132.0,42.0,112.0,70.0,76.0,120.0,120.0,0.0,86.0,130.0,32.0,0.0,0.0,120.0,48.0,44.0,82.0,60.0,100.0,62.0,48.0,90.0,88.0,46.0,60.0,0.0,90.0,4.0,60.0,80.0,72.0,80.0,34.0,64.0,36.0,64.0,54.0,66.0,56.0,28.0,62.0,54.0,30.0,34.0,54.0,30.0,58.0,0.0,88.0,88.0,12.0,50.0,76.0,60.0,80.0,58.0,38.0,62.0,64.0,92.0,28.0,50.0,68.0,78.0,38.0,54.0,24.0,0.0,44.0,52.0,62.0,62.0,50.0,50.0,68.0
그림,230.0,10.0,80.0,104.0,90.0,98.0,36.0,88.0,72.0,60.0,90.0,48.0,84.0,50.0,20.0,80.0,52.0,76.0,56.0,120.0,78.0,22.0,0.0,50.0,30.0,70.0,31.0,56.0,16.0,64.0,70.0,80.0,0.0,36.0,48.0,0.0,0.0,0.0,36.0,4.0,34.0,34.0,20.0,62.0,34.0,36.0,24.0,28.0,34.0,8.0,0.0,30.0,0.0,22.0,28.0,54.0,42.0,24.0,32.0,32.0,42.0,38.0,20.0,32.0,20.0,32.0,16.0,18.0,10.0,4.0,12.0,36.0,0.0,52.0,32.0,12.0,28.0,22.0,32.0,40.0,18.0,16.0,40.0,22.0,20.0,6.0,14.0,48.0,38.0,26.0,28.0,2.0,44.0,0.0,16.0,28.0,22.0,20.0,20.0,30.0
배치,220.0,8.0,128.0,104.0,154.0,120.0,62.0,118.0,84.0,97.0,120.0,42.0,86.0,98.0,56.0,102.0,88.0,70.0,66.0,88.0,82.0,50.0,0.0,64.0,42.0,94.0,33.0,116.0,40.0,84.0,76.0,82.0,0.0,56.0,88.0,24.0,0.0,0.0,66.0,44.0,44.0,50.0,46.0,84.0,60.0,28.0,82.0,48.0,24.0,48.0,0.0,66.0,0.0,40.0,40.0,50.0,62.0,30.0,42.0,16.0,74.0,50.0,50.0,30.0,10.0,40.0,20.0,16.0,20.0,52.0,30.0,56.0,0.0,48.0,48.0,16.0,32.0,46.0,76.0,34.0,42.0,30.0,50.0,40.0,64.0,18.0,36.0,50.0,48.0,26.0,38.0,12.0,52.0,16.0,0.0,42.0,34.0,34.0,42.0,78.0
힘들,368.0,22.0,206.0,168.0,188.0,178.0,106.0,180.0,114.0,127.0,176.0,48.0,144.0,122.0,80.0,156.0,114.0,116.0,92.0,164.0,112.0,72.0,2.0,86.0,92.0,120.0,50.0,104.0,60.0,116.0,120.0,124.0,0.0,96.0,110.0,34.0,0.0,0.0,118.0,74.0,66.0,64.0,70.0,120.0,70.0,50.0,104.0,76.0,48.0,74.0,0.0,70.0,0.0,58.0,66.0,68.0,86.0,32.0,70.0,30.0,78.0,62.0,92.0,52.0,32.0,80.0,66.0,28.0,32.0,38.0,52.0,50.0,2.0,72.0,74.0,20.0,52.0,64.0,78.0,86.0,48.0,60.0,72.0,72.0,62.0,26.0,36.0,44.0,72.0,32.0,58.0,10.0,62.0,28.0,42.0,0.0,46.0,42.0,66.0,78.0
마지막,328.0,20.0,202.0,170.0,186.0,198.0,74.0,148.0,130.0,101.0,162.0,62.0,122.0,112.0,58.0,166.0,126.0,102.0,74.0,140.0,106.0,90.0,0.0,96.0,70.0,122.0,44.0,96.0,46.0,108.0,104.0,122.0,0.0,74.0,102.0,38.0,2.0,0.0,92.0,52.0,70.0,86.0,72.0,114.0,64.0,24.0,68.0,88.0,42.0,44.0,0.0,86.0,4.0,60.0,52.0,64.0,62.0,42.0,52.0,58.0,72.0,72.0,96.0,72.0,36.0,58.0,52.0,30.0,54.0,14.0,42.0,60.0,0.0,66.0,66.0,24.0,62.0,68.0,70.0,80.0,42.0,54.0,64.0,88.0,74.0,16.0,44.0,62.0,66.0,42.0,52.0,14.0,62.0,22.0,34.0,46.0,0.0,56.0,40.0,80.0
자신,272.0,32.0,160.0,120.0,160.0,134.0,64.0,172.0,100.0,90.0,150.0,30.0,106.0,88.0,40.0,128.0,90.0,66.0,78.0,118.0,84.0,48.0,0.0,82.0,54.0,134.0,28.0,86.0,48.0,64.0,98.0,102.0,0.0,78.0,96.0,32.0,0.0,0.0,84.0,52.0,56.0,86.0,64.0,92.0,34.0,30.0,66.0,64.0,34.0,48.0,0.0,82.0,0.0,60.0,60.0,60.0,78.0,14.0,68.0,18.0,76.0,58.0,82.0,54.0,32.0,52.0,28.0,28.0,32.0,28.0,28.0,66.0,2.0,60.0,48.0,20.0,56.0,52.0,60.0,70.0,42.0,48.0,70.0,52.0,56.0,16.0,14.0,64.0,58.0,40.0,34.0,18.0,50.0,20.0,34.0,42.0,56.0,0.0,46.0,60.0
장점,340.0,26.0,200.0,164.0,216.0,198.0,96.0,176.0,162.0,155.0,186.0,58.0,152.0,136.0,82.0,148.0,138.0,126.0,88.0,156.0,142.0,92.0,0.0,70.0,62.0,140.0,57.0,92.0,70.0,114.0,104.0,106.0,0.0,142.0,84.0,60.0,0.0,0.0,112.0,62.0,48.0,78.0,64.0,92.0,90.0,54.0,96.0,68.0,60.0,58.0,0.0,84.0,0.0,78.0,82.0,96.0,92.0,46.0,108.0,32.0,284.0,80.0,86.0,54.0,18.0,80.0,62.0,38.0,54.0,34.0,48.0,64.0,0.0,72.0,72.0,26.0,54.0,68.0,68.0,82.0,48.0,64.0,92.0,74.0,74.0,24.0,36.0,60.0,76.0,58.0,44.0,8.0,50.0,20.0,42.0,66.0,40.0,46.0,0.0,54.0
이후,406.0,24.0,264.0,210.0,232.0,190.0,162.0,208.0,186.0,145.0,218.0,74.0,158.0,172.0,80.0,192.0,166.0,128.0,90.0,168.0,172.0,84.0,0.0,122.0,100.0,176.0,65.0,138.0,86.0,128.0,96.0,152.0,0.0,104.0,118.0,50.0,2.0,0.0,112.0,60.0,88.0,84.0,66.0,134.0,90.0,80.0,118.0,112.0,58.0,98.0,0.0,112.0,4.0,80.0,74.0,112.0,78.0,50.0,58.0,54.0,100.0,74.0,106.0,78.0,26.0,86.0,54.0,48.0,52.0,48.0,56.0,66.0,0.0,74.0,98.0,18.0,82.0,78.0,82.0,70.0,74.0,42.0,80.0,86.0,108.0,30.0,64.0,60.0,98.0,36.0,60.0,10.0,68.0,30.0,78.0,78.0,80.0,60.0,54.0,0.0
