term,tf-idf
게임,3826.2233914089484
캐릭터,1673.454685693271
번역,1435.6941605474578
과금,1434.0162724115976
스토리,1360.3860446882986
플레이,1292.8828136212378
가챠,1285.9863278725395
업데이트,1129.8927201578517
이벤트,1061.8235159307967
디펜스,1058.0546408544433
피로도,1049.2241050526732
생각,1019.3599063881074
정도,997.6470476303323
재미,970.7263291792324
문제,962.2186234172833
운영,891.9602103317977
시간,784.590629429852
재화,768.0584667097551
전략,747.5794916308906
필요,724.9793145627866
시작,689.9758042858142
클리어,688.1977349426122
스테이지,680.1018950763431
사람,676.2067075888758
오류,652.1796022139052
머리,647.2891539388423
부족,637.6528717633372
최고,630.1027143746079
난이도,608.1205334161267
지능,599.0671463918635
접속,598.89278605296
광고,578.7815344066292
진행,567.242870881991
처음,564.3862316675007
계정,549.8460821541129
추천,525.7745985181022
단점,515.6436233040207
출시,510.77657273511215
시스템,499.9738738568087
수정,498.6650862787671
리뷰,492.94338895449494
모바일,488.47016872147736
육성,474.7316095508167
확률,474.4434319317713
부분,473.81718092399757
설치,472.22039509414446
다운로드,467.186477948546
해결,464.12168117447845
자체,461.54966453613844
평점,460.26219638653293
화면,454.94613808678935
요소,441.7035791513526
유도,431.9161371532171
삭제,428.51879800162214
자원,424.02509906707166
자동,419.07426074488654
타워,417.89415495057034
장점,416.22068035415913
이상,408.4652229394042
보상,401.79284793066444
오역,401.5952792675913
콜라보레이션,397.8804777662481
공략,396.6751621319962
뉴비,383.81017182078784
감사,374.7906146317731
추가,373.6956154174599
초반,365.14535403455545
한정,364.3688253572298
매력,363.03163809920613
만족,359.77887193569717
마음,359.6466550346358
느낌,358.5893158951091
한국,355.5115588056941
배치,351.3253336652645
기능,349.8384580572638
레벨,347.8604586999126
이후,345.3154519605365
코스튬,344.349765922379
밸런스,344.2125880151763
수집,341.9805476759359
사용,341.9805476759359
부탁,333.64810165863804
하루,332.03408842359283
등급,325.64613083045975
서버,320.6257353849722
상품,318.40781521372554
반복,318.24618923606147
개인,312.9205345592512
전투,311.8687492642752
개선,310.166989046901
실행,310.166989046901
복귀,307.0481374566303
답변,306.6854860204082
소리,306.2530585506078
기대,306.0099493517367
취향,300.9082729559487
노가다,292.74523665584417
최근,290.9866450963853
신경,290.5726075633605
중국,290.3130079889851
인생,288.98648231212263
지휘,288.6212813804582
소모,285.53955380443716
수급,283.08086471680366
경우,281.88890498507
일러스트,278.80498729128016
회복,278.3388982763773
이유,276.2656043766148
스타,275.9625745512972
친구,274.7142396378403
방법,271.20459912799896
성능,271.20459912799896
경쟁,269.0120211208146
대리,267.76738950369685
스키,267.55557083328677
클라이언트,267.55557083328677
설정,267.36378127434017
불편,266.90066863503466
조금,263.2457525296636
상황,260.20440243619174
요즘,256.54471509080724
로그인,250.2078237607557
애정,248.44445863090914
기본,244.69701865350822
기간,244.69701865350822
동안,244.69701865350822
작전,242.6817049761004
방식,240.93000225573311
기종,239.27378974635943
공지,238.70750773878143
라고,238.19682331713943
현지,237.14301926131222
오늘,237.14301926131222
천장,236.1848377485244
이해,235.10105713768436
스킵,233.33566365760598
설명,231.64424419546253
혜자,231.2928021655038
가요,231.2928021655038
개성,230.5637368389017
장르,229.50751261385497
세계관,226.71564325513356
계속,226.71564325513356
숫자,226.1807734451808
유닛,225.9999956161085
러스트,225.65812541679742
아방가르드,223.61334433853906
오랜만,223.61334433853906
조작,221.78704231480455
니다,221.1545340352879
완벽,220.75251399469312
이건,219.7412354813505
해주시,219.7412354813505
신규,218.95407553000277
자신,218.95407553000277
로딩,218.95407553000277
속도,216.12829462539497
일본,212.752826901241
음악,212.19302564443902
제일,211.92984043414657
애니메이션,210.5125727758587
버전,210.5125727758587
조합,207.73173978224293
이제,207.0012394938176
안드로이드,207.0012394938176
정예,206.53762125625565
디자인,201.04957639571626
중간,200.97306716603964
용량,199.57667503067427
평가,198.07644259175478
만원,197.34515279313078
기믹,197.03638095555053
확인,197.03638095555053
초기,196.02333698582336
상태,195.10921379225928
리세마라,195.10921379225928
협약,194.03872046752483
인지,193.29041066924458
버튼,193.29041066924458
한국어,192.99755944837648
던전,192.91115289861128
용문,192.87347565050456
노력,192.15185929857472
성장,187.91867630499814
현상,186.95856580401863
양산,186.9319511629582
고객,186.28768291126278
결제,185.10112860261393
유튜브,184.840307803193
필수,183.95348480380923
건지,182.84228036279893
비교,182.8397931616198
연출,182.15828255880984
대체,181.76527230946255
그래픽,179.70585480865986
파밍,178.69767095227184
존재,177.6182152095761
월정액,177.6182152095761
더빙,175.5569780678173
프로세스,175.00363716727304
유일,174.57140181412672
분재,174.52392125389312
데이터,173.81454457603428
메인,173.4418571007344
흥미,173.4418571007344
스펙,172.60685408058316
게임사,171.44308946711516
하면,170.39353753641092
카페,170.32016723315454
배속,169.5986821657849
센터,168.3828400580332
서비스,167.21288989056495
선택,167.17008490313046
보니,164.99766200711846
패치,163.94671390517234
얼마,162.93022939765962
이만,162.93022939765962
제외,161.94601974990763
관련,160.72789637542047
모습,159.67515678108236
요구,159.67515678108236
해도,158.65811023081193
이다,157.6744155461222
공개,157.51943102203106
획득,156.42496151052848
차이,156.42496151052848
영상,155.5205915226153
가격,155.5205915226153
섬멸,155.3702998295731
사실,155.3702998295731
특성,154.3526515550463
대부분,152.08772650403
소통,152.08772650403
플레이어,151.03099732051027
구매,149.9662846825219
강화,148.0457883441826
연동,146.7772440757774
도전,146.65602198602892
인가,146.65602198602892
지역,145.63703313049206
효율,145.56772366927015
로그,144.6551067378784
라이,144.6551067378784
실망,144.6551067378784
인물,144.41197784242848
최신,143.3054278675398
화이팅,142.24405601001314
지속,142.24405601001314
후반,141.22431746802786
텍스트,141.22431746802786
나중,140.24306894047382
어려움,140.24306894047382
실패,140.24306894047382
문의,138.85767100233508
설계,137.88868984454672
투자,137.7936806418652
수도,137.7936806418652
모드,136.77313077885879
불가,136.77313077885879
할거,136.77313077885879
다음,136.77313077885879
엑시,136.65765077924547
기분,135.79261295002678
한번,135.79261295002678
복구,134.37020646394168
연차,134.37020646394168
공간,133.38687385690693
예전,133.30336416224168
주가,132.28193341619058
원래,132.28193341619058
부담,132.28193341619058
저가,132.28193341619058
정말,131.59851880824755
콘텐츠,130.96358199677692
지원,129.84140822088
확정,129.84140822088
입장,129.84140822088
무한,128.77144786127744
이용,128.77144786127744
완전,128.77144786127744
실수,128.77144786127744
유일한,127.74905732214827
스트레스,127.74905732214827
차별,127.74905732214827
특정,127.74905732214827
발생,127.74905732214827
저장,127.58744455878055
기억,127.06561825455317
몰입,126.77018619051597
거지,126.77018619051597
짜증,126.77018619051597
잘못,126.77018619051597
친절,126.39796569083448
핸드폰,125.26951321430836
정보,125.26951321430836
포인트,124.2614590094382
소탕,124.19612960258087
하드,124.19612960258087
공식,123.17268925861322
진입,123.17268925861322
에선,123.17268925861322
가능,123.17268925861322
운영자,123.17268925861322
코스트,122.98834195129307
방송,122.98834195129307
연결,122.98834195129307
불만,120.65260361397837
환불,119.63501709840686
기반,119.5754444318398
안보,119.5754444318398
노래,118.55085098428174
본인,118.55085098428174
시도,118.55085098428174
편의,118.55085098428174
수치,118.55085098428174
분위기,118.34424667565543
장벽,117.57393065594897
회사,117.57393065594897
미션,117.13175423932674
사랑,117.13175423932674
홍보,116.37218227265932
한계,115.98858596252776
박사,114.90724153712225
시설,114.90724153712225
성우,114.90724153712225
능력,113.88137564937124
기존,113.88137564937124
사랑해요,113.88137564937124
사심,113.88137564937124
안녕하세요,112.90557236598261
사랑해,112.90557236598261
구성,112.90557236598261
이름,112.90557236598261
오토,112.42703434187266
논란,112.42703434187266
충전,112.42703434187266
모집,110.18915666440138
방치,110.18915666440138
네트워크,110.18915666440138
숙제,110.18915666440138
제공,109.16187946026614
그런지,109.16187946026614
지갑,109.16187946026614
개판,109.16187946026614
있다,109.16187946026614
고민,108.18730686690267
진심,108.18730686690267
참고,108.18730686690267
마라,108.18730686690267
이정,108.18730686690267
아이템,108.18730686690267
노트,108.18730686690267
채용,106.9623983148111
사기,106.50982200808988
집중,106.50982200808988
레어,106.50982200808988
매크로,106.50982200808988
트위터,105.4832049059874
피로,104.389727366275
일부,104.389727366275
대신,104.389727366275
리소스,104.389727366275
성은,104.389727366275
루즈,103.41651738341002
인해,103.41651738341002
티어,103.41651738341002
아쉬움,103.41651738341002
현재,103.41651738341002
신이,103.41651738341002
한판,102.862643348924
사전,102.862643348924
정지,102.862643348924
무시,102.862643348924
특징,101.68976453364584
발전,100.59260967430711
매출,100.59260967430711
강제,99.56199110342773
주기,99.56199110342773
점검,99.56199110342773
오타,99.27831049975285
내용,98.5902980681486
미소녀,98.5902980681486
성취감,98.5902980681486
응원,98.5902980681486
덕분,98.5902980681486
마다,98.5902980681486
전체,98.5902980681486
단계,97.99762717697627
에러,96.8118996225167
와이파이,96.8118996225167
표기,96.8118996225167
보이스,96.8118996225167
조치,96.8118996225167
어문,95.9598465055513
장비,95.8082394454276
사고,95.7080136787255
최악,94.67539734052434
퀘스트,94.67539734052434
사건,94.67539734052434
혼자,94.67539734052434
쓰레기,93.70540339146139
초보자,93.70540339146139
대처,93.70540339146139
이전,93.70540339146139
목소리,93.70540339146139
타임,93.70540339146139
피드백,93.70540339146139
라이브,93.70540339146139
파일,91.87277547841525
점수,90.76115589610941
명작,90.76115589610941
댓글,90.76115589610941
당장,89.72626282380514
위기,89.72626282380514
지장,89.72626282380514
활용,89.72626282380514
한게임,89.72626282380514
본적,89.72626282380514
하네,88.75818500674157
의미,88.75818500674157
출석,88.75818500674157
무료,88.75818500674157
인정,88.75818500674157
메일,88.08668096513856
업적,86.86852168728375
메이,86.86852168728375
일정,86.86852168728375
욕심,86.86852168728375
취급,85.93467368645531
상시,85.74792377985423
상대,85.74792377985423
검색,85.74792377985423
서브,84.71041216970212
해당,84.71041216970212
소녀,84.71041216970212
그림,84.71041216970212
정상,84.71041216970212
물자,84.71041216970212
없어,84.71041216970212
지성,84.71041216970212
이슈,84.71041216970212
관리,84.71041216970212
이든,84.40349422292233
사과,84.40349422292233
거리,83.74451196888481
완성도,83.74451196888481
복각,83.74451196888481
표현,83.74451196888481
유지,83.74451196888481
과정,83.74451196888481
좋아서,83.74451196888481
월간,83.74451196888481
해서,83.74451196888481
진짜,83.74451196888481
중인,83.74451196888481
도면,83.74451196888481
조절,83.74451196888481
사항,83.74451196888481
절대,83.74451196888481
유효,83.74451196888481
하기,83.74451196888481
프로,81.79477518191437
고급,81.79477518191437
체력,80.92669088360688
말하자면,80.66362728104919
경험치,80.66362728104919
소비,80.66362728104919
연습,80.66362728104919
구조,79.62307208129322
준수,79.62307208129322
한가지,79.62307208129322
음성,79.62307208129322
대가리,79.62307208129322
이야기,79.62307208129322
도가,79.62307208129322
전선,79.62307208129322
에이,79.62307208129322
실버,79.62307208129322
노출,79.62307208129322
마지막,78.65966844329482
오랫동안,78.65966844329482
파워,78.65966844329482
이하,78.65966844329482
완성,78.65966844329482
조선족,78.65966844329482
라이트,78.65966844329482
최적화,78.65966844329482
후회,78.65966844329482
완료,78.65966844329482
공격,77.910917744236
지급,76.64659155634209
예약,76.64659155634209
기록,76.64659155634209
글로벌,75.87845745473948
발견,75.5028693986902
중국산,74.45873287481464
커뮤니티,74.45873287481464
어이,74.45873287481464
가독성,74.45873287481464
종일,74.45873287481464
정신,74.45873287481464
카드,74.45873287481464
가드,74.45873287481464
지루함,74.45873287481464
컨셉,74.45873287481464
테러,74.45873287481464
사과문,74.45873287481464
작년,73.4982203827322
경험,73.4982203827322
인터페이스,73.4982203827322
평생,73.4982203827322
평소,73.4982203827322
기준,73.4982203827322
코드,73.4982203827322
각종,73.4982203827322
하지,73.4982203827322
가치,73.4982203827322
제한,73.4982203827322
관심,73.4982203827322
이점,73.4982203827322
해보면,73.4982203827322
애초,73.4982203827322
한마디,73.4982203827322
대로,73.4982203827322
화가,73.4982203827322
저번,73.4982203827322
역할,73.4982203827322
하진,73.4982203827322
배경,73.4982203827322
이어폰,72.71395465776989
기기,71.41834126554967
블루투스,71.41834126554967
소설,70.25937559331358
현금,70.25937559331358
최대,70.25937559331358
보스,69.210963615466
방향,69.210963615466
신뢰,69.210963615466
엉망,69.210963615466
커버,69.210963615466
도움,69.210963615466
형식,69.210963615466
적용,69.210963615466
동시,69.210963615466
지게,69.210963615466
며칠,69.210963615466
테스트,69.210963615466
적응,69.210963615466
중복,68.25383846858008
기원,68.25383846858008
지만,68.25383846858008
쾌감,68.25383846858008
해주,68.25383846858008
그동안,68.25383846858008
타입,68.25383846858008
응애,68.25383846858008
아미,68.25383846858008
여타,68.25383846858008
연속,68.25383846858008
안함,68.25383846858008
결과,68.25383846858008
하나,68.25383846858008
의견,68.25383846858008
이안,68.25383846858008
와서,68.25383846858008
걱정,68.25383846858008
순간,68.25383846858008
바람,68.25383846858008
작성,68.25383846858008
간만,68.25383846858008
상승,68.25383846858008
플레이도,68.25383846858008
다시,68.25383846858008
이미지,66.10359514342717
게스트,66.10359514342717
고생,66.10359514342717
멀티,66.10359514342717
유입,64.92576478686334
제약,64.92576478686334
의문,64.92576478686334
종류,63.87215963028507
비중,63.87215963028507
요새,63.87215963028507
임무,63.87215963028507
초창기,63.87215963028507
조차,63.87215963028507
화이,63.87215963028507
소식,63.87215963028507
횟수,63.87215963028507
스타일,62.91905783224182
종료,62.91905783224182
구간,62.91905783224182
명함,62.91905783224182
예정,62.91905783224182
욕구,62.91905783224182
모두,62.91905783224182
압도,62.91905783224182
기가,62.91905783224182
시험,62.91905783224182
고유,62.91905783224182
수작,62.91905783224182
여유,62.91905783224182
지인,62.91905783224182
상점,62.91905783224182
인터넷,62.91905783224182
한참,62.91905783224182
대사,62.91905783224182
인플레,62.91905783224182
현실,62.91905783224182
중독,62.91905783224182
안나,62.91905783224182
일반,62.91905783224182
표시,62.91905783224182
업그레이드,62.91905783224182
배포,62.91905783224182
결론,62.91905783224182
행복,62.91905783224182
대응,62.91905783224182
문제점,62.91905783224182
성도,62.91905783224182
나머지,62.91905783224182
오류로,62.91905783224182
영향,62.91905783224182
도감,60.69501816270515
여러분,59.49323562908445
이해도,59.49323562908445
전반,58.433188308177
군대,58.433188308177
친화,58.433188308177
유료,58.433188308177
어제,58.433188308177
차지,58.433188308177
탈자,58.433188308177
일괄,58.433188308177
선물,58.433188308177
터치,58.433188308177
개념,58.433188308177
무역,58.433188308177
인프라,58.4280535592213
무리,57.484943667256566
머드,57.484943667256566
중국어,57.484943667256566
상위,57.484943667256566
들로,57.484943667256566
변화,57.484943667256566
비용,57.484943667256566
수동,57.484943667256566
문구,57.484943667256566
요청,57.484943667256566
라면,57.484943667256566
정가,57.484943667256566
포함,57.484943667256566
실화,57.484943667256566
전달,57.484943667256566
성공,57.484943667256566
반대,57.484943667256566
여태,57.484943667256566
작품,57.484943667256566
신분,57.484943667256566
시나리오,57.484943667256566
휴대폰,57.484943667256566
실력,57.484943667256566
사냥,57.484943667256566
일주일,57.484943667256566
내세,57.484943667256566
변경,57.484943667256566
무소,57.484943667256566
이거,57.484943667256566
검은색,57.484943667256566
샤이닝,56.64290514870762
랜덤,55.18433269435599
소거,55.18433269435599
캐스터,55.18433269435599
체제,53.951127255737916
오오,53.951127255737916
조정,53.951127255737916
디펜더,53.951127255737916
후기,53.951127255737916
장기,53.951127255737916
초보,53.951127255737916
건의,53.951127255737916
장난,52.882876114741734
오타쿠,52.882876114741734
돌파,52.882876114741734
여자,52.882876114741734
정성,52.882876114741734
스티,52.882876114741734
전술,52.882876114741734
강요,52.882876114741734
사랑합니다,52.882876114741734
그놈,52.882876114741734
처리,52.882876114741734
그때,51.94061182949067
한지,51.94061182949067
독창,51.94061182949067
효과,51.94061182949067
전부,51.94061182949067
각각,51.94061182949067
보장,51.94061182949067
아니,51.94061182949067
두뇌,51.94061182949067
텍사스,51.94061182949067
기회,51.94061182949067
성과,51.94061182949067
가자,51.94061182949067
정작,51.94061182949067
부재,51.94061182949067
포기,51.94061182949067
이예,51.94061182949067
조건,51.94061182949067
역기,51.94061182949067
마찬가지,51.94061182949067
아침,51.94061182949067
병과,51.94061182949067
마련,51.94061182949067
기만,51.94061182949067
의심,51.94061182949067
하나하나,51.94061182949067
한번쯤,51.94061182949067
특색,51.94061182949067
자연,51.94061182949067
성의,51.94061182949067
약간,51.94061182949067
저분,51.94061182949067
저도,51.94061182949067
타이밍,51.94061182949067
제거,51.94061182949067
소프트웨어,51.94061182949067
아아,51.94061182949067
과도,51.94061182949067
소모량,51.94061182949067
커서,51.94061182949067
아라비아,51.94061182949067
태도,51.94061182949067
김실,51.94061182949067
인증,49.56254200511917
에너지,49.56254200511917
영웅,49.56254200511917
일본어,48.28629110756149
남은,48.28629110756149
뺑뺑이,48.28629110756149
공유,48.28629110756149
와중,48.28629110756149
번역가,48.28629110756149
항의,48.28629110756149
반응,48.28629110756149
아주,48.28629110756149
스태미너,48.28629110756149
퇴직금,47.97992325277565
가이드,47.20723634877068
동네,47.20723634877068
고의,47.20723634877068
자리,47.20723634877068
피곤,47.20723634877068
긴급,47.20723634877068
대비,47.20723634877068
숙소,47.20723634877068
싸움,47.20723634877068
모션,47.20723634877068
적극,47.20723634877068
전력,47.20723634877068
편리,47.20723634877068
잠깐,47.20723634877068
신청,47.20723634877068
수령,47.20723634877068
위주,47.20723634877068
다수,46.272516600399015
래시,46.272516600399015
자극,46.272516600399015
사장,46.272516600399015
직장인,46.272516600399015
제작,46.272516600399015
요약,46.272516600399015
순서,46.272516600399015
안정,46.272516600399015
이나,46.272516600399015
돼지,46.272516600399015
호가,46.272516600399015
체감,46.272516600399015
교환,46.272516600399015
대답,46.272516600399015
학생,46.272516600399015
고맙습니다,46.272516600399015
해명,46.272516600399015
개방,46.272516600399015
세상,46.272516600399015
드림,46.272516600399015
칭찬,46.272516600399015
금액,46.272516600399015
아무것,46.272516600399015
개정,46.272516600399015
고도,46.272516600399015
즐거움,46.272516600399015
직관,46.272516600399015
라플란드,46.272516600399015
니어,46.272516600399015
컬렉션,46.272516600399015
아이,46.272516600399015
오래,46.272516600399015
질도,46.272516600399015
만점,46.272516600399015
한글,46.272516600399015
폐가,46.272516600399015
역대,46.272516600399015
다행,46.272516600399015
언급,46.272516600399015
옛날,46.272516600399015
이내,46.272516600399015
혜택,46.272516600399015
시일,46.272516600399015
압박,46.272516600399015
중반,46.272516600399015
이것저것,46.272516600399015
치명,46.272516600399015
스타트,46.272516600399015
계획,46.272516600399015
컴퓨터,46.272516600399015
원스,46.272516600399015
가면,46.272516600399015
사가,46.272516600399015
대박,46.272516600399015
퇴사,45.54713260412666
작가,43.82104016941597
생활,43.82104016941597
옵션,42.48217886153071
계약,42.48217886153071
버섯,42.48217886153071
시즈,42.48217886153071
알바,42.48217886153071
자랑,41.38824952076699
진도,41.38824952076699
지식,41.38824952076699
오버,41.38824952076699
손해,41.38824952076699
구경,41.38824952076699
정리,41.38824952076699
루트,41.38824952076699
본사,41.38824952076699
소전,41.38824952076699
티켓,40.46334544180344
분이,40.46334544180344
희망,40.46334544180344
모듈,40.46334544180344
추후,40.46334544180344
과거,40.46334544180344
기타,40.46334544180344
클래스,40.46334544180344
사이드,40.46334544180344
쿠폰,40.46334544180344
단위,40.46334544180344
시기,40.46334544180344
위치,40.46334544180344
메리트,40.46334544180344
최대한,40.46334544180344
양이,40.46334544180344
그지,40.46334544180344
단어,40.46334544180344
준비,40.46334544180344
의존,40.46334544180344
감성,40.46334544180344
반년,40.46334544180344
인간,40.46334544180344
보안,40.46334544180344
한국인,40.46334544180344
만해,40.46334544180344
글자,40.46334544180344
파이팅,40.46334544180344
말씀,40.46334544180344
변역,40.46334544180344
발진,40.46334544180344
합리,40.46334544180344
안주,40.46334544180344
성우진,40.46334544180344
창려,40.46334544180344
바램,40.46334544180344
특유,40.46334544180344
붕괴,40.46334544180344
인식,40.46334544180344
장면,40.46334544180344
에드,40.46334544180344
삼성,40.46334544180344
부팅,40.46334544180344
개발,40.46334544180344
선녀,40.46334544180344
이틀,40.46334544180344
고난,40.46334544180344
타격감,40.46334544180344
통과,40.46334544180344
증표,40.46334544180344
니들,40.46334544180344
라인,40.46334544180344
인상,40.46334544180344
포지션,40.46334544180344
특채,40.46334544180344
기획,40.46334544180344
저녁,40.46334544180344
약속,40.46334544180344
보기,40.46334544180344
체크,40.46334544180344
이성은,40.46334544180344
과로사,40.46334544180344
기본급,39.983269377313036
이진,39.983269377313036
소환,37.955943836772214
최소,36.517533474513314
승리,36.517533474513314
누락,36.517533474513314
거부,36.517533474513314
포터,36.517533474513314
파이어,36.517533474513314
애기,36.517533474513314
오해,36.517533474513314
녹음,35.40181571794226
레인보우,35.40181571794226
조각,35.40181571794226
추억,35.40181571794226
직업,35.40181571794226
존유,35.40181571794226
공감,35.40181571794226
정착,35.40181571794226
연어,35.40181571794226
무기,35.40181571794226
형태,35.40181571794226
단서,35.40181571794226
호환,35.40181571794226
사운드,35.40181571794226
증가,35.40181571794226
클릭,35.40181571794226
주간,35.40181571794226
만료,35.40181571794226
안녕,35.40181571794226
기용,35.40181571794226
편성,35.40181571794226
보석,35.40181571794226
고정,35.40181571794226
업무,34.49020793397249
단언,34.49020793397249
해소,34.49020793397249
시절,34.49020793397249
자동화,34.49020793397249
주제,34.49020793397249
재능,34.49020793397249
박탈감,34.49020793397249
선호,34.49020793397249
인줄,34.49020793397249
결정,34.49020793397249
개연,34.49020793397249
최초,34.49020793397249
대우,34.49020793397249
내역,34.49020793397249
이대로,34.49020793397249
지향,34.49020793397249
수록,34.49020793397249
제화,34.49020793397249
각자,34.49020793397249
목표,34.49020793397249
분량,34.49020793397249
정책,34.49020793397249
눈물,34.49020793397249
하나에,34.49020793397249
토리,34.49020793397249
이외,34.49020793397249
인기,34.49020793397249
백파이프,34.49020793397249
순위,34.49020793397249
의존도,34.49020793397249
스토리텔링,34.49020793397249
아픔,34.49020793397249
캐시,34.49020793397249
옆집,34.49020793397249
상당,34.49020793397249
구려,34.49020793397249
퍼블리싱,34.49020793397249
내부,34.49020793397249
로만,34.49020793397249
하위,34.49020793397249
사이,34.49020793397249
판단,34.49020793397249
편안,34.49020793397249
격차,34.49020793397249
반영,34.49020793397249
해달,34.49020793397249
모델,34.49020793397249
지루,34.49020793397249
증명,34.49020793397249
감안,34.49020793397249
일차,34.49020793397249
사도,34.49020793397249
상호작용,34.49020793397249
질문,34.49020793397249
페이스,34.49020793397249
양심,34.49020793397249
간격,34.49020793397249
난리,34.49020793397249
찬양,34.49020793397249
아스,34.49020793397249
정이,34.49020793397249
올림,34.49020793397249
성비,34.49020793397249
화나,34.49020793397249
매우,34.49020793397249
행보,34.49020793397249
지연,34.49020793397249
필자,34.49020793397249
말도,34.49020793397249
우기,34.49020793397249
대화,34.49020793397249
퍼즐,34.49020793397249
네이버,34.49020793397249
지지,34.49020793397249
조사,34.49020793397249
원활,34.49020793397249
제도,34.49020793397249
증상,34.49020793397249
도중,34.49020793397249
다음날,34.49020793397249
이도,34.49020793397249
기도,34.49020793397249
걸리,34.49020793397249
원인,34.49020793397249
싱글,34.49020793397249
누가,34.49020793397249
드릴,34.49020793397249
의도,34.49020793397249
군주,34.49020793397249
이성수,34.49020793397249
직원,34.49020793397249
고려,34.49020793397249
사태,34.49020793397249
젤리,34.49020793397249
방안,34.49020793397249
쓰기,34.49020793397249
파티,34.49020793397249
손실,34.49020793397249
탱커,30.36475506941777
미궁,30.36475506941777
문장,30.36475506941777
파도,30.36475506941777
승급,30.36475506941777
공격력,30.36475506941777
남자,30.36475506941777
특별,30.36475506941777
해지,30.36475506941777
메갈리아,30.36475506941777
천원,30.36475506941777
가구,30.36475506941777
허가증,30.36475506941777
분쟁,29.21402677961065
입문,29.21402677961065
인권,29.21402677961065
식물,29.21402677961065
가로,29.21402677961065
리셋,29.21402677961065
제때,29.21402677961065
등록,29.21402677961065
시즌,29.21402677961065
체험,29.21402677961065
배척,29.21402677961065
신고,29.21402677961065
몬스터,29.21402677961065
식스,29.21402677961065
전역,29.21402677961065
실제,29.21402677961065
잡음,29.21402677961065
대기,29.21402677961065
국내,29.21402677961065
수단,29.21402677961065
시전,29.21402677961065
숙지,29.21402677961065
패드,29.21402677961065
수행,29.21402677961065
지적,29.21402677961065
진은,29.21402677961065
음량,29.21402677961065
초과,29.21402677961065
로즈,29.21402677961065
언어,29.21402677961065
성격,29.21402677961065
찐따,29.21402677961065
스택,29.21402677961065
컬렉터,29.21402677961065
충성,29.21402677961065
기업,29.21402677961065
딜러,29.21402677961065
그날,29.21402677961065
요구량,29.21402677961065
지도,28.32145257435381
유니크,28.32145257435381
시대,28.32145257435381
초심,28.32145257435381
호감,28.32145257435381
로도스,28.32145257435381
업체,28.32145257435381
품질,28.32145257435381
성인,28.32145257435381
사상,28.32145257435381
쩔어,28.32145257435381
요일,28.32145257435381
기지,28.32145257435381
세트,28.32145257435381
등장,28.32145257435381
감동,28.32145257435381
유사,28.32145257435381
한도,28.32145257435381
따리,28.32145257435381
만세,28.32145257435381
피로감,28.32145257435381
마리,28.32145257435381
베타,28.32145257435381
소비자,28.32145257435381
대표,28.32145257435381
부정,28.32145257435381
도소,28.32145257435381
어느날,28.32145257435381
무적,28.32145257435381
페이,28.32145257435381
축하,28.32145257435381
내일,28.32145257435381
수습,28.32145257435381
멘트,28.32145257435381
타인,28.32145257435381
폐사,28.32145257435381
음반,28.32145257435381
행동,28.32145257435381
선정,28.32145257435381
특수,28.32145257435381
구마,28.32145257435381
한때,28.32145257435381
리프,28.32145257435381
극악,28.32145257435381
예시,28.32145257435381
화력,28.32145257435381
불안정,28.32145257435381
사연,28.32145257435381
불필요,28.32145257435381
예뻐서,28.32145257435381
닥터,28.32145257435381
물건,28.32145257435381
이동,28.32145257435381
비축,28.32145257435381
발언,28.32145257435381
할배,28.32145257435381
새끼,28.32145257435381
오랫만,28.32145257435381
번창,28.32145257435381
통째,28.32145257435381
주니,28.32145257435381
준거,28.32145257435381
외적,28.32145257435381
개발사,28.32145257435381
조심,28.32145257435381
최소한,28.32145257435381
쓸모,28.32145257435381
협동,28.32145257435381
게이머,28.32145257435381
패턴,28.32145257435381
짜임새,28.32145257435381
국산,28.32145257435381
토끼,28.32145257435381
스페셜리스트,28.32145257435381
게이,28.32145257435381
당나귀,28.32145257435381
한적,28.32145257435381
전형,28.32145257435381
중시,28.32145257435381
세계,28.32145257435381
분도,28.32145257435381
버퍼,28.32145257435381
긍정,28.32145257435381
한동안,28.32145257435381
장단점,28.32145257435381
시점,28.32145257435381
요스,28.32145257435381
레스,28.32145257435381
요인,28.32145257435381
제로,28.32145257435381
얘기,28.32145257435381
돌고,28.32145257435381
로컬,28.32145257435381
안내,28.32145257435381
조와,28.32145257435381
로비,28.32145257435381
클린,28.32145257435381
주시,28.32145257435381
상관,28.32145257435381
방어,28.32145257435381
작동,28.32145257435381
헌팅,28.32145257435381
해드,28.32145257435381
가슴,28.32145257435381
장사,28.32145257435381
스마트폰,28.32145257435381
부가,28.32145257435381
수고,28.32145257435381
수용,28.32145257435381
극복,28.32145257435381
고용,28.32145257435381
상식,28.32145257435381
달력,28.32145257435381
취향저격,28.32145257435381
우수,28.32145257435381
제시,28.32145257435381
납득,28.32145257435381
주인공,28.32145257435381
밀수,28.32145257435381
전개,28.32145257435381
화분,28.32145257435381
보유,28.32145257435381
하니,28.32145257435381
누나,28.32145257435381
목적,28.32145257435381
개똥,28.32145257435381
미스,28.32145257435381
귀여워,28.32145257435381
월급,28.32145257435381
낭비,28.32145257435381
만족도,28.32145257435381
말로,28.32145257435381
소란,28.32145257435381
저격,28.32145257435381
변명,28.32145257435381
처신,28.32145257435381
막장,28.32145257435381
후반부,28.32145257435381
책정,28.32145257435381
구분,28.32145257435381
박살,28.32145257435381
이성도,28.32145257435381
계산,28.32145257435381
육수,28.32145257435381
차원,28.32145257435381
하나로,28.32145257435381
모아,28.32145257435381
타이틀,28.32145257435381
딜로,28.32145257435381
이때,28.32145257435381
교체,28.32145257435381
머니,23.989961626387824
타락,23.989961626387824
레이,23.989961626387824
워치,23.989961626387824
페미니스트,23.989961626387824
정면,23.989961626387824
스푼,22.77356630206333
미터,22.77356630206333
웹툰,22.77356630206333
환경,22.77356630206333
성향,22.77356630206333
패신저,22.77356630206333
하드코어,22.77356630206333
크림슨,22.77356630206333
솔리테어,22.77356630206333
스카이,22.77356630206333
부활,22.77356630206333
주자,22.77356630206333
승패,22.77356630206333
화폐,22.77356630206333
구입,22.77356630206333
공략법,22.77356630206333
치병,22.77356630206333
쥐꼬리,22.77356630206333
적립,22.77356630206333
구사,22.77356630206333
쓰임새,22.77356630206333
랭크,22.77356630206333
프레임,22.77356630206333
중점,22.77356630206333
지화,22.77356630206333
유통,22.77356630206333
초등학생,22.77356630206333
섭이,22.77356630206333
페이지,22.77356630206333
애착,22.77356630206333
통제,22.77356630206333
아이디어,22.77356630206333
항목,22.77356630206333
답장,22.77356630206333
악덕,22.77356630206333
메세지,22.77356630206333
동력,22.77356630206333
강박,21.910520084707986
다양성,21.910520084707986
유동,21.910520084707986
미즈키,21.910520084707986
기전,21.910520084707986
추세,21.910520084707986
고마워요,21.910520084707986
충족,21.910520084707986
분할,21.910520084707986
제대,21.910520084707986
올해,21.910520084707986
고등학교,21.910520084707986
하차,21.910520084707986
검증,21.910520084707986
중심,21.910520084707986
넘버원,21.910520084707986
당황,21.910520084707986
간의,21.910520084707986
조화,21.910520084707986
티폰,21.910520084707986
상향,21.910520084707986
주류,21.910520084707986
종합,21.910520084707986
원시,21.910520084707986
직구,21.910520084707986
극찬,21.910520084707986
버프,21.910520084707986
구림,21.910520084707986
블루,21.910520084707986
바보,21.910520084707986
맛집,21.910520084707986
승승장구,21.910520084707986
작정,21.910520084707986
나무,21.910520084707986
디바,21.910520084707986
이스,21.910520084707986
해제,21.910520084707986
생성,21.910520084707986
아웃,21.910520084707986
공부,21.910520084707986
오기,21.910520084707986
광석,21.910520084707986
판타지,21.910520084707986
테라,21.910520084707986
가족,21.910520084707986
스도,21.910520084707986
곳도,21.910520084707986
근대,21.910520084707986
통상,21.910520084707986
독자,21.910520084707986
말이,21.910520084707986
장담,21.910520084707986
한텐,21.910520084707986
역량,21.910520084707986
호시,21.910520084707986
중국인,21.910520084707986
하이퍼,21.910520084707986
신작,21.910520084707986
파악,21.910520084707986
기념,21.910520084707986
사정,21.910520084707986
세븐,21.910520084707986
건강,21.910520084707986
번호,21.910520084707986
이기,21.910520084707986
다만,21.910520084707986
솔로,21.910520084707986
당시,21.910520084707986
거의,21.910520084707986
풀이,21.910520084707986
아이콘,21.910520084707986
이고,21.910520084707986
퍼센트,21.910520084707986
파견,21.910520084707986
부서,21.910520084707986
페이스북,21.910520084707986
이중,21.910520084707986
음악회,21.910520084707986
요번,21.910520084707986
매판,21.910520084707986
마음속,21.910520084707986
안감,21.910520084707986
오니,21.910520084707986
미국,21.910520084707986
연출력,21.910520084707986
읽기,21.910520084707986
마이너,21.910520084707986
후속작,21.910520084707986
엔드,21.910520084707986
소재,21.910520084707986
아래,21.910520084707986
가정,21.910520084707986
독점,21.910520084707986
관리자,21.910520084707986
여부,21.910520084707986
근성,21.910520084707986
허구,21.910520084707986
멘탈,21.910520084707986
연기,21.910520084707986
사서,21.910520084707986
통수,21.910520084707986
제작진,21.910520084707986
성별,21.910520084707986
작화,21.910520084707986
교류,21.910520084707986
이어도,21.910520084707986
테이,21.910520084707986
감상,21.910520084707986
시나,21.910520084707986
기여,21.910520084707986
와우,21.910520084707986
암만,21.910520084707986
행복합니다,21.910520084707986
플립,21.910520084707986
오른쪽,21.910520084707986
카운터,21.910520084707986
권장,21.910520084707986
갯수,21.910520084707986
폭사,21.910520084707986
주작,21.910520084707986
유추,21.910520084707986
무지,21.910520084707986
지나,21.910520084707986
소요,21.910520084707986
꽃길,21.910520084707986
금일,21.910520084707986
사료,21.910520084707986
거짓말,21.910520084707986
이징,21.910520084707986
사이에서,21.910520084707986
여지,21.910520084707986
어린이,21.910520084707986
감탄,21.910520084707986
천안문,21.910520084707986
갈리,21.910520084707986
상상,21.910520084707986
관성,21.910520084707986
가지,21.910520084707986
이신,21.910520084707986
참여,21.910520084707986
가입,21.910520084707986
보라,21.910520084707986
수정안,21.910520084707986
해결책,21.910520084707986
해외,21.910520084707986
정기,21.910520084707986
정한,21.910520084707986
사용자,21.910520084707986
새벽,21.910520084707986
좌우,21.910520084707986
을해,21.910520084707986
중단,21.910520084707986
승인,21.910520084707986
폭발,21.910520084707986
심사,21.910520084707986
홀리데이,21.910520084707986
주말,21.910520084707986
기한,21.910520084707986
와도,21.910520084707986
목록,21.910520084707986
재가,21.910520084707986
감당,21.910520084707986
연장,21.910520084707986
바라지,21.910520084707986
차이점,21.910520084707986
전설,21.910520084707986
반면,21.910520084707986
슈가,21.910520084707986
긴장감,21.910520084707986
판도,21.910520084707986
부실,21.910520084707986
수락,21.910520084707986
전용,21.910520084707986
쥐뿔,21.910520084707986
어필,21.910520084707986
패트리어트,21.910520084707986
행위,21.910520084707986
후에,21.910520084707986
줄타기,21.910520084707986
노바,21.910520084707986
프로스트,21.910520084707986
인원,21.910520084707986
취소,21.910520084707986
아가,21.910520084707986
근래,21.910520084707986
아무도,21.910520084707986
움직임,21.910520084707986
패싱,21.910520084707986
연구,21.910520084707986
길드,21.910520084707986
예술,21.910520084707986
개속,21.910520084707986
만약,21.910520084707986
모범,21.910520084707986
팩트,21.910520084707986
가리,21.910520084707986
분담,21.910520084707986
리가,21.910520084707986
증발,21.910520084707986
안심,21.910520084707986
해진,21.910520084707986
캠페인,21.910520084707986
통일,21.910520084707986
전장,21.910520084707986
게임방,21.910520084707986
일본인,21.910520084707986
여럿,21.910520084707986
실망감,21.910520084707986
여주시,21.910520084707986
갈수,21.910520084707986
월말,21.910520084707986
정비,21.910520084707986
존댓말,21.910520084707986
반말,21.910520084707986
연락,21.910520084707986
일명,21.910520084707986
두다,21.910520084707986
법칙,21.910520084707986
메타,21.910520084707986
배짱,21.910520084707986
담당,21.910520084707986
기적,21.910520084707986
지사,21.910520084707986
서리,21.910520084707986
보충,21.910520084707986
마디,21.910520084707986
손색,21.910520084707986
도베,21.910520084707986
르마,21.910520084707986
결국,21.910520084707986
충실,21.910520084707986
타요,21.910520084707986
장님,21.910520084707986
태그,21.910520084707986
오덕,21.910520084707986
직접,21.910520084707986
매몰,21.910520084707986
채팅,21.910520084707986
나니,21.910520084707986
잠재,21.910520084707986
시간대,21.910520084707986
자본,21.910520084707986
세번,21.910520084707986
시장,21.910520084707986
재미나,21.910520084707986
물품,21.910520084707986
영업,21.910520084707986
이성량,21.910520084707986
개편,21.910520084707986
이면,21.910520084707986
타오,21.910520084707986
이개,21.910520084707986
보람,21.910520084707986
어시스턴트,21.910520084707986
언저리,21.910520084707986
건물,15.993307750925215
자주,15.993307750925215
공산,15.993307750925215
앨리스,15.993307750925215
시노,15.993307750925215
지우다,15.993307750925215
채굴,15.993307750925215
다리,15.993307750925215
빌리,15.993307750925215
남북,15.993307750925215
안개,15.993307750925215
칭호,15.993307750925215
확대,15.993307750925215
미리,15.993307750925215
여정,15.993307750925215
에바,15.993307750925215
농성,15.993307750925215
음식,15.993307750925215
마일리지,15.993307750925215
패션,15.993307750925215
수트,15.993307750925215
화중,15.993307750925215
회고록,15.993307750925215
인과,15.993307750925215
흑야,15.993307750925215
타이,15.993307750925215
고수,15.993307750925215
하수,15.993307750925215
펀치,15.993307750925215
성급,15.993307750925215
남성향,15.993307750925215
자세,15.993307750925215
전날,15.993307750925215
벌레,15.993307750925215
영양제,15.993307750925215
인테리어,15.993307750925215
공속,15.993307750925215
뒷전,15.993307750925215
바리,15.993307750925215
비행기,15.993307750925215
안일,15.993307750925215
열정,15.993307750925215
마니,15.993307750925215
수출,15.993307750925215
착용,15.993307750925215
편향,15.993307750925215
인재,15.993307750925215
계단,15.993307750925215
기력,15.993307750925215
요원,15.993307750925215
인트,15.993307750925215
타이머,15.993307750925215
하이,15.993307750925215
작용,15.993307750925215
상호,15.993307750925215
이관,15.993307750925215
예장,15.993307750925215
띄어쓰기,15.993307750925215
이론,15.993307750925215
로직,15.993307750925215
오디오,15.993307750925215
인구,15.993307750925215
씹기,15.993307750925215
후후,15.993307750925215
임팩트,15.993307750925215
거북이,15.993307750925215
제이크,15.993307750925215
정답,15.993307750925215
마법,15.993307750925215
보너스,15.993307750925215
레저,15.182377534708886
콜렉터,15.182377534708886
내외로,15.182377534708886
가정사,15.182377534708886
구시,15.182377534708886
분안,15.182377534708886
대적,15.182377534708886
기어,15.182377534708886
적의,15.182377534708886
체르노보그,15.182377534708886
입사,15.182377534708886
소개,15.182377534708886
예나,15.182377534708886
구라,15.182377534708886
배려,15.182377534708886
전국,15.182377534708886
채널,15.182377534708886
보면,15.182377534708886
환상,15.182377534708886
수준급,15.182377534708886
사례,15.182377534708886
진화,15.182377534708886
비판,15.182377534708886
메모,15.182377534708886
인플레이션,15.182377534708886
영구,15.182377534708886
업계,15.182377534708886
생존,15.182377534708886
연산,15.182377534708886
판정,15.182377534708886
정체,15.182377534708886
각오,15.182377534708886
비웃음,15.182377534708886
시청자,15.182377534708886
조롱,15.182377534708886
아카이브,15.182377534708886
대세,15.182377534708886
깨달음,15.182377534708886
발주,15.182377534708886
일반인,15.182377534708886
순항,15.182377534708886
기질,15.182377534708886
슈도,15.182377534708886
조선,15.182377534708886
변수,15.182377534708886
일수,15.182377534708886
도요,15.182377534708886
고문,15.182377534708886
칩셋,15.182377534708886
이자,15.182377534708886
콘크리트,15.182377534708886
한대,15.182377534708886
인내심,15.182377534708886
장수,15.182377534708886
차려,15.182377534708886
사람과,15.182377534708886
마블,15.182377534708886
구리지,15.182377534708886
쓰임,15.182377534708886
자제,15.182377534708886
마가,15.182377534708886
아하,15.182377534708886
별도,15.182377534708886
나가야,15.182377534708886
사라,15.182377534708886
배신,15.182377534708886
돌리지,15.182377534708886
특사,15.182377534708886
카디,15.182377534708886
집착,15.182377534708886
대결,15.182377534708886
생략,15.182377534708886
우리나라,15.182377534708886
한눈,15.182377534708886
애가,15.182377534708886
중학생,15.182377534708886
전만,15.182377534708886
우리,15.182377534708886
미숙,15.182377534708886
저층,15.182377534708886
에픽,15.182377534708886
개별,15.182377534708886
결과물,15.182377534708886
날림,15.182377534708886
구현,15.182377534708886
군가,15.182377534708886
바닥,15.182377534708886
생애,15.182377534708886
사무소,15.182377534708886
탐정,15.182377534708886
아이린,15.182377534708886
헤비,15.182377534708886
형성,15.182377534708886
내사랑,15.182377534708886
하단,15.182377534708886
할인,15.182377534708886
별짓,15.182377534708886
버러지,15.182377534708886
단일,15.182377534708886
수비,15.182377534708886
환영,15.182377534708886
선생님,15.182377534708886
색깔,15.182377534708886
분만,15.182377534708886
관계,15.182377534708886
캐리,15.182377534708886
독보,15.182377534708886
연령,15.182377534708886
달성,15.182377534708886
개심,15.182377534708886
무사,15.182377534708886
한곳,15.182377534708886
무진장,15.182377534708886
과학,15.182377534708886
지상주의,15.182377534708886
초심자,15.182377534708886
농담,15.182377534708886
발목,15.182377534708886
미도,15.182377534708886
중수,15.182377534708886
슬로,15.182377534708886
보고,15.182377534708886
왜인,15.182377534708886
마법사,15.182377534708886
힐러,15.182377534708886
덕이,15.182377534708886
가나,15.182377534708886
정해진,15.182377534708886
절반,15.182377534708886
필드,15.182377534708886
내면,15.182377534708886
바가,15.182377534708886
성실,15.182377534708886
통합,15.182377534708886
리지,15.182377534708886
인형,15.182377534708886
병행,15.182377534708886
안남,15.182377534708886
한나,15.182377534708886
제작자,15.182377534708886
시아,15.182377534708886
그중,15.182377534708886
양질,15.182377534708886
아트,15.182377534708886
급상승,15.182377534708886
개수,15.182377534708886
감수,15.182377534708886
말라,15.182377534708886
진중,15.182377534708886
나사,15.182377534708886
경로,15.182377534708886
이프리트,15.182377534708886
라가,15.182377534708886
호강,15.182377534708886
주도,15.182377534708886
개시,15.182377534708886
피해,15.182377534708886
구애,15.182377534708886
킬링타임,15.182377534708886
실장,15.182377534708886
나이,15.182377534708886
비율,15.182377534708886
소량,15.182377534708886
불안,15.182377534708886
위원회,15.182377534708886
갱신,15.182377534708886
언더,15.182377534708886
진다,15.182377534708886
장군,15.182377534708886
사진,15.182377534708886
공정,15.182377534708886
명중,15.182377534708886
극도,15.182377534708886
최종,15.182377534708886
광역,15.182377534708886
유즈,15.182377534708886
경각심,15.182377534708886
갓일,15.182377534708886
접지,15.182377534708886
양해,15.182377534708886
괜찮아,15.182377534708886
헬라,15.182377534708886
소설책,15.182377534708886
골드,15.182377534708886
지린,15.182377534708886
노오,15.182377534708886
거부감,15.182377534708886
희대,15.182377534708886
미래,15.182377534708886
한편,15.182377534708886
즉사,15.182377534708886
베스트,15.182377534708886
배틀,15.182377534708886
디렉터,15.182377534708886
이란,15.182377534708886
조바심,15.182377534708886
자기만족,15.182377534708886
동기화,15.182377534708886
빈약,15.182377534708886
디테일,15.182377534708886
은근,15.182377534708886
에피소드,15.182377534708886
적도,15.182377534708886
덩어리,15.182377534708886
브레이크,15.182377534708886
차이나,15.182377534708886
혼란,15.182377534708886
악의,15.182377534708886
방면,15.182377534708886
흑우,15.182377534708886
미남,15.182377534708886
양호,15.182377534708886
다방면,15.182377534708886
설문,15.182377534708886
손맛,15.182377534708886
탈퇴,15.182377534708886
대형,15.182377534708886
프리징,15.182377534708886
주위,15.182377534708886
이여,15.182377534708886
입구,15.182377534708886
노벨,15.182377534708886
예능,15.182377534708886
지형,15.182377534708886
신속,15.182377534708886
실험,15.182377534708886
반박,15.182377534708886
해킹,15.182377534708886
빈도,15.182377534708886
후발,15.182377534708886
경고,15.182377534708886
보강,15.182377534708886
윈도우,15.182377534708886
요금,15.182377534708886
몽드,15.182377534708886
예산,15.182377534708886
직전,15.182377534708886
달동,15.182377534708886
제목,15.182377534708886
마켓,15.182377534708886
응답,15.182377534708886
고치,15.182377534708886
주일,15.182377534708886
유기,15.182377534708886
전환,15.182377534708886
이생,15.182377534708886
규모,15.182377534708886
담당자,15.182377534708886
사이트,15.182377534708886
가시,15.182377534708886
라이머,15.182377534708886
치부,15.182377534708886
데이,15.182377534708886
날짜,15.182377534708886
안대,15.182377534708886
최선,15.182377534708886
전원,15.182377534708886
주의,15.182377534708886
핵심,15.182377534708886
자유,15.182377534708886
활성,15.182377534708886
연애,15.182377534708886
실시간,15.182377534708886
예상,15.182377534708886
산다,15.182377534708886
상기,15.182377534708886
아크,15.182377534708886
구성은,15.182377534708886
이익,15.182377534708886
해금,15.182377534708886
중임,15.182377534708886
애플,15.182377534708886
스테미너,15.182377534708886
폭탄,15.182377534708886
이난,15.182377534708886
대두,15.182377534708886
포레,15.182377534708886
하트,15.182377534708886
저능아,15.182377534708886
지리,15.182377534708886
타령,15.182377534708886
가가,15.182377534708886
활동,15.182377534708886
주인,15.182377534708886
갈등,15.182377534708886
의무,15.182377534708886
할로윈,15.182377534708886
대장,15.182377534708886
아포,15.182377534708886
안내면,15.182377534708886
의문점,15.182377534708886
상처,15.182377534708886
소름,15.182377534708886
충격,15.182377534708886
과언,15.182377534708886
호평,15.182377534708886
이입,15.182377534708886
처치,15.182377534708886
시너지,15.182377534708886
권한,15.182377534708886
상자,15.182377534708886
게임화,15.182377534708886
디도,15.182377534708886
라바,15.182377534708886
도배,15.182377534708886
주력,15.182377534708886
만인,15.182377534708886
전문,15.182377534708886
유발,15.182377534708886
종족,15.182377534708886
차감,15.182377534708886
카운트,15.182377534708886
게시,15.182377534708886
발열,15.182377534708886
소화,15.182377534708886
갤러리,15.182377534708886
의지,15.182377534708886
순수,15.182377534708886
졸림,15.182377534708886
확실이,15.182377534708886
나락,15.182377534708886
이인,15.182377534708886
한유,15.182377534708886
앨범,15.182377534708886
분발,15.182377534708886
당일,15.182377534708886
입대,15.182377534708886
흐름,15.182377534708886
정식,15.182377534708886
적정,15.182377534708886
제작사,15.182377534708886
브리핑,15.182377534708886
백그라운드,15.182377534708886
조언,15.182377534708886
게시판,15.182377534708886
위안,15.182377534708886
백야,15.182377534708886
여성,15.182377534708886
방충,15.182377534708886
정직,15.182377534708886
합성,15.182377534708886
사용량,15.182377534708886
레전드,15.182377534708886
감정,15.182377534708886
시선,15.182377534708886
분배,15.182377534708886
이득,15.182377534708886
테크,15.182377534708886
전량,15.182377534708886
불평,15.182377534708886
불명,15.182377534708886
중소,15.182377534708886
야호,15.182377534708886
저수,15.182377534708886
협회,15.182377534708886
성질,15.182377534708886
노현,15.182377534708886
목숨,15.182377534708886
연시,15.182377534708886
감소,15.182377534708886
차질,15.182377534708886
암울,15.182377534708886
슈와,15.182377534708886
가미,15.182377534708886
애당초,15.182377534708886
메가,15.182377534708886
도로,15.182377534708886
추구,15.182377534708886
출동,15.182377534708886
입체,15.182377534708886
로하,15.182377534708886
언가,15.182377534708886
자료,15.182377534708886
소감,15.182377534708886
삽질,15.182377534708886
모험,15.182377534708886
식도,15.182377534708886
글씨,15.182377534708886
믿음,15.182377534708886
누적,15.182377534708886
공산당,15.182377534708886
호구,15.182377534708886
첨부,15.182377534708886
우편,15.182377534708886
풍선,15.182377534708886
우효,15.182377534708886
동참,15.182377534708886
요들,15.182377534708886
트럭,15.182377534708886
리라,15.182377534708886
얼굴,15.182377534708886
해물,15.182377534708886
신건,15.182377534708886
지하,15.182377534708886
달라,15.182377534708886
지고,15.182377534708886
측면,15.182377534708886
초월,15.182377534708886
안와,15.182377534708886
난무,15.182377534708886
안고,15.182377534708886
직장,15.182377534708886
넷마블,15.182377534708886
기로,15.182377534708886
해대,15.182377534708886
라구,15.182377534708886
대족,15.182377534708886
키보드,15.182377534708886
대만,15.182377534708886
난도,15.182377534708886
네로,15.182377534708886
아를,15.182377534708886
전이,15.182377534708886
제보,15.182377534708886
창고,15.182377534708886
문법,15.182377534708886
프리,15.182377534708886
곱창,15.182377534708886
민심,15.182377534708886
수라도,15.182377534708886
개최,15.182377534708886
일일,15.182377534708886
기술,15.182377534708886
곤란,15.182377534708886
운운,15.182377534708886
애교,15.182377534708886
악질,15.182377534708886
임의,15.182377534708886
현명,15.182377534708886
수개월,15.182377534708886
기미,15.182377534708886
예고,15.182377534708886
머저리,15.182377534708886
세월,15.182377534708886
중년,15.182377534708886
구체,15.182377534708886
중순,15.182377534708886
통보,15.182377534708886
하나라,15.182377534708886
최저,15.182377534708886
영화,15.182377534708886
거도,15.182377534708886
날수,15.182377534708886
인수,15.182377534708886
하프,15.182377534708886
직역,15.182377534708886
수익,15.182377534708886
접근,15.182377534708886
어처구니,15.182377534708886
무능,15.182377534708886
차후,15.182377534708886
흥행,15.182377534708886
코스프레,15.182377534708886
노골적,15.182377534708886
궤도,15.182377534708886
시네,15.182377534708886
보급,15.182377534708886
발동,15.182377534708886
공평,15.182377534708886
지다,15.182377534708886
주구,15.182377534708886
평등,15.182377534708886
버즈,15.182377534708886
초고,15.182377534708886
라거,15.182377534708886
분대,15.182377534708886
템포,15.182377534708886
승부욕,15.182377534708886
랭킹,15.182377534708886
확보,15.182377534708886
파이,15.182377534708886
용돈,15.182377534708886
우선,15.182377534708886
인분,15.182377534708886
판매,15.182377534708886
무궁무진,15.182377534708886
인대,15.182377534708886
총량,15.182377534708886
동물,15.182377534708886
작자,15.182377534708886
중요시,15.182377534708886
조소,15.182377534708886
괴사,15.182377534708886
참가,15.182377534708886
장소,15.182377534708886
개개인,15.182377534708886
남이,15.182377534708886
마무리,15.182377534708886
마젤란,15.182377534708886
별개,15.182377534708886
수량,15.182377534708886
중립,15.182377534708886
편견,15.182377534708886
고질,15.182377534708886
허위,15.182377534708886
로사,15.182377534708886
학교,15.182377534708886
저간,15.182377534708886
방문,15.182377534708886
상의,15.182377534708886
리유니온,15.182377534708886
코로나,15.182377534708886
일방,15.182377534708886
하하,15.182377534708886
프로필,15.182377534708886
시국,15.182377534708886
점심시간,15.182377534708886
경향,15.182377534708886
적화,15.182377534708886
엄마,15.182377534708886
손가락,15.182377534708886
환율,15.182377534708886
유행,15.182377534708886
독재,15.182377534708886
국가,15.182377534708886
작업,15.182377534708886
루미,15.182377534708886
동료,15.182377534708886
납품,15.182377534708886
일과,15.182377534708886
감염,15.182377534708886
물이,15.182377534708886
버림,15.182377534708886
베리,15.182377534708886
블랙,15.182377534708886
존경,15.182377534708886
가공,15.182377534708886
검토,15.182377534708886
심해,15.182377534708886
로테이션,15.182377534708886
논외,15.182377534708886
밀면,15.182377534708886
증명서,15.182377534708886
검정,15.182377534708886
영원,15.182377534708886
복제,15.182377534708886
대치,15.182377534708886
정적,15.182377534708886
방어력,15.182377534708886
공장,15.182377534708886
수다,15.182377534708886
순식간,15.182377534708886
파란,7.9966538754626075
훈련,7.9966538754626075
훈련소,7.9966538754626075
소가,7.9966538754626075
청년,7.9966538754626075
월초,7.9966538754626075
열중,7.9966538754626075
해고,7.9966538754626075
환멸,7.9966538754626075
외부,7.9966538754626075
컬처,7.9966538754626075
영일,7.9966538754626075
다라,7.9966538754626075
주이,7.9966538754626075
외드,7.9966538754626075
오열,7.9966538754626075
장시간,7.9966538754626075
싸구려,7.9966538754626075
깊이,7.9966538754626075
처형,7.9966538754626075
티코,7.9966538754626075
비틀,7.9966538754626075
오지,7.9966538754626075
도마,7.9966538754626075
지로,7.9966538754626075
시라쿠사,7.9966538754626075
주범,7.9966538754626075
민이,7.9966538754626075
공존,7.9966538754626075
분식,7.9966538754626075
기점,7.9966538754626075
트윗,7.9966538754626075
미미,7.9966538754626075
미지,7.9966538754626075
응대,7.9966538754626075
라이프,7.9966538754626075
에프,7.9966538754626075
반성,7.9966538754626075
버스,7.9966538754626075
프렌드,7.9966538754626075
오프닝,7.9966538754626075
콘서트,7.9966538754626075
혈압,7.9966538754626075
배급사,7.9966538754626075
불의,7.9966538754626075
마제,7.9966538754626075
동봉,7.9966538754626075
신입,7.9966538754626075
가치관,7.9966538754626075
정나미,7.9966538754626075
진구,7.9966538754626075
훼손,7.9966538754626075
책임자,7.9966538754626075
강행,7.9966538754626075
실추,7.9966538754626075
대상,7.9966538754626075
저질,7.9966538754626075
문화,7.9966538754626075
보태,7.9966538754626075
교대,7.9966538754626075
고인,7.9966538754626075
자인,7.9966538754626075
듀스,7.9966538754626075
기동,7.9966538754626075
마이크로,7.9966538754626075
진국이,7.9966538754626075
핀치,7.9966538754626075
바사,7.9966538754626075
힐링,7.9966538754626075
보호,7.9966538754626075
바벨탑,7.9966538754626075
건재,7.9966538754626075
예외,7.9966538754626075
아군,7.9966538754626075
분포,7.9966538754626075
육각형,7.9966538754626075
정밀,7.9966538754626075
본론,7.9966538754626075
오프라인,7.9966538754626075
스스로,7.9966538754626075
홍대,7.9966538754626075
번복,7.9966538754626075
분당,7.9966538754626075
결점,7.9966538754626075
요망,7.9966538754626075
만족감,7.9966538754626075
이성보,7.9966538754626075
충수,7.9966538754626075
부처,7.9966538754626075
환자,7.9966538754626075
저혈압,7.9966538754626075
고혈압,7.9966538754626075
답지,7.9966538754626075
궁극,7.9966538754626075
철근,7.9966538754626075
모름,7.9966538754626075
주거,7.9966538754626075
세븐나이츠,7.9966538754626075
명성,7.9966538754626075
메커니즘,7.9966538754626075
창의성,7.9966538754626075
미지수,7.9966538754626075
성불,7.9966538754626075
고르고,7.9966538754626075
관찰,7.9966538754626075
르노,7.9966538754626075
서브스토리,7.9966538754626075
격리,7.9966538754626075
골든,7.9966538754626075
글로우,7.9966538754626075
어른,7.9966538754626075
소년,7.9966538754626075
플래티넘,7.9966538754626075
출신,7.9966538754626075
애도,7.9966538754626075
인민,7.9966538754626075
인시,7.9966538754626075
자라,7.9966538754626075
본가,7.9966538754626075
재도,7.9966538754626075
파파,7.9966538754626075
수채,7.9966538754626075
온라인,7.9966538754626075
딴사람,7.9966538754626075
중학교,7.9966538754626075
데스티니,7.9966538754626075
잔치,7.9966538754626075
차일,7.9966538754626075
입원,7.9966538754626075
수술,7.9966538754626075
녹색,7.9966538754626075
수영복,7.9966538754626075
알파,7.9966538754626075
멸망,7.9966538754626075
정공,7.9966538754626075
분리,7.9966538754626075
실천,7.9966538754626075
시동,7.9966538754626075
체념,7.9966538754626075
레일,7.9966538754626075
발악,7.9966538754626075
이모티콘,7.9966538754626075
축전,7.9966538754626075
취미,7.9966538754626075
자부,7.9966538754626075
논쟁,7.9966538754626075
귀염,7.9966538754626075
본분,7.9966538754626075
중흥,7.9966538754626075
천년만년,7.9966538754626075
악몽,7.9966538754626075
로스,7.9966538754626075
예스,7.9966538754626075
세력,7.9966538754626075
근본,7.9966538754626075
재배치,7.9966538754626075
계기,7.9966538754626075
역습,7.9966538754626075
패배,7.9966538754626075
범람,7.9966538754626075
서사,7.9966538754626075
매료,7.9966538754626075
명불허전,7.9966538754626075
서사시,7.9966538754626075
로고,7.9966538754626075
의창,7.9966538754626075
마이너스,7.9966538754626075
수학,7.9966538754626075
절약,7.9966538754626075
마루,7.9966538754626075
신가,7.9966538754626075
소신,7.9966538754626075
만수무강,7.9966538754626075
농락,7.9966538754626075
하든,7.9966538754626075
트레일,7.9966538754626075
무지개,7.9966538754626075
기함,7.9966538754626075
비아,7.9966538754626075
퇴근,7.9966538754626075
회사원,7.9966538754626075
경쟁사,7.9966538754626075
연례행사,7.9966538754626075
향수,7.9966538754626075
재민,7.9966538754626075
밀림,7.9966538754626075
논의,7.9966538754626075
의상,7.9966538754626075
섭가,7.9966538754626075
이드,7.9966538754626075
우당,7.9966538754626075
합의,7.9966538754626075
크라이,7.9966538754626075
퍼지,7.9966538754626075
슈퍼,7.9966538754626075
스펙터,7.9966538754626075
크로스,7.9966538754626075
프로젝트,7.9966538754626075
코어,7.9966538754626075
망설임,7.9966538754626075
지난해,7.9966538754626075
권유,7.9966538754626075
우진,7.9966538754626075
유가,7.9966538754626075
호우,7.9966538754626075
화난,7.9966538754626075
대학생,7.9966538754626075
극치,7.9966538754626075
타조,7.9966538754626075
오진,7.9966538754626075
편차,7.9966538754626075
레부,7.9966538754626075
그리신,7.9966538754626075
소장,7.9966538754626075
할라,7.9966538754626075
도로시,7.9966538754626075
삼촌,7.9966538754626075
가디언,7.9966538754626075
남성,7.9966538754626075
고정관념,7.9966538754626075
나들,7.9966538754626075
테일즈,7.9966538754626075
전제,7.9966538754626075
그사이,7.9966538754626075
우편함,7.9966538754626075
기대치,7.9966538754626075
예상외,7.9966538754626075
비전,7.9966538754626075
과제,7.9966538754626075
지문,7.9966538754626075
기별,7.9966538754626075
선조,7.9966538754626075
연상,7.9966538754626075
조별,7.9966538754626075
추출,7.9966538754626075
원숭이,7.9966538754626075
오목,7.9966538754626075
맛나,7.9966538754626075
창작,7.9966538754626075
바랄,7.9966538754626075
역동,7.9966538754626075
텍트,7.9966538754626075
시늉,7.9966538754626075
심보,7.9966538754626075
투자가,7.9966538754626075
별거,7.9966538754626075
이탈,7.9966538754626075
방지,7.9966538754626075
차단,7.9966538754626075
액세스,7.9966538754626075
아처,7.9966538754626075
개원,7.9966538754626075
의뢰,7.9966538754626075
사양,7.9966538754626075
처우,7.9966538754626075
코너,7.9966538754626075
석면,7.9966538754626075
돌이,7.9966538754626075
시청,7.9966538754626075
연관,7.9966538754626075
오래전,7.9966538754626075
다중,7.9966538754626075
에지마,7.9966538754626075
보고싶다,7.9966538754626075
동문서답,7.9966538754626075
현장,7.9966538754626075
프로방스,7.9966538754626075
멀티태스킹,7.9966538754626075
애플파이,7.9966538754626075
구조물,7.9966538754626075
이주일,7.9966538754626075
동북,7.9966538754626075
동북동,7.9966538754626075
동서남북,7.9966538754626075
서북서,7.9966538754626075
서남동,7.9966538754626075
서동,7.9966538754626075
글쓰기,7.9966538754626075
일품,7.9966538754626075
타선,7.9966538754626075
도산,7.9966538754626075
케리,7.9966538754626075
가보,7.9966538754626075
자구,7.9966538754626075
도입,7.9966538754626075
겉멋,7.9966538754626075
허풍,7.9966538754626075
필사,7.9966538754626075
외설,7.9966538754626075
이디르,7.9966538754626075
인지도,7.9966538754626075
루틴,7.9966538754626075
다신,7.9966538754626075
다날,7.9966538754626075
버티고,7.9966538754626075
커터,7.9966538754626075
방어선,7.9966538754626075
게도,7.9966538754626075
신기하,7.9966538754626075
배분,7.9966538754626075
봉인,7.9966538754626075
회의,7.9966538754626075
단기간,7.9966538754626075
이로,7.9966538754626075
이츠모,7.9966538754626075
유이,7.9966538754626075
유일신,7.9966538754626075
박진감,7.9966538754626075
관람,7.9966538754626075
감명,7.9966538754626075
수권,7.9966538754626075
안지,7.9966538754626075
앤드,7.9966538754626075
부토,7.9966538754626075
골렘,7.9966538754626075
뇌신,7.9966538754626075
로크,7.9966538754626075
인호,7.9966538754626075
타도,7.9966538754626075
비번,7.9966538754626075
까네,7.9966538754626075
경기,7.9966538754626075
시각,7.9966538754626075
파이터,7.9966538754626075
교관,7.9966538754626075
공격수,7.9966538754626075
뱅가드,7.9966538754626075
아츠,7.9966538754626075
리퍼,7.9966538754626075
로드,7.9966538754626075
드레드노트,7.9966538754626075
마스터,7.9966538754626075
직업인,7.9966538754626075
해방자,7.9966538754626075
헤드,7.9966538754626075
가이,7.9966538754626075
여분,7.9966538754626075
앞뒤,7.9966538754626075
보이,7.9966538754626075
조로,7.9966538754626075
끝판,7.9966538754626075
예술가,7.9966538754626075
구역,7.9966538754626075
하사,7.9966538754626075
생각해보면,7.9966538754626075
계가,7.9966538754626075
몇일,7.9966538754626075
플레어,7.9966538754626075
리만,7.9966538754626075
주벽,7.9966538754626075
반반,7.9966538754626075
충당,7.9966538754626075
상쇄,7.9966538754626075
도도,7.9966538754626075
적재적소,7.9966538754626075
평균,7.9966538754626075
시행,7.9966538754626075
그라니,7.9966538754626075
번주,7.9966538754626075
에로,7.9966538754626075
저어,7.9966538754626075
샤워,7.9966538754626075
박치기,7.9966538754626075
고향,7.9966538754626075
마르지,7.9966538754626075
공짜,7.9966538754626075
눈독,7.9966538754626075
게이트,7.9966538754626075
아우라,7.9966538754626075
명사,7.9966538754626075
출제,7.9966538754626075
작성자,7.9966538754626075
임도,7.9966538754626075
고가도,7.9966538754626075
감미,7.9966538754626075
음원,7.9966538754626075
직결,7.9966538754626075
루마,7.9966538754626075
분석,7.9966538754626075
노한,7.9966538754626075
구축,7.9966538754626075
중요도,7.9966538754626075
유출,7.9966538754626075
복이,7.9966538754626075
수위,7.9966538754626075
분야,7.9966538754626075
실정,7.9966538754626075
인하,7.9966538754626075
엄두,7.9966538754626075
더미,7.9966538754626075
메모리,7.9966538754626075
임금,7.9966538754626075
아랑,7.9966538754626075
현시점,7.9966538754626075
강선,7.9966538754626075
큰맘,7.9966538754626075
만사,7.9966538754626075
모임,7.9966538754626075
견해,7.9966538754626075
자식들,7.9966538754626075
클리셰,7.9966538754626075
아이스,7.9966538754626075
금요일,7.9966538754626075
앙금,7.9966538754626075
메뉴,7.9966538754626075
첫날,7.9966538754626075
국문,7.9966538754626075
이색기,7.9966538754626075
문도,7.9966538754626075
교수,7.9966538754626075
화법,7.9966538754626075
독해,7.9966538754626075
쉽싸리,7.9966538754626075
가게,7.9966538754626075
충분,7.9966538754626075
부리면,7.9966538754626075
삼가,7.9966538754626075
오프,7.9966538754626075
스위치,7.9966538754626075
시야,7.9966538754626075
고참,7.9966538754626075
지엔,7.9966538754626075
이견,7.9966538754626075
레바테인,7.9966538754626075
저지,7.9966538754626075
에마,7.9966538754626075
가인,7.9966538754626075
절규,7.9966538754626075
무위,7.9966538754626075
구로,7.9966538754626075
키보,7.9966538754626075
검열,7.9966538754626075
트라이,7.9966538754626075
사치,7.9966538754626075
협업,7.9966538754626075
유비소프트,7.9966538754626075
체계,7.9966538754626075
비쥬,7.9966538754626075
화만,7.9966538754626075
린지,7.9966538754626075
전통,7.9966538754626075
케토,7.9966538754626075
아르,7.9966538754626075
자력,7.9966538754626075
바퀴,7.9966538754626075
래들,7.9966538754626075
서하,7.9966538754626075
저항,7.9966538754626075
속성,7.9966538754626075
명령,7.9966538754626075
그레이드,7.9966538754626075
서핑,7.9966538754626075
토벌,7.9966538754626075
솜털,7.9966538754626075
드가,7.9966538754626075
하소,7.9966538754626075
벨벳,7.9966538754626075
규정,7.9966538754626075
매일,7.9966538754626075
거실,7.9966538754626075
피드,7.9966538754626075
전송,7.9966538754626075
하강,7.9966538754626075
일주,7.9966538754626075
반정,7.9966538754626075
달마,7.9966538754626075
상단,7.9966538754626075
기사,7.9966538754626075
장식,7.9966538754626075
보지,7.9966538754626075
로키,7.9966538754626075
지난주,7.9966538754626075
전채,7.9966538754626075
로이,7.9966538754626075
확신,7.9966538754626075
부여,7.9966538754626075
양옆,7.9966538754626075
경험담,7.9966538754626075
할애,7.9966538754626075
시행착오,7.9966538754626075
망치,7.9966538754626075
노트북,7.9966538754626075
일전,7.9966538754626075
이서,7.9966538754626075
부문,7.9966538754626075
자가,7.9966538754626075
물론,7.9966538754626075
컬리,7.9966538754626075
공기,7.9966538754626075
구형,7.9966538754626075
타분,7.9966538754626075
시크,7.9966538754626075
복장,7.9966538754626075
흥분,7.9966538754626075
리부트,7.9966538754626075
리포트,7.9966538754626075
호기심,7.9966538754626075
광명,7.9966538754626075
반복자,7.9966538754626075
차고,7.9966538754626075
기약,7.9966538754626075
수로,7.9966538754626075
명태,7.9966538754626075
오메,7.9966538754626075
도우,7.9966538754626075
수하,7.9966538754626075
배타,7.9966538754626075
총합,7.9966538754626075
반전,7.9966538754626075
링크,7.9966538754626075
다크,7.9966538754626075
녹스,7.9966538754626075
수작업,7.9966538754626075
통신사,7.9966538754626075
제안,7.9966538754626075
기선,7.9966538754626075
타사,7.9966538754626075
아이패드,7.9966538754626075
저리,7.9966538754626075
극락,7.9966538754626075
클라우드,7.9966538754626075
업로드,7.9966538754626075
클라라,7.9966538754626075
시가,7.9966538754626075
사인,7.9966538754626075
이그,7.9966538754626075
식빵,7.9966538754626075
라리,7.9966538754626075
하란,7.9966538754626075
테킬라,7.9966538754626075
신년,7.9966538754626075
복사,7.9966538754626075
아악,7.9966538754626075
정해,7.9966538754626075
남편,7.9966538754626075
성화,7.9966538754626075
해경,7.9966538754626075
일안,7.9966538754626075
스판,7.9966538754626075
추방,7.9966538754626075
맨날,7.9966538754626075
공통점,7.9966538754626075
원거리,7.9966538754626075
시리즈,7.9966538754626075
타격,7.9966538754626075
치명타,7.9966538754626075
등장인물,7.9966538754626075
조충현,7.9966538754626075
강종,7.9966538754626075
우주,7.9966538754626075
비극,7.9966538754626075
대응책,7.9966538754626075
라이언스,7.9966538754626075
더스트,7.9966538754626075
황혼,7.9966538754626075
재회,7.9966538754626075
로우,7.9966538754626075
찬미,7.9966538754626075
워크,7.9966538754626075
회상,7.9966538754626075
능동,7.9966538754626075
유통기한,7.9966538754626075
형용,7.9966538754626075
슈렉,7.9966538754626075
센스,7.9966538754626075
박사임,7.9966538754626075
창피해,7.9966538754626075
자격,7.9966538754626075
이목,7.9966538754626075
대략,7.9966538754626075
로스트,7.9966538754626075
검은사막,7.9966538754626075
갈구,7.9966538754626075
리다,7.9966538754626075
상담,7.9966538754626075
끈기,7.9966538754626075
잠수,7.9966538754626075
급성,7.9966538754626075
쇠약,7.9966538754626075
미니,7.9966538754626075
올인,7.9966538754626075
회차,7.9966538754626075
이주,7.9966538754626075
인도,7.9966538754626075
자유도,7.9966538754626075
레인,7.9966538754626075
부류,7.9966538754626075
이용료,7.9966538754626075
티나,7.9966538754626075
영역,7.9966538754626075
타이즈,7.9966538754626075
정립,7.9966538754626075
리야,7.9966538754626075
지간,7.9966538754626075
골란,7.9966538754626075
무대,7.9966538754626075
우선시,7.9966538754626075
순이,7.9966538754626075
도리,7.9966538754626075
녹화,7.9966538754626075
싱크,7.9966538754626075
조음,7.9966538754626075
한몫,7.9966538754626075
발표,7.9966538754626075
단기,7.9966538754626075
현대인,7.9966538754626075
기초,7.9966538754626075
명도,7.9966538754626075
테스,7.9966538754626075
연타,7.9966538754626075
리트,7.9966538754626075
시체,7.9966538754626075
수입,7.9966538754626075
스카다,7.9966538754626075
이상해씨,7.9966538754626075
하느님,7.9966538754626075
꼬리,7.9966538754626075
짙은,7.9966538754626075
바사라,7.9966538754626075
웃음거리,7.9966538754626075
모양,7.9966538754626075
실명,7.9966538754626075
위방,7.9966538754626075
혹평,7.9966538754626075
음미,7.9966538754626075
진주,7.9966538754626075
시련,7.9966538754626075
최적,7.9966538754626075
구미,7.9966538754626075
범위,7.9966538754626075
선처,7.9966538754626075
세부,7.9966538754626075
법사,7.9966538754626075
와파린,7.9966538754626075
장인,7.9966538754626075
반도,7.9966538754626075
한돌,7.9966538754626075
주중,7.9966538754626075
소액,7.9966538754626075
이경우,7.9966538754626075
이용한,7.9966538754626075
겨울,7.9966538754626075
파우스트,7.9966538754626075
메피스,7.9966538754626075
룰라,7.9966538754626075
서술,7.9966538754626075
이루,7.9966538754626075
대성,7.9966538754626075
감자,7.9966538754626075
부모,7.9966538754626075
풀리,7.9966538754626075
반나절,7.9966538754626075
반구역,7.9966538754626075
선입견,7.9966538754626075
하야,7.9966538754626075
영자,7.9966538754626075
포이즌,7.9966538754626075
게일,7.9966538754626075
미가,7.9966538754626075
배로,7.9966538754626075
가지각색,7.9966538754626075
대가,7.9966538754626075
진임,7.9966538754626075
생동감,7.9966538754626075
본새,7.9966538754626075
이앙,7.9966538754626075
시랑,7.9966538754626075
첫인상,7.9966538754626075
주관,7.9966538754626075
공감대,7.9966538754626075
반성문,7.9966538754626075
좌절,7.9966538754626075
번민,7.9966538754626075
과열,7.9966538754626075
압축,7.9966538754626075
일단,7.9966538754626075
합격,7.9966538754626075
성적,7.9966538754626075
절경,7.9966538754626075
의성,7.9966538754626075
행태,7.9966538754626075
네일,7.9966538754626075
모래,7.9966538754626075
보수,7.9966538754626075
동의,7.9966538754626075
탐방,7.9966538754626075
두통,7.9966538754626075
버그만,7.9966538754626075
고지,7.9966538754626075
커밍,7.9966538754626075
이즈,7.9966538754626075
여행,7.9966538754626075
밀정,7.9966538754626075
리보,7.9966538754626075
백화점,7.9966538754626075
롯데,7.9966538754626075
과장,7.9966538754626075
지누,7.9966538754626075
설리,7.9966538754626075
이날,7.9966538754626075
주전,7.9966538754626075
열심,7.9966538754626075
걷기,7.9966538754626075
청정,7.9966538754626075
만기,7.9966538754626075
반하,7.9966538754626075
나부랭이,7.9966538754626075
신중,7.9966538754626075
후퇴,7.9966538754626075
경악,7.9966538754626075
세대,7.9966538754626075
후대,7.9966538754626075
무게,7.9966538754626075
피지컬,7.9966538754626075
몸살,7.9966538754626075
유의미,7.9966538754626075
이등병,7.9966538754626075
오점,7.9966538754626075
무심,7.9966538754626075
대한,7.9966538754626075
풀타임,7.9966538754626075
요구사항,7.9966538754626075
먹이,7.9966538754626075
오질,7.9966538754626075
피지,7.9966538754626075
광도,7.9966538754626075
월드,7.9966538754626075
닉스,7.9966538754626075
푸딩,7.9966538754626075
쿠키,7.9966538754626075
관광객,7.9966538754626075
오리,7.9966538754626075
로나,7.9966538754626075
불꽃,7.9966538754626075
벨로,7.9966538754626075
변동,7.9966538754626075
참깨,7.9966538754626075
족건,7.9966538754626075
데스,7.9966538754626075
사고방식,7.9966538754626075
레퍼토리,7.9966538754626075
이상만,7.9966538754626075
인내,7.9966538754626075
신체,7.9966538754626075
전자,7.9966538754626075
방증,7.9966538754626075
유중,7.9966538754626075
개보,7.9966538754626075
초급,7.9966538754626075
중급,7.9966538754626075
탈옥,7.9966538754626075
소니,7.9966538754626075
앞부분,7.9966538754626075
압권,7.9966538754626075
부합,7.9966538754626075
아기,7.9966538754626075
패스,7.9966538754626075
진급,7.9966538754626075
오피,7.9966538754626075
지오,7.9966538754626075
웨어,7.9966538754626075
여고생,7.9966538754626075
에기르,7.9966538754626075
마운틴,7.9966538754626075
페어,7.9966538754626075
정창,7.9966538754626075
귀도,7.9966538754626075
사이다,7.9966538754626075
정점,7.9966538754626075
우세,7.9966538754626075
주변,7.9966538754626075
도약,7.9966538754626075
유고,7.9966538754626075
모티브,7.9966538754626075
번역자,7.9966538754626075
찬사,7.9966538754626075
자랑거리,7.9966538754626075
원산지,7.9966538754626075
내주,7.9966538754626075
도박,7.9966538754626075
징징이,7.9966538754626075
지운,7.9966538754626075
차트,7.9966538754626075
도키,7.9966538754626075
심장,7.9966538754626075
위임,7.9966538754626075
오줌,7.9966538754626075
바지,7.9966538754626075
성애,7.9966538754626075
희소식,7.9966538754626075
흑역사,7.9966538754626075
점진,7.9966538754626075
고지라,7.9966538754626075
주네,7.9966538754626075
참조,7.9966538754626075
인사,7.9966538754626075
화대,7.9966538754626075
적지,7.9966538754626075
여운,7.9966538754626075
고레,7.9966538754626075
호전,7.9966538754626075
분별,7.9966538754626075
어도,7.9966538754626075
철학,7.9966538754626075
똥줄,7.9966538754626075
다와,7.9966538754626075
티스,7.9966538754626075
대전,7.9966538754626075
아진,7.9966538754626075
변한,7.9966538754626075
접수,7.9966538754626075
맹점,7.9966538754626075
운명,7.9966538754626075
혼돈,7.9966538754626075
결재,7.9966538754626075
윤택,7.9966538754626075
변기,7.9966538754626075
증식,7.9966538754626075
폐쇄,7.9966538754626075
플랩,7.9966538754626075
보관소,7.9966538754626075
세스코,7.9966538754626075
임대,7.9966538754626075
해충,7.9966538754626075
한자,7.9966538754626075
회당,7.9966538754626075
인력,7.9966538754626075
소중,7.9966538754626075
투입,7.9966538754626075
호로,7.9966538754626075
불감증,7.9966538754626075
계실,7.9966538754626075
왕창,7.9966538754626075
뱃살,7.9966538754626075
총체,7.9966538754626075
난국,7.9966538754626075
밥값,7.9966538754626075
마케팅,7.9966538754626075
절정,7.9966538754626075
푸시,7.9966538754626075
합작,7.9966538754626075
터무니,7.9966538754626075
왕이,7.9966538754626075
로즈마리,7.9966538754626075
가동,7.9966538754626075
온몸,7.9966538754626075
비트,7.9966538754626075
시정,7.9966538754626075
해석,7.9966538754626075
경치,7.9966538754626075
미아,7.9966538754626075
야미,7.9966538754626075
도야,7.9966538754626075
백날,7.9966538754626075
가중,7.9966538754626075
창구,7.9966538754626075
사요나라,7.9966538754626075
게시물,7.9966538754626075
대수,7.9966538754626075
스팀,7.9966538754626075
수신자,7.9966538754626075
주소,7.9966538754626075
발판,7.9966538754626075
가리안,7.9966538754626075
대머리,7.9966538754626075
대책,7.9966538754626075
일자,7.9966538754626075
날씨,7.9966538754626075
입금,7.9966538754626075
여치,7.9966538754626075
소라,7.9966538754626075
동하,7.9966538754626075
발할라,7.9966538754626075
악화,7.9966538754626075
열반,7.9966538754626075
마레,7.9966538754626075
그림자,7.9966538754626075
이당,7.9966538754626075
전쟁,7.9966538754626075
웃음,7.9966538754626075
앞자리,7.9966538754626075
제출,7.9966538754626075
텐션,7.9966538754626075
버팀목,7.9966538754626075
베가,7.9966538754626075
이행,7.9966538754626075
사시,7.9966538754626075
체조,7.9966538754626075
문단,7.9966538754626075
잔재,7.9966538754626075
일해,7.9966538754626075
개도,7.9966538754626075
먹칠,7.9966538754626075
이상의,7.9966538754626075
실태,7.9966538754626075
무관심,7.9966538754626075
슈만,7.9966538754626075
기가바이트,7.9966538754626075
타운,7.9966538754626075
안치,7.9966538754626075
불구경,7.9966538754626075
수스,7.9966538754626075
우르,7.9966538754626075
아심,7.9966538754626075
샌즈,7.9966538754626075
집단,7.9966538754626075
한송이,7.9966538754626075
장례식,7.9966538754626075
실점,7.9966538754626075
모던,7.9966538754626075
바로,7.9966538754626075
기싸움,7.9966538754626075
인용,7.9966538754626075
넥슨,7.9966538754626075
치마,7.9966538754626075
망이,7.9966538754626075
문맥,7.9966538754626075
지대한,7.9966538754626075
코미디,7.9966538754626075
바탕,7.9966538754626075
완결,7.9966538754626075
고지역,7.9966538754626075
실재,7.9966538754626075
비난,7.9966538754626075
소스,7.9966538754626075
시위,7.9966538754626075
학년,7.9966538754626075
직도,7.9966538754626075
외국어,7.9966538754626075
과민,7.9966538754626075
개떡,7.9966538754626075
가부,7.9966538754626075
휴게실,7.9966538754626075
앞쪽,7.9966538754626075
보급품,7.9966538754626075
벌목,7.9966538754626075
홍콩,7.9966538754626075
타이완,7.9966538754626075
카니발,7.9966538754626075
난징,7.9966538754626075
몰락,7.9966538754626075
사분,7.9966538754626075
로안,7.9966538754626075
역도,7.9966538754626075
네오,7.9966538754626075
가비알,7.9966538754626075
방향성,7.9966538754626075
리도,7.9966538754626075
흑인,7.9966538754626075
넘버,7.9966538754626075
저급,7.9966538754626075
삼류,7.9966538754626075
방해,7.9966538754626075
의역,7.9966538754626075
타나,7.9966538754626075
도안,7.9966538754626075
대게,7.9966538754626075
황금,7.9966538754626075
법관,7.9966538754626075
속어,7.9966538754626075
맞춤법,7.9966538754626075
누누,7.9966538754626075
풍경,7.9966538754626075
과다,7.9966538754626075
촬영,7.9966538754626075
이집,7.9966538754626075
지점,7.9966538754626075
픽스,7.9966538754626075
회피,7.9966538754626075
현사,7.9966538754626075
스톱,7.9966538754626075
내부감사,7.9966538754626075
머시,7.9966538754626075
양아치,7.9966538754626075
기획자,7.9966538754626075
개미,7.9966538754626075
선언,7.9966538754626075
즉각,7.9966538754626075
일판,7.9966538754626075
외출,7.9966538754626075
저해,7.9966538754626075
중공,7.9966538754626075
척결,7.9966538754626075
돈오,7.9966538754626075
영어,7.9966538754626075
취학자,7.9966538754626075
당사자,7.9966538754626075
난파선,7.9966538754626075
나라,7.9966538754626075
후원,7.9966538754626075
단절,7.9966538754626075
차리,7.9966538754626075
비운,7.9966538754626075
어림,7.9966538754626075
용이,7.9966538754626075
정박아,7.9966538754626075
나무위키,7.9966538754626075
염치,7.9966538754626075
짐승,7.9966538754626075
아니야,7.9966538754626075
한순간,7.9966538754626075
대폭발,7.9966538754626075
우즈,7.9966538754626075
메모장,7.9966538754626075
윈도,7.9966538754626075
크레이지,7.9966538754626075
가득,7.9966538754626075
이프,7.9966538754626075
후속,7.9966538754626075
속담,7.9966538754626075
낙하산,7.9966538754626075
의리,7.9966538754626075
마구잡이,7.9966538754626075
도금,7.9966538754626075
장작,7.9966538754626075
만도,7.9966538754626075
방관,7.9966538754626075
번역본,7.9966538754626075
분서갱유,7.9966538754626075
사죄문,7.9966538754626075
구독,7.9966538754626075
무마,7.9966538754626075
무늬,7.9966538754626075
사리사욕,7.9966538754626075
인애,7.9966538754626075
하자,7.9966538754626075
진정,7.9966538754626075
반절,7.9966538754626075
본문,7.9966538754626075
사단,7.9966538754626075
네나,7.9966538754626075
각인,7.9966538754626075
뉴스,7.9966538754626075
인방,7.9966538754626075
깽판,7.9966538754626075
반역,7.9966538754626075
매니저,7.9966538754626075
김성배,7.9966538754626075
통칭,7.9966538754626075
입력,7.9966538754626075
대서,7.9966538754626075
천명,7.9966538754626075
나기,7.9966538754626075
유능,7.9966538754626075
인맥,7.9966538754626075
조진,7.9966538754626075
네이션,7.9966538754626075
횡령,7.9966538754626075
짓거리,7.9966538754626075
비리비리,7.9966538754626075
까까,7.9966538754626075
파고,7.9966538754626075
어메이징,7.9966538754626075
광고비,7.9966538754626075
지구,7.9966538754626075
감비아,7.9966538754626075
삥땅,7.9966538754626075
의구심,7.9966538754626075
경품,7.9966538754626075
해피,7.9966538754626075
우리집,7.9966538754626075
양반,7.9966538754626075
치치,7.9966538754626075
환장,7.9966538754626075
선봉,7.9966538754626075
인계,7.9966538754626075
정정,7.9966538754626075
수면,7.9966538754626075
일각,7.9966538754626075
안해,7.9966538754626075
월등,7.9966538754626075
쪼가리,7.9966538754626075
문자,7.9966538754626075
교정,7.9966538754626075
중대사,7.9966538754626075
임시,7.9966538754626075
뒷북,7.9966538754626075
연초,7.9966538754626075
칼날,7.9966538754626075
유로,7.9966538754626075
부담감,7.9966538754626075
주심,7.9966538754626075
한자어,7.9966538754626075
강조,7.9966538754626075
예삿일,7.9966538754626075
영창,7.9966538754626075
늑대,7.9966538754626075
지우,7.9966538754626075
가니,7.9966538754626075
프릴,7.9966538754626075
증폭,7.9966538754626075
비도,7.9966538754626075
가성,7.9966538754626075
이열리,7.9966538754626075
뚜껑,7.9966538754626075
잔말,7.9966538754626075
함정,7.9966538754626075
한라산,7.9966538754626075
히키코모리,7.9966538754626075
나나,7.9966538754626075
성정,7.9966538754626075
도랑,7.9966538754626075
밀고,7.9966538754626075
거품,7.9966538754626075
스테이,7.9966538754626075
난민,7.9966538754626075
요요,7.9966538754626075
예뻐,7.9966538754626075
난방,7.9966538754626075
도꼬,7.9966538754626075
고고,7.9966538754626075
고배,7.9966538754626075
가입자,7.9966538754626075
슬픔,7.9966538754626075
뽑기,7.9966538754626075
표현력,7.9966538754626075
명실상부,7.9966538754626075
수가,7.9966538754626075
무과,7.9966538754626075
근위,7.9966538754626075
딜링,7.9966538754626075
보통,7.9966538754626075
과시,7.9966538754626075
값어치,7.9966538754626075
자기,7.9966538754626075
혈안,7.9966538754626075
문명,7.9966538754626075
주방,7.9966538754626075
사냥돌,7.9966538754626075
노랑,7.9966538754626075
다이,7.9966538754626075
납부,7.9966538754626075
블로,7.9966538754626075
조선인,7.9966538754626075
외국,7.9966538754626075
장애,7.9966538754626075
살인,7.9966538754626075
기회비용,7.9966538754626075
도넛,7.9966538754626075
원문,7.9966538754626075
이듬,7.9966538754626075
돌리,7.9966538754626075
입주,7.9966538754626075
무의식,7.9966538754626075
니나,7.9966538754626075
별이,7.9966538754626075
크기,7.9966538754626075
범용,7.9966538754626075
비약,7.9966538754626075
미연,7.9966538754626075
구면,7.9966538754626075
변이,7.9966538754626075
새해,7.9966538754626075
불합리,7.9966538754626075
정착지,7.9966538754626075
긴장,7.9966538754626075
카타르시스,7.9966538754626075
레이더,7.9966538754626075
삼중,7.9966538754626075
나소,7.9966538754626075
고기,7.9966538754626075
내의,7.9966538754626075
카오스,7.9966538754626075
카페인,7.9966538754626075
지기,7.9966538754626075
구우,7.9966538754626075
다짐,7.9966538754626075
미카,7.9966538754626075
자부심,7.9966538754626075
정비례,7.9966538754626075
베드,7.9966538754626075
연명,7.9966538754626075
가스,7.9966538754626075
번들,7.9966538754626075
카본,7.9966538754626075
위로,7.9966538754626075
서구,7.9966538754626075
후자,7.9966538754626075
하시나,7.9966538754626075
죽음,7.9966538754626075
안다,7.9966538754626075
이글,7.9966538754626075
호화,7.9966538754626075
전투마,7.9966538754626075
킬링,7.9966538754626075
기술력,7.9966538754626075
달리,7.9966538754626075
세나,7.9966538754626075
수명,7.9966538754626075
정규,7.9966538754626075
증정,7.9966538754626075
눈치,7.9966538754626075
재생,7.9966538754626075
재형,7.9966538754626075
갈증,7.9966538754626075
재작성,7.9966538754626075
발송,7.9966538754626075
계인,7.9966538754626075
스피커,7.9966538754626075
중저가,7.9966538754626075
결합,7.9966538754626075
이웅,7.9966538754626075
세기말,7.9966538754626075
유형,7.9966538754626075
노동,7.9966538754626075
순방,7.9966538754626075
사리,7.9966538754626075
초점,7.9966538754626075
삼신,7.9966538754626075
콘솔,7.9966538754626075
고야,7.9966538754626075
컨디션,7.9966538754626075
공산주의,7.9966538754626075
눈살,7.9966538754626075
장창,7.9966538754626075
이기술,7.9966538754626075
적재,7.9966538754626075
적소,7.9966538754626075
알파벳,7.9966538754626075
삼대,7.9966538754626075
체스,7.9966538754626075
기부,7.9966538754626075
향상,7.9966538754626075
징표,7.9966538754626075
로라,7.9966538754626075
하이퍼그래프,7.9966538754626075
소도,7.9966538754626075
할당,7.9966538754626075
선비,7.9966538754626075
지불,7.9966538754626075
스팸,7.9966538754626075
언론,7.9966538754626075
표절,7.9966538754626075
동일,7.9966538754626075
순환,7.9966538754626075
호의,7.9966538754626075
집중력,7.9966538754626075
일격,7.9966538754626075
처분,7.9966538754626075
개중,7.9966538754626075
점심,7.9966538754626075
다다,7.9966538754626075
아라,7.9966538754626075
쿠타,7.9966538754626075
마약,7.9966538754626075
줄기,7.9966538754626075
해먹,7.9966538754626075
봉합,7.9966538754626075
안락,7.9966538754626075
배제,7.9966538754626075
사지,7.9966538754626075
구안,7.9966538754626075
화도,7.9966538754626075
불허,7.9966538754626075
본질,7.9966538754626075
일정량,7.9966538754626075
전무,7.9966538754626075
아이덴티티,7.9966538754626075
격파,7.9966538754626075
방기,7.9966538754626075
신기,7.9966538754626075
진가,7.9966538754626075
가짓수,7.9966538754626075
흥망,7.9966538754626075
사와,7.9966538754626075
수립,7.9966538754626075
반격,7.9966538754626075
스파이,7.9966538754626075
커스,7.9966538754626075
효능,7.9966538754626075
마이,7.9966538754626075
묘비,7.9966538754626075
소멸,7.9966538754626075
과부,7.9966538754626075
영입,7.9966538754626075
남지,7.9966538754626075
알람,7.9966538754626075
무용지물,7.9966538754626075
성녀,7.9966538754626075
항로,7.9966538754626075
망상,7.9966538754626075
퍼펙트,7.9966538754626075
이성당,7.9966538754626075
테이스티,7.9966538754626075
초로,7.9966538754626075
압박감,7.9966538754626075
트레일러,7.9966538754626075
손때,7.9966538754626075
가발,7.9966538754626075
출근,7.9966538754626075
허들,7.9966538754626075
처벌,7.9966538754626075
허허,7.9966538754626075
리자,7.9966538754626075
일시,7.9966538754626075
베이스,7.9966538754626075
사막,7.9966538754626075
오아시스,7.9966538754626075
요기,7.9966538754626075
보심,7.9966538754626075
저작권,7.9966538754626075
관여,7.9966538754626075
키로,7.9966538754626075
변질,7.9966538754626075
미고,7.9966538754626075
점지,7.9966538754626075
날벼락,7.9966538754626075
쉘터,7.9966538754626075
굴지,7.9966538754626075
폴아웃,7.9966538754626075
이응,7.9966538754626075
검정색,7.9966538754626075
합의점,7.9966538754626075
이대,7.9966538754626075
양재,7.9966538754626075
엄준,7.9966538754626075
시원,7.9966538754626075
내용물,7.9966538754626075
산거,7.9966538754626075
섹스,7.9966538754626075
제기,7.9966538754626075
화풍,7.9966538754626075
대륙,7.9966538754626075
아냐,7.9966538754626075
땅덩어리,7.9966538754626075
직무,7.9966538754626075
자치,7.9966538754626075
불통,7.9966538754626075
핑계,7.9966538754626075
가세,7.9966538754626075
시경,7.9966538754626075
숙청,7.9966538754626075
모니터링,7.9966538754626075
앵무새,7.9966538754626075
관이,7.9966538754626075
과다르,7.9966538754626075
소수,7.9966538754626075
아시아,7.9966538754626075
실드,7.9966538754626075
조교,7.9966538754626075
기대감,7.9966538754626075
집중도,7.9966538754626075
하품,7.9966538754626075
측정,7.9966538754626075
잇기,7.9966538754626075
나주,7.9966538754626075
망령,7.9966538754626075
가야,7.9966538754626075
아일랜드,7.9966538754626075
티니,7.9966538754626075
라스트,7.9966538754626075
필살기,7.9966538754626075
심정,7.9966538754626075
지옥,7.9966538754626075
귀여움,7.9966538754626075
단합,7.9966538754626075
마나,7.9966538754626075
오리진,7.9966538754626075
프롤로그,7.9966538754626075
윤곽,7.9966538754626075
유무,7.9966538754626075
정액,7.9966538754626075
코네,7.9966538754626075
난독증,7.9966538754626075
차차,7.9966538754626075
리진,7.9966538754626075
부자,7.9966538754626075
크레딧,7.9966538754626075
경계,7.9966538754626075
모에,7.9966538754626075
양성평등,7.9966538754626075
정신건강,7.9966538754626075
심심풀이,7.9966538754626075
성감,7.9966538754626075
하구,7.9966538754626075
행운,7.9966538754626075
과찬,7.9966538754626075
대원,7.9966538754626075
명리,7.9966538754626075
박자,7.9966538754626075
차로,7.9966538754626075
활약,7.9966538754626075
충동,7.9966538754626075
폴더,7.9966538754626075
복기,7.9966538754626075
조종,7.9966538754626075
무더기,7.9966538754626075
선배,7.9966538754626075
라마,7.9966538754626075
고하,7.9966538754626075
그전,7.9966538754626075
블럭,7.9966538754626075
병력,7.9966538754626075
힌트,7.9966538754626075
집의,7.9966538754626075
한수,7.9966538754626075
신의,7.9966538754626075
고오,7.9966538754626075
급진,7.9966538754626075
표본,7.9966538754626075
거래,7.9966538754626075
시스,7.9966538754626075
머릿속,7.9966538754626075
교전,7.9966538754626075
비결,7.9966538754626075
파트,7.9966538754626075
운용,7.9966538754626075
사이사이,7.9966538754626075
재앙,7.9966538754626075
오마,7.9966538754626075
불운,7.9966538754626075
액션,7.9966538754626075
횡설수설,7.9966538754626075
마인드,7.9966538754626075
스피드,7.9966538754626075
면박,7.9966538754626075
고성,7.9966538754626075
라인업,7.9966538754626075
도달,7.9966538754626075
동부,7.9966538754626075
다운타운,7.9966538754626075
아이큐,7.9966538754626075
키시,7.9966538754626075
예측,7.9966538754626075
서요,7.9966538754626075
지휘관,7.9966538754626075
메시지,7.9966538754626075
비지,7.9966538754626075
월래,7.9966538754626075
철권,7.9966538754626075
나무늘보,7.9966538754626075
라도,7.9966538754626075
곳곳,7.9966538754626075
아다,7.9966538754626075
차례,7.9966538754626075
민원,7.9966538754626075
다모,7.9966538754626075
소지,7.9966538754626075
푸념,7.9966538754626075
과실,7.9966538754626075
폐하,7.9966538754626075
반감,7.9966538754626075
은거,7.9966538754626075
사발,7.9966538754626075
오후,7.9966538754626075
성립,7.9966538754626075
재의,7.9966538754626075
서로,7.9966538754626075
대한민국,7.9966538754626075
최대화,7.9966538754626075
모서리,7.9966538754626075
이마,7.9966538754626075
수수,7.9966538754626075
와이,7.9966538754626075
푸로,7.9966538754626075
류지,7.9966538754626075
관리도,7.9966538754626075
보오,7.9966538754626075
수영,7.9966538754626075
과음,7.9966538754626075
진동,7.9966538754626075
난초,7.9966538754626075
비례,7.9966538754626075
가생,7.9966538754626075
너프,7.9966538754626075
리듬,7.9966538754626075
밀어,7.9966538754626075
큰손,7.9966538754626075
창출,7.9966538754626075
방광,7.9966538754626075
피해망상,7.9966538754626075
야파,7.9966538754626075
겉모습,7.9966538754626075
이어,7.9966538754626075
반영구,7.9966538754626075
수주,7.9966538754626075
해체,7.9966538754626075
히든,7.9966538754626075
동생,7.9966538754626075
작업장,7.9966538754626075
앞날,7.9966538754626075
밝기,7.9966538754626075
커뮤니케이션,7.9966538754626075
지략,7.9966538754626075
기계로,7.9966538754626075
인걸,7.9966538754626075
로봇,7.9966538754626075
반은,7.9966538754626075
상도,7.9966538754626075
용암대지,7.9966538754626075
때려,7.9966538754626075
수풀,7.9966538754626075
나티,7.9966538754626075
프리메이슨,7.9966538754626075
수이,7.9966538754626075
이단,7.9966538754626075
사탄,7.9966538754626075
큰일,7.9966538754626075
모더니즘,7.9966538754626075
만안,7.9966538754626075
점등,7.9966538754626075
스타크래프트,7.9966538754626075
아랫도리,7.9966538754626075
쳇바퀴,7.9966538754626075
사무실,7.9966538754626075
중만,7.9966538754626075
지르기,7.9966538754626075
일본우선,7.9966538754626075
가노,7.9966538754626075
나세,7.9966538754626075
결핍,7.9966538754626075
계열,7.9966538754626075
애용,7.9966538754626075
편집,7.9966538754626075
위해,7.9966538754626075
만나,7.9966538754626075
근접,7.9966538754626075
강하면,7.9966538754626075
성오,7.9966538754626075
정형,7.9966538754626075
입수,7.9966538754626075
조기,7.9966538754626075
소한,7.9966538754626075
이참,7.9966538754626075
딱지,7.9966538754626075
손님,7.9966538754626075
어린이날,7.9966538754626075
혼선,7.9966538754626075
일임,7.9966538754626075
이현상,7.9966538754626075
회색,7.9966538754626075
수능,7.9966538754626075
호랑이,7.9966538754626075
저주,7.9966538754626075
장치,7.9966538754626075
제야,7.9966538754626075
성문,7.9966538754626075
하루하루,7.9966538754626075
누님,7.9966538754626075
프라블럼,7.9966538754626075
드레,7.9966538754626075
여름,7.9966538754626075
위쪽,7.9966538754626075
뚱뚱이,7.9966538754626075
어가,7.9966538754626075
발휘,7.9966538754626075
어보,7.9966538754626075
마인,7.9966538754626075
불만족,7.9966538754626075
강림,7.9966538754626075
레드,7.9966538754626075
신문,7.9966538754626075
다차,7.9966538754626075
게재,7.9966538754626075
자르,7.9966538754626075
리플레이,7.9966538754626075
마크,7.9966538754626075
이능,7.9966538754626075
노출증,7.9966538754626075
사용법,7.9966538754626075
구식,7.9966538754626075
볼륨,7.9966538754626075
소실,7.9966538754626075
인구수,7.9966538754626075
스포,7.9966538754626075
현자,7.9966538754626075
물주,7.9966538754626075
지의,7.9966538754626075
갈림길,7.9966538754626075
이구,7.9966538754626075
역사,7.9966538754626075
뚝배기,7.9966538754626075
하이패스,7.9966538754626075
이역,7.9966538754626075
스카트,7.9966538754626075
을기,7.9966538754626075
잔상,7.9966538754626075
투시,7.9966538754626075
여담,7.9966538754626075
카리나,7.9966538754626075
발기,7.9966538754626075
여근,7.9966538754626075
루한,7.9966538754626075
벌이,7.9966538754626075
나이트,7.9966538754626075
오만,7.9966538754626075
상술,7.9966538754626075
공상,7.9966538754626075
레이드,7.9966538754626075
종말,7.9966538754626075
왼쪽,7.9966538754626075
재배,7.9966538754626075
알피,7.9966538754626075
성합,7.9966538754626075
달고나,7.9966538754626075
도하,7.9966538754626075
흡입,7.9966538754626075
자니,7.9966538754626075
금전,7.9966538754626075
어그,7.9966538754626075
명색,7.9966538754626075
이성해,7.9966538754626075
배터리,7.9966538754626075
오리지널,7.9966538754626075
크루세이드,7.9966538754626075
외형,7.9966538754626075
치중,7.9966538754626075
사이버,7.9966538754626075
고갈,7.9966538754626075
전락,7.9966538754626075
최강,7.9966538754626075
한군데,7.9966538754626075
사망,7.9966538754626075
닌자,7.9966538754626075
유도라,7.9966538754626075
신세계,7.9966538754626075
키위,7.9966538754626075
플래시,7.9966538754626075
뚱보,7.9966538754626075
혐오,7.9966538754626075
임지,7.9966538754626075
지두,7.9966538754626075
채운,7.9966538754626075
침략,7.9966538754626075
스크린샷,7.9966538754626075
더블클릭,7.9966538754626075
도마뱀,7.9966538754626075
역활,7.9966538754626075
농도,7.9966538754626075
시브,7.9966538754626075
장기전,7.9966538754626075
액티브,7.9966538754626075
액정,7.9966538754626075
플로,7.9966538754626075
슬리마,7.9966538754626075
통장,7.9966538754626075
출현,7.9966538754626075
우두머리,7.9966538754626075
각성,7.9966538754626075
빨간색,7.9966538754626075
급박,7.9966538754626075
자비,7.9966538754626075
깜빡이,7.9966538754626075
접근성,7.9966538754626075
스마일,7.9966538754626075
이퍼,7.9966538754626075
활용도,7.9966538754626075
동행,7.9966538754626075
언덕,7.9966538754626075
가속,7.9966538754626075
레인저,7.9966538754626075
정해준,7.9966538754626075
요건,7.9966538754626075
유인,7.9966538754626075
심플,7.9966538754626075
처가,7.9966538754626075
구상,7.9966538754626075
객관,7.9966538754626075
주정,7.9966538754626075
허용,7.9966538754626075
침입,7.9966538754626075
제어,7.9966538754626075
토플,7.9966538754626075
부산물,7.9966538754626075
쪽발이,7.9966538754626075
초면,7.9966538754626075
탈모,7.9966538754626075
권안,7.9966538754626075
창피,7.9966538754626075
신뢰도,7.9966538754626075
익스트림,7.9966538754626075
리니지,7.9966538754626075
탈출,7.9966538754626075
리아,7.9966538754626075
타코,7.9966538754626075
두부,7.9966538754626075
마지노선,7.9966538754626075
미이라,7.9966538754626075
부각,7.9966538754626075
이성주,7.9966538754626075
기해,7.9966538754626075
머리싸움,7.9966538754626075
동적,7.9966538754626075
등에,7.9966538754626075
우아,7.9966538754626075
프티,7.9966538754626075
다망,7.9966538754626075
신한,7.9966538754626075
용도,7.9966538754626075
학살,7.9966538754626075
헤어,7.9966538754626075
소유욕,7.9966538754626075
악수,7.9966538754626075
더러움,7.9966538754626075
이레,7.9966538754626075
매너,7.9966538754626075
잔액,7.9966538754626075
압둘,7.9966538754626075
알리,7.9966538754626075
출혈,7.9966538754626075
그레,7.9966538754626075
대량,7.9966538754626075
게임머니,7.9966538754626075
장애물,7.9966538754626075
인공지능,7.9966538754626075
정산,7.9966538754626075
통신,7.9966538754626075
반환,7.9966538754626075
라말라,7.9966538754626075
이이,7.9966538754626075
천사,7.9966538754626075
의사표시,7.9966538754626075
고시,7.9966538754626075
주장,7.9966538754626075
효성,7.9966538754626075
말장난,7.9966538754626075
간주,7.9966538754626075
민사,7.9966538754626075
철회,7.9966538754626075
닭대가리,7.9966538754626075
기형,7.9966538754626075
