,게임,플레이,시간,생각,스토리,보스,난이도,사람,추천,느낌,무기,재미,아이템,진행,요소,퍼즐,공격,도전,캐릭터,스테이지,그래픽,업데이트,처음,전투,친구,시작,회차,한글,모드,단점,조작,발언,추가,필요,구매,사용,플레이어,부족,시스템,문제,전작,레벨,존재,퀘스트,과제,이상,소울,초반,멀티,가격,분위기,주인공,파밍,액션,선택,개인,공포,패턴,마을,중간,장점,평가,사실,기본,방식,기대,타워,탐험,번역,불편,수준,시리즈,반복,생존,마지막,장비,작품,이동,몰입,세일,마법,공략,배경,메트로,설정,마음,체력,Roguelike,다음,노가다,상황,개발자,디자인,나무,장르,점프,설명,이해,상태,할인
게임,0.0,849.0,722.0,708.0,547.0,311.0,519.0,442.0,624.0,414.0,196.0,392.0,229.0,346.0,343.0,290.0,184.0,260.0,270.0,185.0,345.0,251.0,344.0,211.0,203.0,275.0,130.0,187.0,142.0,283.0,226.0,6.0,207.0,241.0,228.0,193.0,149.0,182.0,216.0,197.0,116.0,174.0,170.0,139.0,163.0,194.0,120.0,197.0,138.0,219.0,197.0,166.0,131.0,160.0,137.0,208.0,155.0,132.0,97.0,131.0,203.0,168.0,195.0,165.0,158.0,197.0,58.0,131.0,116.0,149.0,149.0,112.0,134.0,119.0,141.0,100.0,101.0,118.0,146.0,104.0,65.0,111.0,143.0,105.0,124.0,154.0,86.0,72.0,130.0,100.0,141.0,134.0,125.0,47.0,135.0,80.0,129.0,141.0,104.0,109.0
플레이,849.0,0.0,480.0,374.0,324.0,183.0,302.0,213.0,301.0,226.0,120.0,209.0,137.0,209.0,200.0,146.0,123.0,139.0,164.0,111.0,205.0,130.0,190.0,117.0,96.0,145.0,103.0,95.0,80.0,161.0,134.0,4.0,143.0,148.0,146.0,129.0,113.0,105.0,131.0,131.0,81.0,107.0,108.0,76.0,89.0,127.0,72.0,116.0,90.0,123.0,122.0,107.0,70.0,100.0,89.0,130.0,65.0,86.0,52.0,84.0,124.0,98.0,112.0,104.0,112.0,114.0,16.0,66.0,67.0,96.0,91.0,62.0,93.0,52.0,90.0,67.0,67.0,70.0,83.0,77.0,39.0,67.0,78.0,54.0,77.0,93.0,56.0,46.0,77.0,50.0,87.0,72.0,79.0,30.0,77.0,50.0,78.0,80.0,67.0,62.0
시간,722.0,480.0,0.0,324.0,262.0,170.0,244.0,231.0,262.0,203.0,100.0,189.0,129.0,168.0,176.0,113.0,115.0,142.0,135.0,109.0,160.0,113.0,187.0,106.0,73.0,132.0,79.0,94.0,80.0,154.0,111.0,4.0,114.0,137.0,118.0,106.0,87.0,103.0,100.0,110.0,58.0,98.0,95.0,86.0,101.0,118.0,51.0,106.0,59.0,126.0,99.0,89.0,74.0,75.0,84.0,109.0,43.0,82.0,52.0,67.0,113.0,86.0,110.0,93.0,73.0,94.0,14.0,59.0,65.0,91.0,93.0,46.0,87.0,43.0,96.0,62.0,57.0,73.0,69.0,65.0,30.0,64.0,62.0,38.0,64.0,78.0,51.0,33.0,79.0,59.0,75.0,63.0,61.0,29.0,71.0,48.0,66.0,76.0,64.0,68.0
생각,708.0,374.0,324.0,0.0,261.0,165.0,246.0,221.0,250.0,217.0,106.0,176.0,112.0,156.0,181.0,108.0,112.0,124.0,142.0,98.0,160.0,104.0,170.0,106.0,56.0,137.0,72.0,72.0,68.0,146.0,105.0,3.0,113.0,127.0,106.0,101.0,86.0,108.0,117.0,114.0,53.0,85.0,93.0,76.0,76.0,98.0,67.0,112.0,52.0,101.0,95.0,91.0,61.0,80.0,83.0,115.0,49.0,73.0,62.0,59.0,110.0,99.0,102.0,93.0,96.0,100.0,17.0,59.0,60.0,79.0,71.0,53.0,66.0,46.0,87.0,57.0,57.0,61.0,75.0,46.0,33.0,61.0,78.0,53.0,66.0,88.0,53.0,33.0,73.0,41.0,83.0,73.0,64.0,25.0,74.0,45.0,76.0,82.0,71.0,52.0
스토리,547.0,324.0,262.0,261.0,0.0,133.0,230.0,156.0,220.0,171.0,75.0,143.0,90.0,174.0,148.0,142.0,72.0,101.0,120.0,69.0,165.0,63.0,118.0,96.0,50.0,85.0,62.0,62.0,65.0,127.0,104.0,3.0,79.0,91.0,73.0,88.0,81.0,64.0,82.0,89.0,72.0,72.0,69.0,58.0,66.0,73.0,56.0,73.0,41.0,85.0,102.0,99.0,46.0,84.0,72.0,105.0,49.0,60.0,31.0,62.0,96.0,69.0,79.0,69.0,75.0,71.0,8.0,43.0,54.0,72.0,75.0,46.0,52.0,19.0,77.0,34.0,61.0,47.0,93.0,45.0,17.0,48.0,77.0,32.0,51.0,72.0,35.0,16.0,50.0,25.0,61.0,43.0,63.0,17.0,57.0,32.0,58.0,92.0,41.0,48.0
보스,311.0,183.0,170.0,165.0,133.0,0.0,186.0,96.0,141.0,120.0,88.0,111.0,89.0,99.0,106.0,48.0,101.0,76.0,88.0,84.0,75.0,47.0,98.0,81.0,27.0,70.0,67.0,33.0,39.0,93.0,60.0,0.0,65.0,72.0,51.0,76.0,53.0,51.0,72.0,60.0,41.0,78.0,63.0,31.0,46.0,55.0,84.0,61.0,30.0,52.0,52.0,54.0,38.0,69.0,44.0,53.0,5.0,111.0,31.0,41.0,66.0,49.0,57.0,71.0,53.0,47.0,7.0,51.0,28.0,51.0,47.0,39.0,50.0,8.0,64.0,45.0,31.0,44.0,24.0,18.0,34.0,48.0,31.0,58.0,35.0,49.0,54.0,32.0,44.0,22.0,40.0,29.0,50.0,13.0,44.0,46.0,45.0,51.0,32.0,27.0
난이도,519.0,302.0,244.0,246.0,230.0,186.0,0.0,148.0,197.0,155.0,85.0,152.0,94.0,146.0,153.0,125.0,93.0,118.0,114.0,97.0,147.0,68.0,118.0,82.0,51.0,90.0,59.0,63.0,66.0,121.0,97.0,0.0,87.0,108.0,74.0,97.0,64.0,61.0,85.0,74.0,61.0,83.0,71.0,47.0,65.0,71.0,66.0,75.0,50.0,91.0,95.0,64.0,40.0,79.0,53.0,84.0,27.0,74.0,31.0,55.0,103.0,75.0,60.0,86.0,75.0,61.0,23.0,41.0,34.0,69.0,70.0,49.0,55.0,17.0,58.0,40.0,52.0,46.0,53.0,45.0,26.0,54.0,56.0,58.0,52.0,58.0,44.0,40.0,46.0,27.0,53.0,51.0,60.0,13.0,56.0,43.0,49.0,57.0,41.0,36.0
사람,442.0,213.0,231.0,221.0,156.0,96.0,148.0,0.0,182.0,117.0,65.0,114.0,83.0,113.0,111.0,75.0,73.0,74.0,100.0,51.0,94.0,73.0,111.0,65.0,53.0,103.0,38.0,50.0,52.0,90.0,74.0,4.0,69.0,85.0,73.0,60.0,62.0,69.0,75.0,81.0,38.0,53.0,69.0,50.0,45.0,78.0,34.0,60.0,52.0,61.0,69.0,62.0,43.0,41.0,52.0,72.0,33.0,42.0,44.0,42.0,69.0,63.0,67.0,64.0,57.0,61.0,6.0,42.0,36.0,57.0,64.0,30.0,54.0,41.0,56.0,35.0,29.0,46.0,52.0,28.0,15.0,40.0,48.0,27.0,47.0,63.0,27.0,22.0,54.0,34.0,61.0,48.0,38.0,21.0,45.0,31.0,49.0,60.0,45.0,34.0
추천,624.0,301.0,262.0,250.0,220.0,141.0,197.0,182.0,0.0,159.0,84.0,141.0,97.0,140.0,149.0,105.0,80.0,105.0,124.0,74.0,137.0,83.0,129.0,100.0,83.0,92.0,69.0,71.0,57.0,122.0,94.0,3.0,96.0,95.0,108.0,83.0,78.0,66.0,87.0,76.0,41.0,74.0,61.0,51.0,63.0,89.0,59.0,75.0,53.0,104.0,91.0,59.0,52.0,67.0,59.0,97.0,51.0,65.0,40.0,58.0,90.0,72.0,87.0,65.0,80.0,73.0,16.0,54.0,51.0,64.0,75.0,53.0,55.0,41.0,69.0,30.0,36.0,49.0,55.0,55.0,28.0,52.0,44.0,58.0,51.0,63.0,41.0,33.0,49.0,34.0,57.0,50.0,51.0,24.0,52.0,41.0,51.0,64.0,50.0,53.0
느낌,414.0,226.0,203.0,217.0,171.0,120.0,155.0,117.0,159.0,0.0,79.0,120.0,90.0,121.0,118.0,76.0,75.0,58.0,93.0,62.0,101.0,69.0,103.0,86.0,37.0,86.0,52.0,50.0,41.0,89.0,70.0,2.0,80.0,74.0,59.0,76.0,58.0,78.0,80.0,70.0,54.0,64.0,69.0,56.0,37.0,59.0,52.0,71.0,27.0,75.0,70.0,53.0,42.0,58.0,61.0,70.0,31.0,54.0,40.0,45.0,64.0,62.0,71.0,67.0,50.0,64.0,12.0,52.0,33.0,56.0,51.0,35.0,35.0,30.0,49.0,38.0,39.0,41.0,50.0,23.0,23.0,35.0,52.0,36.0,38.0,52.0,35.0,26.0,49.0,29.0,56.0,39.0,51.0,9.0,54.0,32.0,50.0,48.0,48.0,37.0
무기,196.0,120.0,100.0,106.0,75.0,88.0,85.0,65.0,84.0,79.0,0.0,56.0,77.0,62.0,72.0,19.0,78.0,32.0,64.0,44.0,50.0,44.0,54.0,69.0,21.0,55.0,24.0,24.0,24.0,61.0,39.0,0.0,55.0,71.0,41.0,68.0,40.0,51.0,58.0,50.0,17.0,59.0,45.0,43.0,19.0,42.0,37.0,62.0,23.0,40.0,36.0,25.0,54.0,36.0,39.0,36.0,9.0,37.0,26.0,20.0,47.0,40.0,40.0,48.0,39.0,38.0,1.0,37.0,24.0,36.0,31.0,6.0,29.0,24.0,30.0,47.0,18.0,38.0,27.0,17.0,29.0,24.0,18.0,33.0,21.0,29.0,40.0,27.0,27.0,18.0,29.0,30.0,30.0,18.0,34.0,24.0,33.0,28.0,40.0,17.0
재미,392.0,209.0,189.0,176.0,143.0,111.0,152.0,114.0,141.0,120.0,56.0,0.0,72.0,102.0,118.0,58.0,61.0,64.0,85.0,65.0,91.0,62.0,83.0,82.0,37.0,73.0,40.0,42.0,37.0,85.0,54.0,0.0,66.0,78.0,46.0,64.0,49.0,59.0,68.0,53.0,34.0,61.0,47.0,41.0,34.0,56.0,49.0,63.0,36.0,56.0,43.0,48.0,45.0,57.0,44.0,49.0,16.0,46.0,31.0,36.0,72.0,46.0,53.0,59.0,56.0,49.0,20.0,56.0,35.0,50.0,49.0,27.0,52.0,31.0,43.0,41.0,40.0,43.0,37.0,27.0,30.0,37.0,44.0,34.0,28.0,36.0,24.0,25.0,34.0,36.0,43.0,36.0,41.0,17.0,59.0,27.0,38.0,40.0,32.0,25.0
아이템,229.0,137.0,129.0,112.0,90.0,89.0,94.0,83.0,97.0,90.0,77.0,72.0,0.0,92.0,83.0,27.0,68.0,50.0,77.0,50.0,57.0,54.0,82.0,59.0,21.0,62.0,31.0,35.0,35.0,68.0,39.0,2.0,62.0,77.0,46.0,75.0,47.0,59.0,65.0,62.0,21.0,65.0,64.0,34.0,32.0,46.0,31.0,53.0,29.0,43.0,38.0,29.0,52.0,33.0,35.0,35.0,9.0,39.0,28.0,23.0,51.0,47.0,46.0,49.0,49.0,35.0,3.0,34.0,30.0,44.0,44.0,16.0,41.0,16.0,35.0,50.0,14.0,41.0,28.0,13.0,21.0,30.0,21.0,25.0,26.0,34.0,40.0,24.0,38.0,25.0,31.0,32.0,32.0,16.0,34.0,32.0,44.0,28.0,41.0,19.0
진행,346.0,209.0,168.0,156.0,174.0,99.0,146.0,113.0,140.0,121.0,62.0,102.0,92.0,0.0,114.0,75.0,67.0,73.0,85.0,68.0,88.0,51.0,82.0,70.0,37.0,81.0,47.0,53.0,47.0,87.0,65.0,3.0,66.0,84.0,51.0,66.0,65.0,53.0,63.0,73.0,35.0,62.0,62.0,47.0,49.0,64.0,39.0,68.0,44.0,59.0,64.0,64.0,44.0,49.0,60.0,72.0,22.0,40.0,24.0,41.0,72.0,59.0,53.0,48.0,71.0,43.0,7.0,39.0,37.0,53.0,50.0,27.0,48.0,23.0,45.0,35.0,34.0,48.0,51.0,22.0,22.0,45.0,44.0,27.0,39.0,45.0,31.0,10.0,42.0,30.0,54.0,36.0,43.0,17.0,47.0,29.0,53.0,47.0,38.0,28.0
요소,343.0,200.0,176.0,181.0,148.0,106.0,153.0,111.0,149.0,118.0,72.0,118.0,83.0,114.0,0.0,103.0,77.0,58.0,91.0,66.0,100.0,50.0,77.0,76.0,27.0,66.0,46.0,40.0,42.0,98.0,59.0,1.0,60.0,64.0,49.0,60.0,57.0,60.0,71.0,65.0,40.0,56.0,68.0,57.0,41.0,61.0,39.0,59.0,29.0,58.0,66.0,51.0,47.0,54.0,45.0,56.0,29.0,51.0,28.0,29.0,70.0,57.0,61.0,57.0,54.0,44.0,9.0,52.0,39.0,60.0,48.0,28.0,44.0,29.0,35.0,40.0,35.0,45.0,46.0,20.0,27.0,34.0,43.0,32.0,34.0,46.0,32.0,24.0,42.0,32.0,47.0,43.0,46.0,17.0,44.0,33.0,40.0,40.0,34.0,29.0
퍼즐,290.0,146.0,113.0,108.0,142.0,48.0,125.0,75.0,105.0,76.0,19.0,58.0,27.0,75.0,103.0,0.0,24.0,57.0,52.0,39.0,82.0,12.0,44.0,49.0,25.0,41.0,27.0,21.0,12.0,49.0,62.0,1.0,21.0,31.0,34.0,32.0,40.0,22.0,19.0,26.0,27.0,28.0,34.0,9.0,40.0,25.0,14.0,18.0,14.0,40.0,63.0,37.0,4.0,39.0,17.0,42.0,27.0,21.0,9.0,23.0,39.0,23.0,23.0,25.0,34.0,24.0,1.0,25.0,19.0,28.0,25.0,20.0,19.0,3.0,19.0,5.0,28.0,14.0,32.0,22.0,8.0,16.0,40.0,13.0,19.0,25.0,12.0,2.0,15.0,5.0,35.0,17.0,40.0,3.0,22.0,13.0,26.0,44.0,11.0,23.0
공격,184.0,123.0,115.0,112.0,72.0,101.0,93.0,73.0,80.0,75.0,78.0,61.0,68.0,67.0,77.0,24.0,0.0,40.0,60.0,50.0,59.0,42.0,61.0,68.0,16.0,54.0,28.0,22.0,31.0,70.0,38.0,0.0,46.0,56.0,33.0,60.0,50.0,43.0,58.0,57.0,25.0,43.0,49.0,34.0,27.0,43.0,39.0,49.0,20.0,34.0,33.0,38.0,30.0,41.0,41.0,43.0,5.0,61.0,21.0,30.0,47.0,38.0,45.0,59.0,44.0,33.0,6.0,28.0,21.0,41.0,34.0,17.0,27.0,11.0,37.0,31.0,24.0,44.0,20.0,12.0,30.0,30.0,22.0,24.0,23.0,39.0,48.0,24.0,30.0,11.0,30.0,24.0,28.0,18.0,25.0,34.0,28.0,30.0,38.0,17.0
도전,260.0,139.0,142.0,124.0,101.0,76.0,118.0,74.0,105.0,58.0,32.0,64.0,50.0,73.0,58.0,57.0,40.0,0.0,54.0,49.0,62.0,31.0,53.0,36.0,14.0,51.0,49.0,26.0,36.0,50.0,55.0,0.0,47.0,59.0,52.0,40.0,30.0,23.0,34.0,36.0,24.0,46.0,43.0,21.0,199.0,29.0,28.0,31.0,17.0,37.0,38.0,33.0,15.0,31.0,29.0,42.0,11.0,33.0,9.0,23.0,39.0,40.0,30.0,26.0,41.0,21.0,10.0,19.0,17.0,29.0,28.0,29.0,29.0,5.0,46.0,18.0,26.0,22.0,23.0,14.0,11.0,29.0,28.0,25.0,26.0,28.0,25.0,13.0,26.0,24.0,30.0,24.0,23.0,9.0,22.0,19.0,24.0,27.0,21.0,23.0
캐릭터,270.0,164.0,135.0,142.0,120.0,88.0,114.0,100.0,124.0,93.0,64.0,85.0,77.0,85.0,91.0,52.0,60.0,54.0,0.0,43.0,80.0,43.0,74.0,62.0,41.0,61.0,36.0,31.0,32.0,64.0,53.0,1.0,55.0,54.0,50.0,56.0,54.0,55.0,63.0,57.0,26.0,59.0,49.0,27.0,32.0,38.0,26.0,44.0,31.0,45.0,54.0,48.0,41.0,48.0,50.0,59.0,17.0,40.0,20.0,35.0,51.0,45.0,54.0,54.0,55.0,38.0,1.0,25.0,26.0,45.0,46.0,26.0,32.0,11.0,34.0,31.0,31.0,37.0,36.0,21.0,18.0,21.0,42.0,21.0,30.0,38.0,30.0,21.0,32.0,19.0,40.0,31.0,38.0,12.0,30.0,24.0,30.0,26.0,35.0,15.0
스테이지,185.0,111.0,109.0,98.0,69.0,84.0,97.0,51.0,74.0,62.0,44.0,65.0,50.0,68.0,66.0,39.0,50.0,49.0,43.0,0.0,39.0,33.0,56.0,43.0,18.0,45.0,21.0,18.0,29.0,64.0,37.0,0.0,44.0,40.0,26.0,49.0,40.0,38.0,41.0,45.0,13.0,45.0,50.0,24.0,34.0,33.0,26.0,43.0,15.0,25.0,36.0,28.0,25.0,34.0,41.0,37.0,4.0,39.0,24.0,23.0,40.0,32.0,41.0,47.0,40.0,23.0,14.0,28.0,14.0,28.0,32.0,15.0,37.0,17.0,37.0,31.0,20.0,39.0,15.0,10.0,21.0,26.0,25.0,15.0,14.0,25.0,29.0,8.0,41.0,14.0,24.0,24.0,29.0,9.0,23.0,23.0,29.0,27.0,23.0,11.0
그래픽,345.0,205.0,160.0,160.0,165.0,75.0,147.0,94.0,137.0,101.0,50.0,91.0,57.0,88.0,100.0,82.0,59.0,62.0,80.0,39.0,0.0,57.0,68.0,53.0,33.0,63.0,28.0,56.0,37.0,87.0,85.0,1.0,52.0,66.0,58.0,60.0,51.0,47.0,59.0,76.0,51.0,44.0,56.0,24.0,36.0,63.0,30.0,45.0,37.0,71.0,78.0,45.0,30.0,48.0,33.0,64.0,24.0,39.0,24.0,26.0,66.0,57.0,51.0,55.0,47.0,51.0,21.0,33.0,31.0,46.0,53.0,37.0,30.0,24.0,39.0,22.0,46.0,34.0,47.0,37.0,11.0,25.0,55.0,23.0,36.0,43.0,18.0,15.0,30.0,17.0,43.0,35.0,43.0,10.0,44.0,27.0,29.0,39.0,26.0,27.0
업데이트,251.0,130.0,113.0,104.0,63.0,47.0,68.0,73.0,83.0,69.0,44.0,62.0,54.0,51.0,50.0,12.0,42.0,31.0,43.0,33.0,57.0,0.0,55.0,28.0,24.0,54.0,13.0,88.0,44.0,56.0,21.0,2.0,68.0,55.0,53.0,45.0,20.0,48.0,45.0,57.0,18.0,27.0,34.0,27.0,20.0,32.0,16.0,43.0,38.0,35.0,20.0,23.0,26.0,21.0,31.0,40.0,7.0,20.0,25.0,22.0,43.0,44.0,32.0,42.0,27.0,57.0,6.0,17.0,33.0,25.0,31.0,12.0,15.0,19.0,30.0,31.0,17.0,26.0,13.0,16.0,13.0,22.0,18.0,6.0,25.0,31.0,16.0,21.0,32.0,18.0,25.0,35.0,19.0,16.0,22.0,16.0,22.0,22.0,25.0,18.0
처음,344.0,190.0,187.0,170.0,118.0,98.0,118.0,111.0,129.0,103.0,54.0,83.0,82.0,82.0,77.0,44.0,61.0,53.0,74.0,56.0,68.0,55.0,0.0,55.0,40.0,111.0,43.0,34.0,44.0,65.0,52.0,2.0,76.0,67.0,48.0,63.0,46.0,57.0,56.0,61.0,22.0,57.0,53.0,33.0,37.0,66.0,34.0,67.0,34.0,51.0,47.0,48.0,35.0,35.0,47.0,53.0,27.0,57.0,23.0,41.0,45.0,53.0,57.0,51.0,51.0,46.0,6.0,35.0,21.0,39.0,47.0,19.0,55.0,25.0,51.0,33.0,19.0,37.0,27.0,21.0,13.0,35.0,32.0,15.0,36.0,36.0,34.0,24.0,49.0,22.0,42.0,31.0,31.0,15.0,34.0,26.0,47.0,40.0,35.0,27.0
전투,211.0,117.0,106.0,106.0,96.0,81.0,82.0,65.0,100.0,86.0,69.0,82.0,59.0,70.0,76.0,49.0,68.0,36.0,62.0,43.0,53.0,28.0,55.0,0.0,21.0,42.0,23.0,23.0,18.0,49.0,45.0,0.0,39.0,51.0,34.0,54.0,41.0,40.0,55.0,43.0,24.0,39.0,39.0,43.0,28.0,30.0,36.0,42.0,24.0,34.0,34.0,32.0,37.0,51.0,31.0,38.0,4.0,47.0,24.0,24.0,39.0,33.0,35.0,37.0,43.0,33.0,5.0,49.0,22.0,45.0,37.0,17.0,25.0,20.0,27.0,34.0,30.0,44.0,38.0,8.0,23.0,27.0,24.0,30.0,16.0,33.0,36.0,10.0,23.0,21.0,29.0,20.0,31.0,12.0,20.0,24.0,24.0,29.0,28.0,17.0
친구,203.0,96.0,73.0,56.0,50.0,27.0,51.0,53.0,83.0,37.0,21.0,37.0,21.0,37.0,27.0,25.0,16.0,14.0,41.0,18.0,33.0,24.0,40.0,21.0,0.0,28.0,17.0,15.0,22.0,19.0,20.0,0.0,24.0,32.0,24.0,23.0,24.0,20.0,21.0,18.0,5.0,8.0,13.0,15.0,11.0,31.0,6.0,18.0,39.0,25.0,13.0,12.0,11.0,11.0,22.0,18.0,11.0,15.0,11.0,11.0,10.0,20.0,14.0,11.0,16.0,17.0,2.0,10.0,7.0,13.0,17.0,8.0,17.0,9.0,15.0,12.0,6.0,7.0,7.0,15.0,6.0,15.0,12.0,1.0,17.0,11.0,9.0,6.0,21.0,9.0,8.0,10.0,8.0,7.0,7.0,11.0,13.0,14.0,15.0,4.0
시작,275.0,145.0,132.0,137.0,85.0,70.0,90.0,103.0,92.0,86.0,55.0,73.0,62.0,81.0,66.0,41.0,54.0,51.0,61.0,45.0,63.0,54.0,111.0,42.0,28.0,0.0,33.0,33.0,31.0,51.0,53.0,1.0,53.0,67.0,40.0,48.0,41.0,51.0,43.0,51.0,12.0,55.0,51.0,32.0,37.0,51.0,19.0,54.0,24.0,37.0,36.0,40.0,34.0,32.0,41.0,41.0,19.0,29.0,38.0,26.0,36.0,36.0,47.0,51.0,42.0,39.0,5.0,18.0,20.0,38.0,30.0,13.0,31.0,29.0,41.0,27.0,17.0,31.0,27.0,17.0,17.0,31.0,28.0,19.0,40.0,31.0,25.0,19.0,42.0,25.0,45.0,37.0,27.0,26.0,32.0,25.0,36.0,34.0,38.0,23.0
회차,130.0,103.0,79.0,72.0,62.0,67.0,59.0,38.0,69.0,52.0,24.0,40.0,31.0,47.0,46.0,27.0,28.0,49.0,36.0,21.0,28.0,13.0,43.0,23.0,17.0,33.0,0.0,14.0,19.0,33.0,20.0,1.0,25.0,27.0,15.0,25.0,19.0,22.0,20.0,21.0,17.0,26.0,22.0,12.0,35.0,29.0,33.0,19.0,11.0,17.0,22.0,20.0,16.0,26.0,26.0,31.0,5.0,36.0,8.0,14.0,24.0,23.0,20.0,15.0,19.0,12.0,1.0,13.0,13.0,20.0,13.0,13.0,12.0,2.0,23.0,13.0,11.0,15.0,14.0,13.0,6.0,21.0,7.0,19.0,15.0,24.0,16.0,10.0,8.0,9.0,22.0,15.0,17.0,3.0,18.0,16.0,18.0,24.0,11.0,13.0
한글,187.0,95.0,94.0,72.0,62.0,33.0,63.0,50.0,71.0,50.0,24.0,42.0,35.0,53.0,40.0,21.0,22.0,26.0,31.0,18.0,56.0,88.0,34.0,23.0,15.0,33.0,14.0,0.0,32.0,50.0,19.0,1.0,35.0,43.0,32.0,34.0,25.0,27.0,31.0,42.0,11.0,19.0,27.0,22.0,18.0,27.0,15.0,25.0,22.0,39.0,17.0,23.0,17.0,26.0,22.0,37.0,6.0,12.0,14.0,19.0,39.0,26.0,21.0,32.0,25.0,24.0,4.0,13.0,58.0,22.0,37.0,17.0,14.0,12.0,12.0,13.0,16.0,15.0,16.0,19.0,8.0,18.0,20.0,8.0,22.0,22.0,13.0,5.0,17.0,12.0,16.0,26.0,17.0,7.0,16.0,12.0,21.0,23.0,21.0,23.0
모드,142.0,80.0,80.0,68.0,65.0,39.0,66.0,52.0,57.0,41.0,24.0,37.0,35.0,47.0,42.0,12.0,31.0,36.0,32.0,29.0,37.0,44.0,44.0,18.0,22.0,31.0,19.0,32.0,0.0,23.0,25.0,1.0,41.0,40.0,25.0,31.0,24.0,25.0,30.0,35.0,14.0,26.0,26.0,14.0,22.0,32.0,12.0,28.0,20.0,24.0,24.0,16.0,12.0,19.0,30.0,26.0,9.0,22.0,12.0,13.0,24.0,26.0,14.0,27.0,18.0,19.0,6.0,8.0,17.0,19.0,24.0,11.0,17.0,9.0,21.0,13.0,13.0,20.0,13.0,13.0,13.0,23.0,15.0,3.0,24.0,22.0,15.0,10.0,15.0,8.0,20.0,16.0,16.0,7.0,19.0,13.0,19.0,10.0,20.0,11.0
단점,283.0,161.0,154.0,146.0,127.0,93.0,121.0,90.0,122.0,89.0,61.0,85.0,68.0,87.0,98.0,49.0,70.0,50.0,64.0,64.0,87.0,56.0,65.0,49.0,19.0,51.0,33.0,50.0,23.0,0.0,58.0,0.0,56.0,63.0,43.0,59.0,42.0,48.0,69.0,62.0,34.0,51.0,60.0,40.0,33.0,45.0,43.0,52.0,32.0,49.0,54.0,47.0,27.0,40.0,50.0,56.0,26.0,40.0,25.0,32.0,174.0,50.0,60.0,49.0,44.0,39.0,15.0,34.0,27.0,52.0,45.0,29.0,30.0,19.0,40.0,33.0,34.0,47.0,32.0,12.0,22.0,31.0,35.0,28.0,29.0,38.0,31.0,15.0,25.0,15.0,38.0,26.0,37.0,13.0,44.0,30.0,38.0,38.0,31.0,23.0
조작,226.0,134.0,111.0,105.0,104.0,60.0,97.0,74.0,94.0,70.0,39.0,54.0,39.0,65.0,59.0,62.0,38.0,55.0,53.0,37.0,85.0,21.0,52.0,45.0,20.0,53.0,20.0,19.0,25.0,58.0,0.0,1.0,25.0,50.0,34.0,39.0,41.0,29.0,34.0,43.0,25.0,33.0,38.0,20.0,34.0,27.0,16.0,32.0,13.0,38.0,61.0,38.0,15.0,37.0,22.0,38.0,17.0,26.0,15.0,21.0,46.0,39.0,33.0,31.0,47.0,25.0,7.0,19.0,11.0,57.0,31.0,21.0,19.0,12.0,40.0,15.0,29.0,32.0,29.0,19.0,9.0,23.0,41.0,19.0,30.0,30.0,14.0,6.0,31.0,7.0,30.0,18.0,28.0,9.0,27.0,35.0,34.0,24.0,20.0,18.0
발언,6.0,4.0,4.0,3.0,3.0,0.0,0.0,4.0,3.0,2.0,0.0,0.0,2.0,3.0,1.0,1.0,0.0,0.0,1.0,0.0,1.0,2.0,2.0,0.0,0.0,1.0,1.0,1.0,1.0,0.0,1.0,0.0,0.0,0.0,1.0,0.0,1.0,1.0,3.0,4.0,0.0,0.0,1.0,1.0,0.0,3.0,0.0,0.0,0.0,0.0,1.0,1.0,1.0,1.0,1.0,0.0,0.0,0.0,1.0,0.0,1.0,2.0,2.0,0.0,0.0,1.0,0.0,0.0,2.0,0.0,2.0,0.0,1.0,0.0,0.0,0.0,1.0,0.0,0.0,0.0,0.0,0.0,2.0,0.0,2.0,2.0,0.0,0.0,2.0,1.0,1.0,3.0,0.0,0.0,1.0,0.0,1.0,2.0,0.0,0.0
추가,207.0,143.0,114.0,113.0,79.0,65.0,87.0,69.0,96.0,80.0,55.0,66.0,62.0,66.0,60.0,21.0,46.0,47.0,55.0,44.0,52.0,68.0,76.0,39.0,24.0,53.0,25.0,35.0,41.0,56.0,25.0,0.0,0.0,64.0,54.0,53.0,33.0,53.0,52.0,45.0,24.0,43.0,44.0,36.0,37.0,56.0,26.0,46.0,38.0,40.0,34.0,35.0,35.0,29.0,33.0,49.0,14.0,27.0,32.0,28.0,33.0,42.0,35.0,48.0,28.0,41.0,8.0,19.0,20.0,31.0,33.0,13.0,26.0,11.0,37.0,37.0,20.0,33.0,19.0,13.0,19.0,24.0,16.0,16.0,31.0,32.0,25.0,20.0,24.0,20.0,30.0,23.0,21.0,18.0,24.0,24.0,33.0,18.0,30.0,24.0
필요,241.0,148.0,137.0,127.0,91.0,72.0,108.0,85.0,95.0,74.0,71.0,78.0,77.0,84.0,64.0,31.0,56.0,59.0,54.0,40.0,66.0,55.0,67.0,51.0,32.0,67.0,27.0,43.0,40.0,63.0,50.0,0.0,64.0,0.0,52.0,65.0,50.0,54.0,49.0,56.0,22.0,52.0,51.0,44.0,35.0,55.0,23.0,63.0,27.0,53.0,40.0,32.0,39.0,36.0,33.0,39.0,10.0,41.0,30.0,17.0,52.0,45.0,46.0,51.0,41.0,40.0,9.0,28.0,27.0,36.0,39.0,24.0,37.0,30.0,38.0,39.0,30.0,32.0,31.0,23.0,18.0,27.0,24.0,19.0,27.0,33.0,33.0,15.0,29.0,34.0,38.0,28.0,29.0,21.0,32.0,21.0,36.0,28.0,33.0,22.0
구매,228.0,146.0,118.0,106.0,73.0,51.0,74.0,73.0,108.0,59.0,41.0,46.0,46.0,51.0,49.0,34.0,33.0,52.0,50.0,26.0,58.0,53.0,48.0,34.0,24.0,40.0,15.0,32.0,25.0,43.0,34.0,1.0,54.0,52.0,0.0,39.0,22.0,33.0,43.0,37.0,17.0,31.0,27.0,25.0,36.0,35.0,21.0,38.0,22.0,48.0,29.0,28.0,30.0,25.0,20.0,36.0,11.0,20.0,17.0,21.0,34.0,33.0,23.0,32.0,31.0,35.0,5.0,19.0,21.0,21.0,26.0,19.0,27.0,16.0,22.0,32.0,24.0,17.0,18.0,38.0,8.0,10.0,20.0,17.0,22.0,26.0,20.0,11.0,20.0,16.0,20.0,20.0,17.0,6.0,20.0,15.0,21.0,16.0,27.0,45.0
사용,193.0,129.0,106.0,101.0,88.0,76.0,97.0,60.0,83.0,76.0,68.0,64.0,75.0,66.0,60.0,32.0,60.0,40.0,56.0,49.0,60.0,45.0,63.0,54.0,23.0,48.0,25.0,34.0,31.0,59.0,39.0,0.0,53.0,65.0,39.0,0.0,38.0,49.0,49.0,45.0,17.0,45.0,47.0,24.0,25.0,42.0,27.0,46.0,27.0,30.0,38.0,29.0,23.0,39.0,42.0,43.0,8.0,44.0,20.0,20.0,46.0,41.0,35.0,49.0,38.0,29.0,11.0,20.0,20.0,39.0,33.0,21.0,29.0,15.0,26.0,34.0,29.0,31.0,22.0,16.0,26.0,28.0,24.0,20.0,26.0,28.0,39.0,16.0,27.0,14.0,32.0,24.0,31.0,12.0,32.0,24.0,27.0,24.0,32.0,9.0
플레이어,149.0,113.0,87.0,86.0,81.0,53.0,64.0,62.0,78.0,58.0,40.0,49.0,47.0,65.0,57.0,40.0,50.0,30.0,54.0,40.0,51.0,20.0,46.0,41.0,24.0,41.0,19.0,25.0,24.0,42.0,41.0,1.0,33.0,50.0,22.0,38.0,0.0,38.0,41.0,41.0,20.0,28.0,51.0,24.0,19.0,28.0,27.0,25.0,15.0,25.0,41.0,35.0,15.0,31.0,33.0,36.0,10.0,30.0,21.0,19.0,34.0,24.0,40.0,41.0,44.0,21.0,2.0,22.0,17.0,28.0,30.0,22.0,25.0,15.0,27.0,17.0,23.0,20.0,22.0,10.0,13.0,22.0,32.0,9.0,30.0,35.0,25.0,10.0,28.0,10.0,35.0,25.0,23.0,12.0,26.0,21.0,31.0,24.0,17.0,8.0
부족,182.0,105.0,103.0,108.0,64.0,51.0,61.0,69.0,66.0,78.0,51.0,59.0,59.0,53.0,60.0,22.0,43.0,23.0,55.0,38.0,47.0,48.0,57.0,40.0,20.0,51.0,22.0,27.0,25.0,48.0,29.0,1.0,53.0,54.0,33.0,49.0,38.0,0.0,49.0,44.0,12.0,43.0,44.0,29.0,14.0,43.0,17.0,48.0,22.0,40.0,23.0,29.0,24.0,27.0,29.0,33.0,15.0,25.0,22.0,15.0,32.0,34.0,33.0,38.0,29.0,33.0,6.0,18.0,21.0,32.0,38.0,11.0,25.0,17.0,22.0,29.0,17.0,23.0,18.0,16.0,19.0,21.0,18.0,9.0,18.0,25.0,25.0,20.0,26.0,14.0,31.0,28.0,28.0,12.0,26.0,20.0,40.0,24.0,25.0,14.0
시스템,216.0,131.0,100.0,117.0,82.0,72.0,85.0,75.0,87.0,80.0,58.0,68.0,65.0,63.0,71.0,19.0,58.0,34.0,63.0,41.0,59.0,45.0,56.0,55.0,21.0,43.0,20.0,31.0,30.0,69.0,34.0,3.0,52.0,49.0,43.0,49.0,41.0,49.0,0.0,48.0,25.0,41.0,44.0,27.0,20.0,44.0,41.0,41.0,24.0,34.0,34.0,30.0,34.0,33.0,45.0,38.0,3.0,31.0,23.0,21.0,49.0,31.0,45.0,44.0,32.0,39.0,6.0,26.0,12.0,39.0,30.0,25.0,25.0,14.0,26.0,31.0,25.0,38.0,22.0,8.0,19.0,24.0,24.0,27.0,23.0,38.0,30.0,17.0,31.0,14.0,30.0,23.0,25.0,13.0,28.0,24.0,24.0,20.0,27.0,14.0
문제,197.0,131.0,110.0,114.0,89.0,60.0,74.0,81.0,76.0,70.0,50.0,53.0,62.0,73.0,65.0,26.0,57.0,36.0,57.0,45.0,76.0,57.0,61.0,43.0,18.0,51.0,21.0,42.0,35.0,62.0,43.0,4.0,45.0,56.0,37.0,45.0,41.0,44.0,48.0,0.0,14.0,46.0,46.0,26.0,26.0,40.0,21.0,48.0,25.0,38.0,35.0,35.0,27.0,33.0,39.0,45.0,12.0,34.0,32.0,23.0,48.0,51.0,49.0,51.0,42.0,34.0,6.0,21.0,36.0,36.0,41.0,19.0,23.0,20.0,31.0,28.0,27.0,31.0,24.0,14.0,14.0,27.0,29.0,9.0,33.0,34.0,23.0,10.0,25.0,23.0,39.0,23.0,34.0,14.0,30.0,23.0,28.0,30.0,36.0,18.0
전작,116.0,81.0,58.0,53.0,72.0,41.0,61.0,38.0,41.0,54.0,17.0,34.0,21.0,35.0,40.0,27.0,25.0,24.0,26.0,13.0,51.0,18.0,22.0,24.0,5.0,12.0,17.0,11.0,14.0,34.0,25.0,0.0,24.0,22.0,17.0,17.0,20.0,12.0,25.0,14.0,0.0,19.0,21.0,5.0,14.0,18.0,12.0,8.0,10.0,28.0,25.0,18.0,7.0,28.0,16.0,25.0,11.0,15.0,4.0,8.0,25.0,19.0,22.0,20.0,16.0,22.0,6.0,17.0,12.0,10.0,24.0,28.0,10.0,2.0,19.0,5.0,28.0,10.0,17.0,12.0,8.0,6.0,17.0,21.0,12.0,17.0,12.0,5.0,16.0,5.0,14.0,10.0,14.0,2.0,11.0,6.0,11.0,19.0,8.0,7.0
레벨,174.0,107.0,98.0,85.0,72.0,78.0,83.0,53.0,74.0,64.0,59.0,61.0,65.0,62.0,56.0,28.0,43.0,46.0,59.0,45.0,44.0,27.0,57.0,39.0,8.0,55.0,26.0,19.0,26.0,51.0,33.0,0.0,43.0,52.0,31.0,45.0,28.0,43.0,41.0,46.0,19.0,0.0,45.0,21.0,24.0,37.0,27.0,40.0,16.0,26.0,29.0,19.0,35.0,35.0,33.0,35.0,6.0,30.0,14.0,21.0,38.0,37.0,38.0,39.0,40.0,33.0,6.0,25.0,18.0,38.0,29.0,18.0,31.0,15.0,25.0,34.0,12.0,23.0,22.0,12.0,18.0,21.0,12.0,21.0,19.0,18.0,30.0,13.0,28.0,22.0,27.0,27.0,63.0,14.0,29.0,19.0,25.0,19.0,24.0,12.0
존재,170.0,108.0,95.0,93.0,69.0,63.0,71.0,69.0,61.0,69.0,45.0,47.0,64.0,62.0,68.0,34.0,49.0,43.0,49.0,50.0,56.0,34.0,53.0,39.0,13.0,51.0,22.0,27.0,26.0,60.0,38.0,1.0,44.0,51.0,27.0,47.0,51.0,44.0,44.0,46.0,21.0,45.0,0.0,28.0,27.0,46.0,28.0,35.0,22.0,28.0,35.0,38.0,19.0,31.0,37.0,29.0,8.0,28.0,24.0,19.0,43.0,33.0,47.0,46.0,35.0,25.0,10.0,25.0,21.0,36.0,35.0,17.0,23.0,18.0,28.0,19.0,22.0,26.0,25.0,10.0,18.0,31.0,26.0,8.0,26.0,24.0,27.0,8.0,27.0,12.0,33.0,27.0,25.0,10.0,37.0,24.0,27.0,27.0,21.0,7.0
퀘스트,139.0,76.0,86.0,76.0,58.0,31.0,47.0,50.0,51.0,56.0,43.0,41.0,34.0,47.0,57.0,9.0,34.0,21.0,27.0,24.0,24.0,27.0,33.0,43.0,15.0,32.0,12.0,22.0,14.0,40.0,20.0,1.0,36.0,44.0,25.0,24.0,24.0,29.0,27.0,26.0,5.0,21.0,28.0,0.0,18.0,23.0,9.0,42.0,21.0,27.0,15.0,18.0,33.0,16.0,19.0,27.0,7.0,11.0,27.0,13.0,21.0,22.0,29.0,28.0,20.0,18.0,1.0,19.0,19.0,29.0,18.0,5.0,16.0,18.0,20.0,31.0,5.0,23.0,17.0,9.0,7.0,15.0,15.0,4.0,14.0,23.0,16.0,2.0,21.0,21.0,18.0,15.0,8.0,13.0,19.0,14.0,14.0,18.0,15.0,16.0
과제,163.0,89.0,101.0,76.0,66.0,46.0,65.0,45.0,63.0,37.0,19.0,34.0,32.0,49.0,41.0,40.0,27.0,199.0,32.0,34.0,36.0,20.0,37.0,28.0,11.0,37.0,35.0,18.0,22.0,33.0,34.0,0.0,37.0,35.0,36.0,25.0,19.0,14.0,20.0,26.0,14.0,24.0,27.0,18.0,0.0,21.0,12.0,23.0,14.0,24.0,22.0,19.0,14.0,14.0,16.0,27.0,8.0,19.0,6.0,15.0,26.0,28.0,20.0,18.0,22.0,13.0,6.0,11.0,12.0,20.0,14.0,14.0,20.0,5.0,32.0,11.0,13.0,17.0,17.0,12.0,4.0,17.0,19.0,15.0,15.0,21.0,12.0,6.0,15.0,18.0,18.0,17.0,13.0,8.0,12.0,14.0,16.0,17.0,12.0,17.0
이상,194.0,127.0,118.0,98.0,73.0,55.0,71.0,78.0,89.0,59.0,42.0,56.0,46.0,64.0,61.0,25.0,43.0,29.0,38.0,33.0,63.0,32.0,66.0,30.0,31.0,51.0,29.0,27.0,32.0,45.0,27.0,3.0,56.0,55.0,35.0,42.0,28.0,43.0,44.0,40.0,18.0,37.0,46.0,23.0,21.0,0.0,15.0,33.0,25.0,38.0,29.0,23.0,24.0,26.0,32.0,35.0,11.0,28.0,17.0,25.0,23.0,45.0,39.0,28.0,28.0,31.0,5.0,22.0,22.0,28.0,39.0,13.0,32.0,19.0,25.0,29.0,15.0,32.0,23.0,26.0,14.0,21.0,26.0,10.0,24.0,22.0,19.0,13.0,27.0,27.0,29.0,25.0,19.0,14.0,26.0,23.0,21.0,27.0,32.0,17.0
소울,120.0,72.0,51.0,67.0,56.0,84.0,66.0,34.0,59.0,52.0,37.0,49.0,31.0,39.0,39.0,14.0,39.0,28.0,26.0,26.0,30.0,16.0,34.0,36.0,6.0,19.0,33.0,15.0,12.0,43.0,16.0,0.0,26.0,23.0,21.0,27.0,27.0,17.0,41.0,21.0,12.0,27.0,28.0,9.0,12.0,15.0,0.0,26.0,8.0,15.0,27.0,19.0,8.0,37.0,17.0,23.0,3.0,44.0,7.0,9.0,34.0,23.0,15.0,33.0,18.0,17.0,0.0,23.0,6.0,20.0,15.0,16.0,13.0,3.0,16.0,14.0,11.0,15.0,9.0,9.0,13.0,21.0,12.0,33.0,12.0,20.0,22.0,8.0,10.0,1.0,12.0,14.0,18.0,3.0,26.0,19.0,20.0,18.0,13.0,8.0
초반,197.0,116.0,106.0,112.0,73.0,61.0,75.0,60.0,75.0,71.0,62.0,63.0,53.0,68.0,59.0,18.0,49.0,31.0,44.0,43.0,45.0,43.0,67.0,42.0,18.0,54.0,19.0,25.0,28.0,52.0,32.0,0.0,46.0,63.0,38.0,46.0,25.0,48.0,41.0,48.0,8.0,40.0,35.0,42.0,23.0,33.0,26.0,0.0,18.0,24.0,29.0,35.0,36.0,23.0,36.0,38.0,12.0,33.0,27.0,30.0,41.0,44.0,36.0,41.0,27.0,29.0,6.0,22.0,20.0,32.0,26.0,16.0,37.0,24.0,28.0,33.0,12.0,37.0,29.0,14.0,17.0,29.0,20.0,19.0,23.0,28.0,23.0,7.0,39.0,21.0,29.0,23.0,19.0,16.0,33.0,24.0,31.0,31.0,33.0,17.0
멀티,138.0,90.0,59.0,52.0,41.0,30.0,50.0,52.0,53.0,27.0,23.0,36.0,29.0,44.0,29.0,14.0,20.0,17.0,31.0,15.0,37.0,38.0,34.0,24.0,39.0,24.0,11.0,22.0,20.0,32.0,13.0,0.0,38.0,27.0,22.0,27.0,15.0,22.0,24.0,25.0,10.0,16.0,22.0,21.0,14.0,25.0,8.0,18.0,0.0,24.0,15.0,12.0,18.0,15.0,11.0,19.0,10.0,14.0,8.0,17.0,20.0,21.0,14.0,14.0,18.0,13.0,2.0,14.0,10.0,16.0,18.0,6.0,14.0,16.0,12.0,20.0,7.0,14.0,9.0,17.0,11.0,9.0,6.0,1.0,19.0,10.0,9.0,10.0,12.0,9.0,10.0,13.0,12.0,3.0,14.0,9.0,14.0,13.0,13.0,10.0
가격,219.0,123.0,126.0,101.0,85.0,52.0,91.0,61.0,104.0,75.0,40.0,56.0,43.0,59.0,58.0,40.0,34.0,37.0,45.0,25.0,71.0,35.0,51.0,34.0,25.0,37.0,17.0,39.0,24.0,49.0,38.0,0.0,40.0,53.0,48.0,30.0,25.0,40.0,34.0,38.0,28.0,26.0,28.0,27.0,24.0,38.0,15.0,24.0,24.0,0.0,34.0,22.0,24.0,27.0,27.0,36.0,14.0,19.0,14.0,17.0,45.0,31.0,29.0,30.0,30.0,28.0,2.0,15.0,21.0,30.0,33.0,22.0,25.0,13.0,18.0,22.0,25.0,9.0,21.0,43.0,9.0,12.0,15.0,14.0,16.0,19.0,15.0,14.0,21.0,22.0,16.0,22.0,14.0,7.0,28.0,18.0,15.0,30.0,13.0,41.0
분위기,197.0,122.0,99.0,95.0,102.0,52.0,95.0,69.0,91.0,70.0,36.0,43.0,38.0,64.0,66.0,63.0,33.0,38.0,54.0,36.0,78.0,20.0,47.0,34.0,13.0,36.0,22.0,17.0,24.0,54.0,61.0,1.0,34.0,40.0,29.0,38.0,41.0,23.0,34.0,35.0,25.0,29.0,35.0,15.0,22.0,29.0,27.0,29.0,15.0,34.0,0.0,39.0,12.0,30.0,21.0,35.0,36.0,22.0,15.0,25.0,46.0,26.0,23.0,35.0,44.0,23.0,3.0,26.0,15.0,37.0,34.0,14.0,21.0,8.0,26.0,12.0,25.0,23.0,34.0,14.0,5.0,17.0,39.0,21.0,23.0,36.0,18.0,5.0,16.0,6.0,33.0,17.0,32.0,9.0,30.0,21.0,24.0,22.0,14.0,16.0
주인공,166.0,107.0,89.0,91.0,99.0,54.0,64.0,62.0,59.0,53.0,25.0,48.0,29.0,64.0,51.0,37.0,38.0,33.0,48.0,28.0,45.0,23.0,48.0,32.0,12.0,40.0,20.0,23.0,16.0,47.0,38.0,1.0,35.0,32.0,28.0,29.0,35.0,29.0,30.0,35.0,18.0,19.0,38.0,18.0,19.0,23.0,19.0,35.0,12.0,22.0,39.0,0.0,15.0,37.0,28.0,35.0,15.0,17.0,18.0,25.0,42.0,24.0,35.0,29.0,30.0,22.0,0.0,15.0,24.0,24.0,23.0,16.0,16.0,8.0,34.0,12.0,28.0,21.0,28.0,11.0,9.0,25.0,33.0,15.0,22.0,24.0,12.0,7.0,23.0,5.0,29.0,14.0,20.0,9.0,17.0,18.0,18.0,35.0,19.0,11.0
파밍,131.0,70.0,74.0,61.0,46.0,38.0,40.0,43.0,52.0,42.0,54.0,45.0,52.0,44.0,47.0,4.0,30.0,15.0,41.0,25.0,30.0,26.0,35.0,37.0,11.0,34.0,16.0,17.0,12.0,27.0,15.0,1.0,35.0,39.0,30.0,23.0,15.0,24.0,34.0,27.0,7.0,35.0,19.0,33.0,14.0,24.0,8.0,36.0,18.0,24.0,12.0,15.0,0.0,16.0,20.0,18.0,2.0,16.0,14.0,13.0,23.0,21.0,28.0,23.0,25.0,26.0,1.0,14.0,15.0,13.0,16.0,4.0,20.0,27.0,13.0,33.0,6.0,24.0,11.0,7.0,8.0,9.0,13.0,9.0,12.0,17.0,10.0,12.0,16.0,25.0,10.0,13.0,12.0,17.0,18.0,6.0,11.0,11.0,18.0,12.0
액션,160.0,100.0,75.0,80.0,84.0,69.0,79.0,41.0,67.0,58.0,36.0,57.0,33.0,49.0,54.0,39.0,41.0,31.0,48.0,34.0,48.0,21.0,35.0,51.0,11.0,32.0,26.0,26.0,19.0,40.0,37.0,1.0,29.0,36.0,25.0,39.0,31.0,27.0,33.0,33.0,28.0,35.0,31.0,16.0,14.0,26.0,37.0,23.0,15.0,27.0,30.0,37.0,16.0,0.0,22.0,39.0,5.0,35.0,10.0,31.0,29.0,24.0,27.0,37.0,34.0,25.0,0.0,27.0,17.0,21.0,22.0,19.0,19.0,5.0,20.0,21.0,24.0,20.0,21.0,8.0,11.0,19.0,22.0,22.0,17.0,16.0,25.0,16.0,23.0,6.0,31.0,15.0,33.0,3.0,26.0,14.0,29.0,29.0,15.0,10.0
선택,137.0,89.0,84.0,83.0,72.0,44.0,53.0,52.0,59.0,61.0,39.0,44.0,35.0,60.0,45.0,17.0,41.0,29.0,50.0,41.0,33.0,31.0,47.0,31.0,22.0,41.0,26.0,22.0,30.0,50.0,22.0,1.0,33.0,33.0,20.0,42.0,33.0,29.0,45.0,39.0,16.0,33.0,37.0,19.0,16.0,32.0,17.0,36.0,11.0,27.0,21.0,28.0,20.0,22.0,0.0,35.0,6.0,21.0,13.0,16.0,32.0,32.0,41.0,37.0,23.0,33.0,6.0,13.0,12.0,26.0,27.0,16.0,19.0,13.0,24.0,14.0,23.0,25.0,22.0,10.0,13.0,16.0,21.0,6.0,18.0,24.0,21.0,7.0,26.0,11.0,33.0,25.0,21.0,9.0,27.0,14.0,18.0,19.0,22.0,10.0
개인,208.0,130.0,109.0,115.0,105.0,53.0,84.0,72.0,97.0,70.0,36.0,49.0,35.0,72.0,56.0,42.0,43.0,42.0,59.0,37.0,64.0,40.0,53.0,38.0,18.0,41.0,31.0,37.0,26.0,56.0,38.0,0.0,49.0,39.0,36.0,43.0,36.0,33.0,38.0,45.0,25.0,35.0,29.0,27.0,27.0,35.0,23.0,38.0,19.0,36.0,35.0,35.0,18.0,39.0,35.0,0.0,15.0,23.0,16.0,28.0,44.0,43.0,40.0,34.0,39.0,36.0,7.0,21.0,18.0,28.0,38.0,30.0,22.0,12.0,27.0,22.0,28.0,25.0,23.0,20.0,12.0,23.0,26.0,16.0,20.0,41.0,16.0,11.0,23.0,13.0,35.0,28.0,24.0,9.0,26.0,19.0,24.0,33.0,27.0,18.0
공포,155.0,65.0,43.0,49.0,49.0,5.0,27.0,33.0,51.0,31.0,9.0,16.0,9.0,22.0,29.0,27.0,5.0,11.0,17.0,4.0,24.0,7.0,27.0,4.0,11.0,19.0,5.0,6.0,9.0,26.0,17.0,0.0,14.0,10.0,11.0,8.0,10.0,15.0,3.0,12.0,11.0,6.0,8.0,7.0,8.0,11.0,3.0,12.0,10.0,14.0,36.0,15.0,2.0,5.0,6.0,15.0,0.0,3.0,2.0,10.0,15.0,11.0,16.0,4.0,10.0,15.0,1.0,9.0,8.0,8.0,8.0,6.0,6.0,7.0,7.0,2.0,8.0,7.0,14.0,10.0,0.0,9.0,15.0,1.0,14.0,11.0,2.0,1.0,6.0,2.0,13.0,6.0,11.0,2.0,5.0,4.0,10.0,10.0,5.0,14.0
패턴,132.0,86.0,82.0,73.0,60.0,111.0,74.0,42.0,65.0,54.0,37.0,46.0,39.0,40.0,51.0,21.0,61.0,33.0,40.0,39.0,39.0,20.0,57.0,47.0,15.0,29.0,36.0,12.0,22.0,40.0,26.0,0.0,27.0,41.0,20.0,44.0,30.0,25.0,31.0,34.0,15.0,30.0,28.0,11.0,19.0,28.0,44.0,33.0,14.0,19.0,22.0,17.0,16.0,35.0,21.0,23.0,3.0,0.0,7.0,22.0,33.0,27.0,25.0,36.0,25.0,21.0,1.0,27.0,11.0,19.0,30.0,20.0,30.0,4.0,29.0,21.0,10.0,22.0,13.0,7.0,17.0,28.0,10.0,21.0,19.0,17.0,34.0,11.0,18.0,6.0,21.0,14.0,27.0,8.0,18.0,22.0,21.0,23.0,18.0,12.0
마을,97.0,52.0,52.0,62.0,31.0,31.0,31.0,44.0,40.0,40.0,26.0,31.0,28.0,24.0,28.0,9.0,21.0,9.0,20.0,24.0,24.0,25.0,23.0,24.0,11.0,38.0,8.0,14.0,12.0,25.0,15.0,1.0,32.0,30.0,17.0,20.0,21.0,22.0,23.0,32.0,4.0,14.0,24.0,27.0,6.0,17.0,7.0,27.0,8.0,14.0,15.0,18.0,14.0,10.0,13.0,16.0,2.0,7.0,0.0,10.0,16.0,14.0,21.0,21.0,8.0,16.0,1.0,16.0,13.0,15.0,19.0,3.0,11.0,12.0,16.0,20.0,10.0,19.0,8.0,4.0,10.0,11.0,13.0,4.0,10.0,15.0,10.0,3.0,18.0,13.0,16.0,11.0,10.0,13.0,9.0,12.0,11.0,10.0,17.0,4.0
중간,131.0,84.0,67.0,59.0,62.0,41.0,55.0,42.0,58.0,45.0,20.0,36.0,23.0,41.0,29.0,23.0,30.0,23.0,35.0,23.0,26.0,22.0,41.0,24.0,11.0,26.0,14.0,19.0,13.0,32.0,21.0,0.0,28.0,17.0,21.0,20.0,19.0,15.0,21.0,23.0,8.0,21.0,19.0,13.0,15.0,25.0,9.0,30.0,17.0,17.0,25.0,25.0,13.0,31.0,16.0,28.0,10.0,22.0,10.0,0.0,24.0,19.0,22.0,20.0,16.0,24.0,1.0,11.0,18.0,18.0,17.0,10.0,13.0,4.0,19.0,16.0,13.0,16.0,14.0,10.0,8.0,19.0,10.0,8.0,19.0,17.0,15.0,8.0,12.0,8.0,18.0,16.0,15.0,5.0,12.0,11.0,23.0,19.0,10.0,10.0
장점,203.0,124.0,113.0,110.0,96.0,66.0,103.0,69.0,90.0,64.0,47.0,72.0,51.0,72.0,70.0,39.0,47.0,39.0,51.0,40.0,66.0,43.0,45.0,39.0,10.0,36.0,24.0,39.0,24.0,174.0,46.0,1.0,33.0,52.0,34.0,46.0,34.0,32.0,49.0,48.0,25.0,38.0,43.0,21.0,26.0,23.0,34.0,41.0,20.0,45.0,46.0,42.0,23.0,29.0,32.0,44.0,15.0,33.0,16.0,24.0,0.0,41.0,42.0,35.0,42.0,29.0,7.0,30.0,22.0,37.0,36.0,20.0,28.0,11.0,34.0,16.0,23.0,30.0,28.0,13.0,18.0,23.0,27.0,20.0,24.0,30.0,21.0,10.0,19.0,13.0,31.0,26.0,25.0,8.0,36.0,23.0,28.0,29.0,25.0,16.0
평가,168.0,98.0,86.0,99.0,69.0,49.0,75.0,63.0,72.0,62.0,40.0,46.0,47.0,59.0,57.0,23.0,38.0,40.0,45.0,32.0,57.0,44.0,53.0,33.0,20.0,36.0,23.0,26.0,26.0,50.0,39.0,2.0,42.0,45.0,33.0,41.0,24.0,34.0,31.0,51.0,19.0,37.0,33.0,22.0,28.0,45.0,23.0,44.0,21.0,31.0,26.0,24.0,21.0,24.0,32.0,43.0,11.0,27.0,14.0,19.0,41.0,0.0,27.0,26.0,26.0,27.0,7.0,18.0,20.0,22.0,30.0,12.0,23.0,11.0,27.0,18.0,18.0,19.0,26.0,14.0,13.0,21.0,9.0,14.0,18.0,24.0,18.0,12.0,26.0,11.0,33.0,24.0,24.0,9.0,30.0,20.0,32.0,25.0,23.0,13.0
사실,195.0,112.0,110.0,102.0,79.0,57.0,60.0,67.0,87.0,71.0,40.0,53.0,46.0,53.0,61.0,23.0,45.0,30.0,54.0,41.0,51.0,32.0,57.0,35.0,14.0,47.0,20.0,21.0,14.0,60.0,33.0,2.0,35.0,46.0,23.0,35.0,40.0,33.0,45.0,49.0,22.0,38.0,47.0,29.0,20.0,39.0,15.0,36.0,14.0,29.0,23.0,35.0,28.0,27.0,41.0,40.0,16.0,25.0,21.0,22.0,42.0,27.0,0.0,38.0,25.0,26.0,8.0,21.0,22.0,28.0,38.0,25.0,25.0,20.0,34.0,18.0,18.0,30.0,26.0,14.0,15.0,20.0,29.0,9.0,23.0,28.0,26.0,13.0,30.0,16.0,26.0,22.0,24.0,12.0,24.0,19.0,21.0,32.0,26.0,16.0
기본,165.0,104.0,93.0,93.0,69.0,71.0,86.0,64.0,65.0,67.0,48.0,59.0,49.0,48.0,57.0,25.0,59.0,26.0,54.0,47.0,55.0,42.0,51.0,37.0,11.0,51.0,15.0,32.0,27.0,49.0,31.0,0.0,48.0,51.0,32.0,49.0,41.0,38.0,44.0,51.0,20.0,39.0,46.0,28.0,18.0,28.0,33.0,41.0,14.0,30.0,35.0,29.0,23.0,37.0,37.0,34.0,4.0,36.0,21.0,20.0,35.0,26.0,38.0,0.0,33.0,29.0,5.0,17.0,22.0,33.0,29.0,18.0,32.0,10.0,28.0,20.0,19.0,26.0,16.0,11.0,20.0,18.0,22.0,20.0,26.0,27.0,33.0,15.0,28.0,13.0,31.0,19.0,22.0,11.0,27.0,21.0,29.0,25.0,28.0,12.0
방식,158.0,112.0,73.0,96.0,75.0,53.0,75.0,57.0,80.0,50.0,39.0,56.0,49.0,71.0,54.0,34.0,44.0,41.0,55.0,40.0,47.0,27.0,51.0,43.0,16.0,42.0,19.0,25.0,18.0,44.0,47.0,0.0,28.0,41.0,31.0,38.0,44.0,29.0,32.0,42.0,16.0,40.0,35.0,20.0,22.0,28.0,18.0,27.0,18.0,30.0,44.0,30.0,25.0,34.0,23.0,39.0,10.0,25.0,8.0,16.0,42.0,26.0,25.0,33.0,0.0,17.0,6.0,22.0,20.0,25.0,31.0,15.0,31.0,19.0,26.0,18.0,17.0,23.0,24.0,10.0,9.0,20.0,28.0,13.0,15.0,23.0,16.0,11.0,18.0,11.0,30.0,17.0,26.0,11.0,24.0,15.0,26.0,16.0,20.0,16.0
기대,197.0,114.0,94.0,100.0,71.0,47.0,61.0,61.0,73.0,64.0,38.0,49.0,35.0,43.0,44.0,24.0,33.0,21.0,38.0,23.0,51.0,57.0,46.0,33.0,17.0,39.0,12.0,24.0,19.0,39.0,25.0,1.0,41.0,40.0,35.0,29.0,21.0,33.0,39.0,34.0,22.0,33.0,25.0,18.0,13.0,31.0,17.0,29.0,13.0,28.0,23.0,22.0,26.0,25.0,33.0,36.0,15.0,21.0,16.0,24.0,29.0,27.0,26.0,29.0,17.0,0.0,2.0,23.0,19.0,15.0,25.0,12.0,16.0,13.0,28.0,17.0,24.0,23.0,23.0,13.0,8.0,23.0,15.0,11.0,23.0,29.0,15.0,9.0,37.0,14.0,22.0,32.0,27.0,11.0,14.0,13.0,18.0,19.0,23.0,12.0
타워,58.0,16.0,14.0,17.0,8.0,7.0,23.0,6.0,16.0,12.0,1.0,20.0,3.0,7.0,9.0,1.0,6.0,10.0,1.0,14.0,21.0,6.0,6.0,5.0,2.0,5.0,1.0,4.0,6.0,15.0,7.0,0.0,8.0,9.0,5.0,11.0,2.0,6.0,6.0,6.0,6.0,6.0,10.0,1.0,6.0,5.0,0.0,6.0,2.0,2.0,3.0,0.0,1.0,0.0,6.0,7.0,1.0,1.0,1.0,1.0,7.0,7.0,8.0,5.0,6.0,2.0,0.0,2.0,1.0,3.0,6.0,21.0,4.0,1.0,7.0,0.0,11.0,3.0,2.0,2.0,6.0,5.0,7.0,0.0,0.0,3.0,1.0,0.0,4.0,4.0,2.0,2.0,2.0,0.0,7.0,2.0,4.0,2.0,3.0,3.0
탐험,131.0,66.0,59.0,59.0,43.0,51.0,41.0,42.0,54.0,52.0,37.0,56.0,34.0,39.0,52.0,25.0,28.0,19.0,25.0,28.0,33.0,17.0,35.0,49.0,10.0,18.0,13.0,13.0,8.0,34.0,19.0,0.0,19.0,28.0,19.0,20.0,22.0,18.0,26.0,21.0,17.0,25.0,25.0,19.0,11.0,22.0,23.0,22.0,14.0,15.0,26.0,15.0,14.0,27.0,13.0,21.0,9.0,27.0,16.0,11.0,30.0,18.0,21.0,17.0,22.0,23.0,2.0,0.0,10.0,21.0,15.0,10.0,13.0,20.0,10.0,21.0,11.0,23.0,15.0,7.0,9.0,16.0,17.0,22.0,11.0,20.0,15.0,7.0,11.0,13.0,15.0,13.0,18.0,10.0,20.0,14.0,14.0,15.0,10.0,7.0
번역,116.0,67.0,65.0,60.0,54.0,28.0,34.0,36.0,51.0,33.0,24.0,35.0,30.0,37.0,39.0,19.0,21.0,17.0,26.0,14.0,31.0,33.0,21.0,22.0,7.0,20.0,13.0,58.0,17.0,27.0,11.0,2.0,20.0,27.0,21.0,20.0,17.0,21.0,12.0,36.0,12.0,18.0,21.0,19.0,12.0,22.0,6.0,20.0,10.0,21.0,15.0,24.0,15.0,17.0,12.0,18.0,8.0,11.0,13.0,18.0,22.0,20.0,22.0,22.0,20.0,19.0,1.0,10.0,0.0,17.0,33.0,6.0,10.0,6.0,16.0,12.0,10.0,12.0,21.0,12.0,3.0,10.0,8.0,9.0,13.0,14.0,6.0,7.0,12.0,11.0,10.0,16.0,13.0,5.0,12.0,9.0,14.0,27.0,24.0,11.0
불편,149.0,96.0,91.0,79.0,72.0,51.0,69.0,57.0,64.0,56.0,36.0,50.0,44.0,53.0,60.0,28.0,41.0,29.0,45.0,28.0,46.0,25.0,39.0,45.0,13.0,38.0,20.0,22.0,19.0,52.0,57.0,0.0,31.0,36.0,21.0,39.0,28.0,32.0,39.0,36.0,10.0,38.0,36.0,29.0,20.0,28.0,20.0,32.0,16.0,30.0,37.0,24.0,13.0,21.0,26.0,28.0,8.0,19.0,15.0,18.0,37.0,22.0,28.0,33.0,25.0,15.0,3.0,21.0,17.0,0.0,31.0,15.0,10.0,8.0,30.0,21.0,13.0,34.0,25.0,13.0,11.0,18.0,17.0,18.0,27.0,20.0,22.0,3.0,21.0,19.0,27.0,19.0,25.0,12.0,26.0,19.0,24.0,20.0,20.0,9.0
수준,149.0,91.0,93.0,71.0,75.0,47.0,70.0,64.0,75.0,51.0,31.0,49.0,44.0,50.0,48.0,25.0,34.0,28.0,46.0,32.0,53.0,31.0,47.0,37.0,17.0,30.0,13.0,37.0,24.0,45.0,31.0,2.0,33.0,39.0,26.0,33.0,30.0,38.0,30.0,41.0,24.0,29.0,35.0,18.0,14.0,39.0,15.0,26.0,18.0,33.0,34.0,23.0,16.0,22.0,27.0,38.0,8.0,30.0,19.0,17.0,36.0,30.0,38.0,29.0,31.0,25.0,6.0,15.0,33.0,31.0,0.0,18.0,22.0,8.0,22.0,19.0,20.0,19.0,22.0,18.0,13.0,14.0,30.0,12.0,18.0,22.0,15.0,7.0,22.0,12.0,28.0,22.0,25.0,8.0,17.0,14.0,20.0,35.0,19.0,13.0
시리즈,112.0,62.0,46.0,53.0,46.0,39.0,49.0,30.0,53.0,35.0,6.0,27.0,16.0,27.0,28.0,20.0,17.0,29.0,26.0,15.0,37.0,12.0,19.0,17.0,8.0,13.0,13.0,17.0,11.0,29.0,21.0,0.0,13.0,24.0,19.0,21.0,22.0,11.0,25.0,19.0,28.0,18.0,17.0,5.0,14.0,13.0,16.0,16.0,6.0,22.0,14.0,16.0,4.0,19.0,16.0,30.0,6.0,20.0,3.0,10.0,20.0,12.0,25.0,18.0,15.0,12.0,21.0,10.0,6.0,15.0,18.0,0.0,11.0,2.0,11.0,8.0,37.0,7.0,9.0,10.0,6.0,14.0,14.0,19.0,12.0,16.0,7.0,0.0,16.0,4.0,12.0,7.0,13.0,3.0,24.0,9.0,7.0,11.0,12.0,8.0
반복,134.0,93.0,87.0,66.0,52.0,50.0,55.0,54.0,55.0,35.0,29.0,52.0,41.0,48.0,44.0,19.0,27.0,29.0,32.0,37.0,30.0,15.0,55.0,25.0,17.0,31.0,12.0,14.0,17.0,30.0,19.0,1.0,26.0,37.0,27.0,29.0,25.0,25.0,25.0,23.0,10.0,31.0,23.0,16.0,20.0,32.0,13.0,37.0,14.0,25.0,21.0,16.0,20.0,19.0,19.0,22.0,6.0,30.0,11.0,13.0,28.0,23.0,25.0,32.0,31.0,16.0,4.0,13.0,10.0,10.0,22.0,11.0,0.0,13.0,18.0,19.0,11.0,19.0,15.0,14.0,8.0,15.0,18.0,7.0,15.0,15.0,17.0,15.0,19.0,16.0,21.0,18.0,16.0,9.0,17.0,16.0,17.0,20.0,18.0,15.0
생존,119.0,52.0,43.0,46.0,19.0,8.0,17.0,41.0,41.0,30.0,24.0,31.0,16.0,23.0,29.0,3.0,11.0,5.0,11.0,17.0,24.0,19.0,25.0,20.0,9.0,29.0,2.0,12.0,9.0,19.0,12.0,0.0,11.0,30.0,16.0,15.0,15.0,17.0,14.0,20.0,2.0,15.0,18.0,18.0,5.0,19.0,3.0,24.0,16.0,13.0,8.0,8.0,27.0,5.0,13.0,12.0,7.0,4.0,12.0,4.0,11.0,11.0,20.0,10.0,19.0,13.0,1.0,20.0,6.0,8.0,8.0,2.0,13.0,0.0,5.0,16.0,8.0,13.0,15.0,3.0,3.0,6.0,11.0,1.0,10.0,7.0,8.0,2.0,13.0,19.0,11.0,9.0,3.0,12.0,15.0,9.0,11.0,9.0,11.0,8.0
마지막,141.0,90.0,96.0,87.0,77.0,64.0,58.0,56.0,69.0,49.0,30.0,43.0,35.0,45.0,35.0,19.0,37.0,46.0,34.0,37.0,39.0,30.0,51.0,27.0,15.0,41.0,23.0,12.0,21.0,40.0,40.0,0.0,37.0,38.0,22.0,26.0,27.0,22.0,26.0,31.0,19.0,25.0,28.0,20.0,32.0,25.0,16.0,28.0,12.0,18.0,26.0,34.0,13.0,20.0,24.0,27.0,7.0,29.0,16.0,19.0,34.0,27.0,34.0,28.0,26.0,28.0,7.0,10.0,16.0,30.0,22.0,11.0,18.0,5.0,0.0,7.0,20.0,22.0,17.0,13.0,10.0,25.0,22.0,9.0,18.0,27.0,16.0,9.0,25.0,7.0,22.0,20.0,12.0,9.0,21.0,19.0,19.0,23.0,25.0,14.0
장비,100.0,67.0,62.0,57.0,34.0,45.0,40.0,35.0,30.0,38.0,47.0,41.0,50.0,35.0,40.0,5.0,31.0,18.0,31.0,31.0,22.0,31.0,33.0,34.0,12.0,27.0,13.0,13.0,13.0,33.0,15.0,0.0,37.0,39.0,32.0,34.0,17.0,29.0,31.0,28.0,5.0,34.0,19.0,31.0,11.0,29.0,14.0,33.0,20.0,22.0,12.0,12.0,33.0,21.0,14.0,22.0,2.0,21.0,20.0,16.0,16.0,18.0,18.0,20.0,18.0,17.0,0.0,21.0,12.0,21.0,19.0,8.0,19.0,16.0,7.0,0.0,10.0,23.0,19.0,10.0,13.0,14.0,9.0,15.0,15.0,21.0,17.0,10.0,20.0,16.0,14.0,10.0,14.0,10.0,21.0,12.0,17.0,16.0,16.0,9.0
작품,101.0,67.0,57.0,57.0,61.0,31.0,52.0,29.0,36.0,39.0,18.0,40.0,14.0,34.0,35.0,28.0,24.0,26.0,31.0,20.0,46.0,17.0,19.0,30.0,6.0,17.0,11.0,16.0,13.0,34.0,29.0,1.0,20.0,30.0,24.0,29.0,23.0,17.0,25.0,27.0,28.0,12.0,22.0,5.0,13.0,15.0,11.0,12.0,7.0,25.0,25.0,28.0,6.0,24.0,23.0,28.0,8.0,10.0,10.0,13.0,23.0,18.0,18.0,19.0,17.0,24.0,11.0,11.0,10.0,13.0,20.0,37.0,11.0,8.0,20.0,10.0,0.0,11.0,17.0,6.0,7.0,10.0,23.0,10.0,14.0,18.0,10.0,6.0,20.0,4.0,18.0,14.0,12.0,5.0,21.0,10.0,8.0,14.0,12.0,7.0
이동,118.0,70.0,73.0,61.0,47.0,44.0,46.0,46.0,49.0,41.0,38.0,43.0,41.0,48.0,45.0,14.0,44.0,22.0,37.0,39.0,34.0,26.0,37.0,44.0,7.0,31.0,15.0,15.0,20.0,47.0,32.0,0.0,33.0,32.0,17.0,31.0,20.0,23.0,38.0,31.0,10.0,23.0,26.0,23.0,17.0,32.0,15.0,37.0,14.0,9.0,23.0,21.0,24.0,20.0,25.0,25.0,7.0,22.0,19.0,16.0,30.0,19.0,30.0,26.0,23.0,23.0,3.0,23.0,12.0,34.0,19.0,7.0,19.0,13.0,22.0,23.0,11.0,0.0,22.0,5.0,10.0,16.0,14.0,20.0,16.0,16.0,18.0,4.0,14.0,16.0,20.0,18.0,18.0,10.0,16.0,19.0,18.0,17.0,20.0,10.0
몰입,146.0,83.0,69.0,75.0,93.0,24.0,53.0,52.0,55.0,50.0,27.0,37.0,28.0,51.0,46.0,32.0,20.0,23.0,36.0,15.0,47.0,13.0,27.0,38.0,7.0,27.0,14.0,16.0,13.0,32.0,29.0,0.0,19.0,31.0,18.0,22.0,22.0,18.0,22.0,24.0,17.0,22.0,25.0,17.0,17.0,23.0,9.0,29.0,9.0,21.0,34.0,28.0,11.0,21.0,22.0,23.0,14.0,13.0,8.0,14.0,28.0,26.0,26.0,16.0,24.0,23.0,2.0,15.0,21.0,25.0,22.0,9.0,15.0,15.0,17.0,19.0,17.0,22.0,0.0,14.0,8.0,13.0,19.0,8.0,13.0,16.0,11.0,3.0,13.0,12.0,21.0,16.0,25.0,5.0,16.0,5.0,22.0,24.0,9.0,10.0
세일,104.0,77.0,65.0,46.0,45.0,18.0,45.0,28.0,55.0,23.0,17.0,27.0,13.0,22.0,20.0,22.0,12.0,14.0,21.0,10.0,37.0,16.0,21.0,8.0,15.0,17.0,13.0,19.0,13.0,12.0,19.0,0.0,13.0,23.0,38.0,16.0,10.0,16.0,8.0,14.0,12.0,12.0,10.0,9.0,12.0,26.0,9.0,14.0,17.0,43.0,14.0,11.0,7.0,8.0,10.0,20.0,10.0,7.0,4.0,10.0,13.0,14.0,14.0,11.0,10.0,13.0,2.0,7.0,12.0,13.0,18.0,10.0,14.0,3.0,13.0,10.0,6.0,5.0,14.0,0.0,3.0,5.0,7.0,3.0,8.0,9.0,7.0,5.0,7.0,6.0,6.0,7.0,9.0,2.0,9.0,4.0,5.0,12.0,9.0,6.0
마법,65.0,39.0,30.0,33.0,17.0,34.0,26.0,15.0,28.0,23.0,29.0,30.0,21.0,22.0,27.0,8.0,30.0,11.0,18.0,21.0,11.0,13.0,13.0,23.0,6.0,17.0,6.0,8.0,13.0,22.0,9.0,0.0,19.0,18.0,8.0,26.0,13.0,19.0,19.0,14.0,8.0,18.0,18.0,7.0,4.0,14.0,13.0,17.0,11.0,9.0,5.0,9.0,8.0,11.0,13.0,12.0,0.0,17.0,10.0,8.0,18.0,13.0,15.0,20.0,9.0,8.0,6.0,9.0,3.0,11.0,13.0,6.0,8.0,3.0,10.0,13.0,7.0,10.0,8.0,3.0,0.0,12.0,3.0,9.0,7.0,7.0,17.0,11.0,11.0,2.0,9.0,10.0,7.0,3.0,11.0,8.0,11.0,9.0,8.0,2.0
공략,111.0,67.0,64.0,61.0,48.0,48.0,54.0,40.0,52.0,35.0,24.0,37.0,30.0,45.0,34.0,16.0,30.0,29.0,21.0,26.0,25.0,22.0,35.0,27.0,15.0,31.0,21.0,18.0,23.0,31.0,23.0,0.0,24.0,27.0,10.0,28.0,22.0,21.0,24.0,27.0,6.0,21.0,31.0,15.0,17.0,21.0,21.0,29.0,9.0,12.0,17.0,25.0,9.0,19.0,16.0,23.0,9.0,28.0,11.0,19.0,23.0,21.0,20.0,18.0,20.0,23.0,5.0,16.0,10.0,18.0,14.0,14.0,15.0,6.0,25.0,14.0,10.0,16.0,13.0,5.0,12.0,0.0,11.0,12.0,15.0,20.0,13.0,3.0,14.0,7.0,14.0,19.0,15.0,7.0,24.0,21.0,21.0,20.0,16.0,10.0
배경,143.0,78.0,62.0,78.0,77.0,31.0,56.0,48.0,44.0,52.0,18.0,44.0,21.0,44.0,43.0,40.0,22.0,28.0,42.0,25.0,55.0,18.0,32.0,24.0,12.0,28.0,7.0,20.0,15.0,35.0,41.0,2.0,16.0,24.0,20.0,24.0,32.0,18.0,24.0,29.0,17.0,12.0,26.0,15.0,19.0,26.0,12.0,20.0,6.0,15.0,39.0,33.0,13.0,22.0,21.0,26.0,15.0,10.0,13.0,10.0,27.0,9.0,29.0,22.0,28.0,15.0,7.0,17.0,8.0,17.0,30.0,14.0,18.0,11.0,22.0,9.0,23.0,14.0,19.0,7.0,3.0,11.0,0.0,10.0,18.0,20.0,11.0,1.0,20.0,6.0,22.0,12.0,17.0,7.0,12.0,12.0,16.0,22.0,10.0,11.0
메트로,105.0,54.0,38.0,53.0,32.0,58.0,58.0,27.0,58.0,36.0,33.0,34.0,25.0,27.0,32.0,13.0,24.0,25.0,21.0,15.0,23.0,6.0,15.0,30.0,1.0,19.0,19.0,8.0,3.0,28.0,19.0,0.0,16.0,19.0,17.0,20.0,9.0,9.0,27.0,9.0,21.0,21.0,8.0,4.0,15.0,10.0,33.0,19.0,1.0,14.0,21.0,15.0,9.0,22.0,6.0,16.0,1.0,21.0,4.0,8.0,20.0,14.0,9.0,20.0,13.0,11.0,0.0,22.0,9.0,18.0,12.0,19.0,7.0,1.0,9.0,15.0,10.0,20.0,8.0,3.0,9.0,12.0,10.0,0.0,7.0,12.0,10.0,5.0,7.0,4.0,10.0,9.0,18.0,2.0,22.0,13.0,12.0,15.0,12.0,9.0
설정,124.0,77.0,64.0,66.0,51.0,35.0,52.0,47.0,51.0,38.0,21.0,28.0,26.0,39.0,34.0,19.0,23.0,26.0,30.0,14.0,36.0,25.0,36.0,16.0,17.0,40.0,15.0,22.0,24.0,29.0,30.0,2.0,31.0,27.0,22.0,26.0,30.0,18.0,23.0,33.0,12.0,19.0,26.0,14.0,15.0,24.0,12.0,23.0,19.0,16.0,23.0,22.0,12.0,17.0,18.0,20.0,14.0,19.0,10.0,19.0,24.0,18.0,23.0,26.0,15.0,23.0,0.0,11.0,13.0,27.0,18.0,12.0,15.0,10.0,18.0,15.0,14.0,16.0,13.0,8.0,7.0,15.0,18.0,7.0,0.0,19.0,14.0,4.0,22.0,13.0,19.0,15.0,14.0,13.0,15.0,16.0,20.0,17.0,22.0,13.0
마음,154.0,93.0,78.0,88.0,72.0,49.0,58.0,63.0,63.0,52.0,29.0,36.0,34.0,45.0,46.0,25.0,39.0,28.0,38.0,25.0,43.0,31.0,36.0,33.0,11.0,31.0,24.0,22.0,22.0,38.0,30.0,2.0,32.0,33.0,26.0,28.0,35.0,25.0,38.0,34.0,17.0,18.0,24.0,23.0,21.0,22.0,20.0,28.0,10.0,19.0,36.0,24.0,17.0,16.0,24.0,41.0,11.0,17.0,15.0,17.0,30.0,24.0,28.0,27.0,23.0,29.0,3.0,20.0,14.0,20.0,22.0,16.0,15.0,7.0,27.0,21.0,18.0,16.0,16.0,9.0,7.0,20.0,20.0,12.0,19.0,0.0,17.0,6.0,19.0,6.0,24.0,22.0,19.0,5.0,19.0,12.0,20.0,24.0,18.0,9.0
체력,86.0,56.0,51.0,53.0,35.0,54.0,44.0,27.0,41.0,35.0,40.0,24.0,40.0,31.0,32.0,12.0,48.0,25.0,30.0,29.0,18.0,16.0,34.0,36.0,9.0,25.0,16.0,13.0,15.0,31.0,14.0,0.0,25.0,33.0,20.0,39.0,25.0,25.0,30.0,23.0,12.0,30.0,27.0,16.0,12.0,19.0,22.0,23.0,9.0,15.0,18.0,12.0,10.0,25.0,21.0,16.0,2.0,34.0,10.0,15.0,21.0,18.0,26.0,33.0,16.0,15.0,1.0,15.0,6.0,22.0,15.0,7.0,17.0,8.0,16.0,17.0,10.0,18.0,11.0,7.0,17.0,13.0,11.0,10.0,14.0,17.0,0.0,11.0,13.0,7.0,18.0,17.0,17.0,8.0,12.0,14.0,15.0,9.0,20.0,9.0
Roguelike,72.0,46.0,33.0,33.0,16.0,32.0,40.0,22.0,33.0,26.0,27.0,25.0,24.0,10.0,24.0,2.0,24.0,13.0,21.0,8.0,15.0,21.0,24.0,10.0,6.0,19.0,10.0,5.0,10.0,15.0,6.0,0.0,20.0,15.0,11.0,16.0,10.0,20.0,17.0,10.0,5.0,13.0,8.0,2.0,6.0,13.0,8.0,7.0,10.0,14.0,5.0,7.0,12.0,16.0,7.0,11.0,1.0,11.0,3.0,8.0,10.0,12.0,13.0,15.0,11.0,9.0,0.0,7.0,7.0,3.0,7.0,0.0,15.0,2.0,9.0,10.0,6.0,4.0,3.0,5.0,11.0,3.0,1.0,5.0,4.0,6.0,11.0,0.0,9.0,7.0,7.0,9.0,8.0,2.0,12.0,5.0,9.0,5.0,9.0,5.0
다음,130.0,77.0,79.0,73.0,50.0,44.0,46.0,54.0,49.0,49.0,27.0,34.0,38.0,42.0,42.0,15.0,30.0,26.0,32.0,41.0,30.0,32.0,49.0,23.0,21.0,42.0,8.0,17.0,15.0,25.0,31.0,2.0,24.0,29.0,20.0,27.0,28.0,26.0,31.0,25.0,16.0,28.0,27.0,21.0,15.0,27.0,10.0,39.0,12.0,21.0,16.0,23.0,16.0,23.0,26.0,23.0,6.0,18.0,18.0,12.0,19.0,26.0,30.0,28.0,18.0,37.0,4.0,11.0,12.0,21.0,22.0,16.0,19.0,13.0,25.0,20.0,20.0,14.0,13.0,7.0,11.0,14.0,20.0,7.0,22.0,19.0,13.0,9.0,0.0,12.0,23.0,18.0,13.0,12.0,15.0,17.0,22.0,20.0,25.0,9.0
노가다,100.0,50.0,59.0,41.0,25.0,22.0,27.0,34.0,34.0,29.0,18.0,36.0,25.0,30.0,32.0,5.0,11.0,24.0,19.0,14.0,17.0,18.0,22.0,21.0,9.0,25.0,9.0,12.0,8.0,15.0,7.0,1.0,20.0,34.0,16.0,14.0,10.0,14.0,14.0,23.0,5.0,22.0,12.0,21.0,18.0,27.0,1.0,21.0,9.0,22.0,6.0,5.0,25.0,6.0,11.0,13.0,2.0,6.0,13.0,8.0,13.0,11.0,16.0,13.0,11.0,14.0,4.0,13.0,11.0,19.0,12.0,4.0,16.0,19.0,7.0,16.0,4.0,16.0,12.0,6.0,2.0,7.0,6.0,4.0,13.0,6.0,7.0,7.0,12.0,0.0,10.0,10.0,8.0,11.0,11.0,5.0,9.0,11.0,8.0,11.0
상황,141.0,87.0,75.0,83.0,61.0,40.0,53.0,61.0,57.0,56.0,29.0,43.0,31.0,54.0,47.0,35.0,30.0,30.0,40.0,24.0,43.0,25.0,42.0,29.0,8.0,45.0,22.0,16.0,20.0,38.0,30.0,1.0,30.0,38.0,20.0,32.0,35.0,31.0,30.0,39.0,14.0,27.0,33.0,18.0,18.0,29.0,12.0,29.0,10.0,16.0,33.0,29.0,10.0,31.0,33.0,35.0,13.0,21.0,16.0,18.0,31.0,33.0,26.0,31.0,30.0,22.0,2.0,15.0,10.0,27.0,28.0,12.0,21.0,11.0,22.0,14.0,18.0,20.0,21.0,6.0,9.0,14.0,22.0,10.0,19.0,24.0,18.0,7.0,23.0,10.0,0.0,27.0,25.0,9.0,17.0,12.0,23.0,19.0,27.0,10.0
개발자,134.0,72.0,63.0,73.0,43.0,29.0,51.0,48.0,50.0,39.0,30.0,36.0,32.0,36.0,43.0,17.0,24.0,24.0,31.0,24.0,35.0,35.0,31.0,20.0,10.0,37.0,15.0,26.0,16.0,26.0,18.0,3.0,23.0,28.0,20.0,24.0,25.0,28.0,23.0,23.0,10.0,27.0,27.0,15.0,17.0,25.0,14.0,23.0,13.0,22.0,17.0,14.0,13.0,15.0,25.0,28.0,6.0,14.0,11.0,16.0,26.0,24.0,22.0,19.0,17.0,32.0,2.0,13.0,16.0,19.0,22.0,7.0,18.0,9.0,20.0,10.0,14.0,18.0,16.0,7.0,10.0,19.0,12.0,9.0,15.0,22.0,17.0,9.0,18.0,10.0,27.0,0.0,22.0,5.0,13.0,10.0,15.0,14.0,14.0,16.0
디자인,125.0,79.0,61.0,64.0,63.0,50.0,60.0,38.0,51.0,51.0,30.0,41.0,32.0,43.0,46.0,40.0,28.0,23.0,38.0,29.0,43.0,19.0,31.0,31.0,8.0,27.0,17.0,17.0,16.0,37.0,28.0,0.0,21.0,29.0,17.0,31.0,23.0,28.0,25.0,34.0,14.0,63.0,25.0,8.0,13.0,19.0,18.0,19.0,12.0,14.0,32.0,20.0,12.0,33.0,21.0,24.0,11.0,27.0,10.0,15.0,25.0,24.0,24.0,22.0,26.0,27.0,2.0,18.0,13.0,25.0,25.0,13.0,16.0,3.0,12.0,14.0,12.0,18.0,25.0,9.0,7.0,15.0,17.0,18.0,14.0,19.0,17.0,8.0,13.0,8.0,25.0,22.0,0.0,6.0,22.0,14.0,22.0,19.0,10.0,10.0
나무,47.0,30.0,29.0,25.0,17.0,13.0,13.0,21.0,24.0,9.0,18.0,17.0,16.0,17.0,17.0,3.0,18.0,9.0,12.0,9.0,10.0,16.0,15.0,12.0,7.0,26.0,3.0,7.0,7.0,13.0,9.0,0.0,18.0,21.0,6.0,12.0,12.0,12.0,13.0,14.0,2.0,14.0,10.0,13.0,8.0,14.0,3.0,16.0,3.0,7.0,9.0,9.0,17.0,3.0,9.0,9.0,2.0,8.0,13.0,5.0,8.0,9.0,12.0,11.0,11.0,11.0,0.0,10.0,5.0,12.0,8.0,3.0,9.0,12.0,9.0,10.0,5.0,10.0,5.0,2.0,3.0,7.0,7.0,2.0,13.0,5.0,8.0,2.0,12.0,11.0,9.0,5.0,6.0,0.0,8.0,6.0,5.0,5.0,8.0,3.0
장르,135.0,77.0,71.0,74.0,57.0,44.0,56.0,45.0,52.0,54.0,34.0,59.0,34.0,47.0,44.0,22.0,25.0,22.0,30.0,23.0,44.0,22.0,34.0,20.0,7.0,32.0,18.0,16.0,19.0,44.0,27.0,1.0,24.0,32.0,20.0,32.0,26.0,26.0,28.0,30.0,11.0,29.0,37.0,19.0,12.0,26.0,26.0,33.0,14.0,28.0,30.0,17.0,18.0,26.0,27.0,26.0,5.0,18.0,9.0,12.0,36.0,30.0,24.0,27.0,24.0,14.0,7.0,20.0,12.0,26.0,17.0,24.0,17.0,15.0,21.0,21.0,21.0,16.0,16.0,9.0,11.0,24.0,12.0,22.0,15.0,19.0,12.0,12.0,15.0,11.0,17.0,13.0,22.0,8.0,0.0,16.0,21.0,28.0,14.0,6.0
점프,80.0,50.0,48.0,45.0,32.0,46.0,43.0,31.0,41.0,32.0,24.0,27.0,32.0,29.0,33.0,13.0,34.0,19.0,24.0,23.0,27.0,16.0,26.0,24.0,11.0,25.0,16.0,12.0,13.0,30.0,35.0,0.0,24.0,21.0,15.0,24.0,21.0,20.0,24.0,23.0,6.0,19.0,24.0,14.0,14.0,23.0,19.0,24.0,9.0,18.0,21.0,18.0,6.0,14.0,14.0,19.0,4.0,22.0,12.0,11.0,23.0,20.0,19.0,21.0,15.0,13.0,2.0,14.0,9.0,19.0,14.0,9.0,16.0,9.0,19.0,12.0,10.0,19.0,5.0,4.0,8.0,21.0,12.0,13.0,16.0,12.0,14.0,5.0,17.0,5.0,12.0,10.0,14.0,6.0,16.0,0.0,14.0,14.0,16.0,11.0
설명,129.0,78.0,66.0,76.0,58.0,45.0,49.0,49.0,51.0,50.0,33.0,38.0,44.0,53.0,40.0,26.0,28.0,24.0,30.0,29.0,29.0,22.0,47.0,24.0,13.0,36.0,18.0,21.0,19.0,38.0,34.0,1.0,33.0,36.0,21.0,27.0,31.0,40.0,24.0,28.0,11.0,25.0,27.0,14.0,16.0,21.0,20.0,31.0,14.0,15.0,24.0,18.0,11.0,29.0,18.0,24.0,10.0,21.0,11.0,23.0,28.0,32.0,21.0,29.0,26.0,18.0,4.0,14.0,14.0,24.0,20.0,7.0,17.0,11.0,19.0,17.0,8.0,18.0,22.0,5.0,11.0,21.0,16.0,12.0,20.0,20.0,15.0,9.0,22.0,9.0,23.0,15.0,22.0,5.0,21.0,14.0,0.0,23.0,20.0,5.0
이해,141.0,80.0,76.0,82.0,92.0,51.0,57.0,60.0,64.0,48.0,28.0,40.0,28.0,47.0,40.0,44.0,30.0,27.0,26.0,27.0,39.0,22.0,40.0,29.0,14.0,34.0,24.0,23.0,10.0,38.0,24.0,2.0,18.0,28.0,16.0,24.0,24.0,24.0,20.0,30.0,19.0,19.0,27.0,18.0,17.0,27.0,18.0,31.0,13.0,30.0,22.0,35.0,11.0,29.0,19.0,33.0,10.0,23.0,10.0,19.0,29.0,25.0,32.0,25.0,16.0,19.0,2.0,15.0,27.0,20.0,35.0,11.0,20.0,9.0,23.0,16.0,14.0,17.0,24.0,12.0,9.0,20.0,22.0,15.0,17.0,24.0,9.0,5.0,20.0,11.0,19.0,14.0,19.0,5.0,28.0,14.0,23.0,0.0,15.0,12.0
상태,104.0,67.0,64.0,71.0,41.0,32.0,41.0,45.0,50.0,48.0,40.0,32.0,41.0,38.0,34.0,11.0,38.0,21.0,35.0,23.0,26.0,25.0,35.0,28.0,15.0,38.0,11.0,21.0,20.0,31.0,20.0,0.0,30.0,33.0,27.0,32.0,17.0,25.0,27.0,36.0,8.0,24.0,21.0,15.0,12.0,32.0,13.0,33.0,13.0,13.0,14.0,19.0,18.0,15.0,22.0,27.0,5.0,18.0,17.0,10.0,25.0,23.0,26.0,28.0,20.0,23.0,3.0,10.0,24.0,20.0,19.0,12.0,18.0,11.0,25.0,16.0,12.0,20.0,9.0,9.0,8.0,16.0,10.0,12.0,22.0,18.0,20.0,9.0,25.0,8.0,27.0,14.0,10.0,8.0,14.0,16.0,20.0,15.0,0.0,10.0
할인,109.0,62.0,68.0,52.0,48.0,27.0,36.0,34.0,53.0,37.0,17.0,25.0,19.0,28.0,29.0,23.0,17.0,23.0,15.0,11.0,27.0,18.0,27.0,17.0,4.0,23.0,13.0,23.0,11.0,23.0,18.0,0.0,24.0,22.0,45.0,9.0,8.0,14.0,14.0,18.0,7.0,12.0,7.0,16.0,17.0,17.0,8.0,17.0,10.0,41.0,16.0,11.0,12.0,10.0,10.0,18.0,14.0,12.0,4.0,10.0,16.0,13.0,16.0,12.0,16.0,12.0,3.0,7.0,11.0,9.0,13.0,8.0,15.0,8.0,14.0,9.0,7.0,10.0,10.0,6.0,2.0,10.0,11.0,9.0,13.0,9.0,9.0,5.0,9.0,11.0,10.0,16.0,10.0,3.0,6.0,11.0,5.0,12.0,10.0,0.0
